FID,ID,SITE_NAME,DATE,,Ammonia,,Bromide-ion,,Calcium dissolved,,Carbon organic dissolved,,Carbon organic particulate ,,Chloride-ion,,Magnesium dissolved,,Nitrate,,Nitrite,,Nitrogen particulate,,Phosphorus soluble reactive,,Phosphorus total,,Phosphorus total dissolved,,Potassium dissolved,,Silicate reactive dissolved,,Sodium dissolved,,Sulphate
29033,S1,Swale at Catterick Bridge,07/09/1993 10:15,,,<,0.05,,62,,2.2,,0.488,,17.5,,7.8,,0.677419,,,,0.059,,,,0.174,,0.164,,1.7,,1.82,,11.1,,23
29033,S1,Swale at Catterick Bridge,14/09/1993 08:45,,,<,0.05,,21.1,,8.6,,2.731,,8.5,,2,,0.541936,,,,0.087,,,,0.102,,0.047,,0.8,,2.57,,5.6,,10
29033,S1,Swale at Catterick Bridge,21/09/1993 11:10,,,<,0.05,,45.8,,4.04,,0.492,,13,,4.6,,1.03871,,,,0.035,,,,0.078,,0.065,,1.4,,4.44,,7.8,,17
29033,S1,Swale at Catterick Bridge,28/09/1993 11:00,,,<,0.05,,58.1,,2.35,,0.316,,15,,6.5,,1.4,,,,0.037,,,,0.097,,0.092,,1.5,,4.63,,9.1,,20
29033,S1,Swale at Catterick Bridge,05/10/1993 10:38,,,<,0.05,,40,,7.5,,0.686,,13,,4.2,,0.858065,,,,0.03,,,,0.071,,0.062,,1.4,,3.88,,7.7,,15.5
29033,S1,Swale at Catterick Bridge,11/10/1993 08:40,,,<,0.05,,48.8,,4.81,,0.551,,14.5,,5.1,,1.53548,,,,0.027,,,,0.05,,0.043,,1.3,,4.35,,8.3,,18
29033,S1,Swale at Catterick Bridge,18/10/1993 09:20,,,<,0.05,,57.8,,2.8,,0.381,,16.5,,6.3,,1.35484,,,,0.021,,,,0.052,,0.047,,1.5,,4.88,,9.1,,21
29033,S1,Swale at Catterick Bridge,25/10/1993 09:40,,,<,0.05,,58.4,,2.64,,0.264,,16.5,,6.6,,1.49032,,,,0.016,,,,0.06,,0.056,,1.4,,4.63,,9.1,,22
29033,S1,Swale at Catterick Bridge,01/11/1993 12:40,,,<,0.05,,60.5,,2.27,,0.226,,16.5,,7.1,,1.89677,,,,0.012,,,,0.108,,0.105,,1.9,,4.49,,9.7,,24
29033,S1,Swale at Catterick Bridge,08/11/1993 10:18,,,<,0.05,,62.5,,1.76,,0.228,,16.5,,7.4,,1.85161,,,,0.008,,,,0.083,,0.078,,1.7,,4.48,,9.7,,23
29033,S1,Swale at Catterick Bridge,15/11/1993 10:41,,,<,0.05,,34.4,,8.15,,0.984,,13,,3.8,,1.12903,,,,0.091,,,,0.068,,0.051,,1.3,,7.31,,7.4,,16
29033,S1,Swale at Catterick Bridge,22/11/1993 10:15,,,<,0.05,,60.8,,2.33,,0.238,,34,,7,,1.80645,,,,0.022,,,,0.082,,0.076,,1.8,,4.56,,19,,24
29033,S1,Swale at Catterick Bridge,29/11/1993 10:55,,,<,0.05,,47,,5.15,,0.452,,19,,5.6,,1.35484,,,,0.035,,,,0.086,,0.078,,1.6,,4.34,,10.3,,20
29033,S1,Swale at Catterick Bridge,06/12/1993 10:58,,,<,0.05,,35.5,,4.44,,0.374,,14,,3.7,,0.632258,,,,0.034,,,,0.054,,0.048,,1.2,,3.69,,8.1,,15
29033,S1,Swale at Catterick Bridge,13/12/1993 10:43,,,,0.05,,72.9,,2.89,,1.32,,40,,11.6,,5.41935,,,,0.112,,,,0.115,,0.083,,4.4,,4.86,,19.2,,48
29033,S1,Swale at Catterick Bridge,20/12/1993 10:46,,,<,0.05,,29.9,,3.86,,0.918,,13,,2.9,,0.993548,,,,0.059,,,,0.045,,0.03,,0.8,,2.83,,7.1,,11.5
29033,S1,Swale at Catterick Bridge,04/01/1994 11:25,,,<,0.05,,30.6,,5.44,,1.189,,16.5,,3.2,,1.26452,,,,0.083,,,,0.063,,0.043,,1.4,,3.17,,9.3,,12.5
29033,S1,Swale at Catterick Bridge,10/01/1994 10:39,,,<,0.05,,16.5,,5.43,,3.639,,9.5,,1.8,,0.587097,,,,0.166,,,,0.097,,0.033,,0.8,,2.15,,5.9,,8
29033,S1,Swale at Catterick Bridge,17/01/1994 11:19,,,<,0.05,,51.2,,2.12,,0.389,,18,,5.4,,1.71613,,,,0.029,,,,0.051,,0.047,,1.3,,4.11,,9.9,,17.5
29033,S1,Swale at Catterick Bridge,24/01/1994 11:10,,,<,0.05,,34.8,,3.85,,0.671,,14,,3.7,,0.858065,,,,0.023,,,,0.054,,0.044,,1.1,,3.15,,8,,12.5
29033,S1,Swale at Catterick Bridge,31/01/1994 10:49,,,<,0.05,,40,,2.78,,0.616,,16,,4,,1.44516,,,,0.033,,,,0.043,,0.04,,1.1,,3.49,,8.5,,13.5
29033,S1,Swale at Catterick Bridge,07/02/1994 11:45,,,<,0.05,,37.1,,3.21,,0.782,,15.5,,3.9,,1.08387,,,,0.044,,,,0.052,,0.041,,1.2,,3.93,,8.9,,14
29033,S1,Swale at Catterick Bridge,14/02/1994 10:50,,,<,0.05,,54.9,,1.72,,0.464,,18,,6.2,,2.2129,,,,0.027,,,,0.061,,0.058,,1.5,,4.33,,9.6,,19.5
29033,S1,Swale at Catterick Bridge,21/02/1994 11:25,,,<,0.1,,63,,1.24,,1.006,,32,,7.8,,2.48387,,,,0.107,,,,0.088,,0.075,,2.2,,4.32,,18,,25
29033,S1,Swale at Catterick Bridge,28/02/1994 11:35,,,<,0.1,,18.6,,4.13,,2.352,,17,,2.2,,2.03226,,,,0.146,,,,0.116,,0.034,,1.6,,2.16,,8,,13
29033,S1,Swale at Catterick Bridge,08/03/1994 10:50,,,<,0.1,,35,,3.25,,0.711,,17,,3.6,,1.69355,,,,0.048,,,,0.053,,0.041,,1,,2.83,,7.8,,16
29033,S1,Swale at Catterick Bridge,14/03/1994 10:45,,,<,0.1,,33,,3.72,,1.065,,13,,3.6,,1.12903,,,,0.046,,,,0.052,,0.038,,1,,2.64,,7.8,,12
29033,S1,Swale at Catterick Bridge,22/03/1994 11:30,,,<,0.1,,45,,2.4,,0.206,,16,,7.6,,1.58065,,,,0.014,,,,0.07,,0.063,,1.4,,3.26,,9,,17
29033,S1,Swale at Catterick Bridge,29/03/1994 09:47,,,<,0.1,,37.5,,3,,0.331,,15,,4.2,,1.46774,,,,0.017,,,,0.049,,0.037,,1.2,,3.06,,8,,15
29033,S1,Swale at Catterick Bridge,05/04/1994 09:00,,,<,0.1,,31,,3.44,,0.971,,13,,3.4,,1.35484,,,,0.054,,,,0.034,,0.025,,1,,2.9,,7.6,,12
29033,S1,Swale at Catterick Bridge,12/04/1994 08:57,,,<,0.1,,48,,2.82,,0.417,,18,,4.8,,1.35484,,,,0.032,,,,0.094,,0.08,,1.4,,2.93,,11.4,,16
29033,S1,Swale at Catterick Bridge,19/04/1994 09:40,,,<,0.1,,80,,1.81,,0.248,,18,,9.2,,1.91935,,,,0.031,,,,0.076,,0.068,,1.6,,3.06,,13.8,,21
29033,S1,Swale at Catterick Bridge,26/04/1994 08:42,,,<,0.1,,45,,3.51,,,,14,,4.8,,1.12903,,,,,,,,0.058,,0.049,,1.2,,2.97,,8.8,,15
29033,S1,Swale at Catterick Bridge,03/05/1994 09:15,,,<,0.1,,65,,2.23,,0.312,,18,,7.2,,1.80645,,,,0.039,,,,0.087,,0.084,,1.4,,2.48,,10.6,,21
29033,S1,Swale at Catterick Bridge,10/05/1994 08:25,,,<,0.1,,69,,2.95,,0.559,,18,,8.2,,1.69355,,,,0.053,,,,0.093,,0.083,,1.6,,2.1,,11.6,,22
29033,S1,Swale at Catterick Bridge,17/05/1994 09:45,,,<,0.1,,60,,4.51,,0.58,,16,,7.2,,1.46774,,,,0.059,,,,0.239,,0.225,,1.8,,2.41,,11,,21
29033,S1,Swale at Catterick Bridge,24/05/1994 09:30,,,<,0.1,,38,,5.26,,0.69,,13.5,,4.8,,1.46774,,,,0.067,,,,0.089,,0.072,,1.2,,3.03,,8,,17
29033,S1,Swale at Catterick Bridge,01/06/1994 09:15,,,<,0.1,,60,,2.08,,0.353,,17,,7.6,,1.80645,,,,0.048,,,,0.109,,0.099,,1.8,,1.87,,9.8,,23
29033,S1,Swale at Catterick Bridge,08/06/1994 08:20,,,<,0.1,,50,,4.49,,0.599,,15,,6.2,,1.58065,,,,0.065,,,,0.1,,0.086,,1.6,,2.73,,8.6,,19
29033,S1,Swale at Catterick Bridge,14/06/1994 10:55,,,<,0.1,,63,,2.41,,0.649,,17,,8,,2.14516,,,,0.152,,,,0.204,,0.181,,2,,2.72,,10.6,,23
29033,S1,Swale at Catterick Bridge,21/06/1994 08:46,,,<,0.1,,53,,3.05,,0.71,,14,,6.6,,1.46774,,,,0.097,,,,0.163,,0.141,,1.6,,3.62,,9,,19
29033,S1,Swale at Catterick Bridge,27/06/1994 08:20,,,<,0.1,,45,,4,,0.798,,14,,5.8,,1.58065,,,,0.077,,124,,0.092,,0.075,,1.6,,3.18,,8.6,,19
29033,S1,Swale at Catterick Bridge,05/07/1994 09:00,,,<,0.1,,63,,2.39,,0.667,,17,,7.8,,2.03226,,,,0.089,,145,,0.201,,0.176,,2,,4.17,,11.4,,23
29033,S1,Swale at Catterick Bridge,12/07/1994 10:25,,,<,0.1,,60,,2.34,,0.599,,18,,8,,1.58065,,,,0.066,,126,,0.179,,0.161,,2.2,,3.6,,10.8,,23
29033,S1,Swale at Catterick Bridge,19/07/1994 09:10,,,<,0.1,,60,,1.71,,0.386,,19,,8.4,,1.46774,,,,0.052,,156,,0.172,,0.156,,2,,1.48,,11.4,,24
29033,S1,Swale at Catterick Bridge,25/07/1994 09:20,,,<,0.1,,63,,2.19,,1.311,,20,,8,,2.03226,,,,0.166,,210,,0.294,,0.263,,3,,1.74,,14,,25
29033,S1,Swale at Catterick Bridge,02/08/1994 09:06,,,<,0.1,,63,,2.04,,0.681,,20,,7.6,,1.80645,,,,0.04,,169,,0.227,,0.203,,2.8,,1.69,,12.2,,26
29033,S1,Swale at Catterick Bridge,08/08/1994 09:20,,,<,0.1,,58,,4.64,,0.803,,14,,7.6,,1.12903,,,,0.11,,118,,0.242,,0.204,,1.8,,1.54,,10.6,,20
29033,S1,Swale at Catterick Bridge,17/08/1994 09:25,,,<,0.1,,63,,2.82,,0.412,,16,,8.6,,1.46774,,,,0.042,,210,,0.234,,0.223,,2.2,,0.85,,11.6,,23
29033,S1,Swale at Catterick Bridge,23/08/1994 09:05,,,<,0.1,,53,,3.29,,,,16,,7.4,,1.69355,,,,,,206,,0.242,,0.217,,2,,0.93,,10.2,,23
29033,S1,Swale at Catterick Bridge,30/08/1994 10:40,,,<,0.1,,40,,4.98,,0.496,,12,,5.2,,0.903226,,,,0.037,,108,,0.126,,0.112,,1.4,,2.67,,8.2,,19
29033,S1,Swale at Catterick Bridge,06/09/1994 08:09,,,<,0.1,,38,,4.36,,0.42,,11,,4.8,,0.677419,,,,0.033,,87,,0.148,,0.139,,1.2,,2.59,,7.8,,17
29033,S1,Swale at Catterick Bridge,13/09/1994 09:15,,,<,0.1,,15,,11.57,,2.599,,7,,1.8,,0.451613,,,,0.143,,23,,0.115,,0.063,,0.8,,2.36,,5.2,,10
29033,S1,Swale at Catterick Bridge,20/09/1994 10:15,,,<,0.1,,48,,3.76,,0.437,,14,,5.2,,0.903226,,,,0.033,,125,,0.36,,0.335,,1.4,,4.11,,9.4,,18
29033,S1,Swale at Catterick Bridge,27/09/1994 12:30,,,<,0.1,,30.5,,7.34,,0.678,,11,,3.8,,0.790323,,,,0.053,,55,,0.098,,0.081,,1.2,,3.72,,7.2,,14
29033,S1,Swale at Catterick Bridge,04/10/1994 11:55,,,<,0.1,,22.5,,11.01,,0.91,,10,,3,,0.677419,,,,0.075,,34,,0.096,,0.079,,1,,3.29,,6.2,,12
29033,S1,Swale at Catterick Bridge,11/10/1994 10:40,,,<,0.1,,45,,3.74,,0.146,,13,,5.8,,1.01613,,,,0.019,,97,,0.125,,0.115,,1.6,,3.42,,8.4,,16
29033,S1,Swale at Catterick Bridge,18/10/1994 09:45,,,<,0.1,,55,,3.8,,0.353,,14,,6.4,,1.01613,,,,0.094,,133,,0.36,,0.317,,1.6,,2.26,,8.4,,20
29033,S1,Swale at Catterick Bridge,25/10/1994 10:45,,,<,0.1,,34.5,,6.31,,0.927,,13,,4.2,,1.12903,,,,0.064,,51,,0.097,,0.077,,1.6,,8.4,,8,,16
29033,S1,Swale at Catterick Bridge,01/11/1994 11:40,,,<,0.1,,22,,8.26,,0.582,,9,,2.6,,0.451613,,,,0.05,,27,,0.071,,0.063,,0.8,,3.05,,5.8,,10
29033,S1,Swale at Catterick Bridge,08/11/1994 10:35,,,<,0.1,,48,,4.89,,0.867,,17,,4.8,,1.69355,,,,0.101,,74,,0.178,,0.15,,1.6,,4.59,,8.2,,20
29033,S1,Swale at Catterick Bridge,14/11/1994 03:27,,,<,0.1,,14,,10.25,,4.021,,7,,1.4,,0.564516,,,,0.29,,47,,0.104,,0.042,,0.8,,2.44,,4.6,,9
29033,S1,Swale at Catterick Bridge,22/11/1994 10:05,,,<,0.1,,39,,4.74,,0.679,,13,,4.2,,1.58065,,,,0.052,,38,,0.075,,0.065,,1.4,,4.27,,7.6,,16
29033,S1,Swale at Catterick Bridge,29/11/1994 12:15,,,<,0.1,,58,,4.69,,0.332,,14,,5.6,,1.69355,,,,0.036,,69,,0.106,,0.094,,1.4,,4.97,,8.4,,19
29033,S1,Swale at Catterick Bridge,06/12/1994 11:45,,,<,0.1,,20.5,,8.02,,1.312,,10,,2.6,,1.24194,,,,0.11,,35,,0.137,,0.109,,1.2,,3.22,,5.4,,12
29033,S1,Swale at Catterick Bridge,13/12/1994 10:45,,,<,0.1,,29.5,,3.76,,1.105,,12,,3.2,,1.35484,,,,0.082,,42,,0.103,,0.086,,1.2,,3.46,,6.6,,13
29033,S1,Swale at Catterick Bridge,20/12/1994 12:25,,,<,0.1,,35,,4.81,,0.629,,15,,3.6,,1.80645,,,,0.05,,39,,0.07,,0.062,,1.6,,3.97,,8,,15
29033,S1,Swale at Catterick Bridge,04/01/1995 11:10,,,<,0.1,,50,,3.31,,0.237,,19,,5.4,,2.37097,,,,0.017,,640,,1.303,,1.269,,2,,5.01,,10,,20
29033,S1,Swale at Catterick Bridge,10/01/1995 12:52,,,<,0.1,,29,,3.13,,0.661,,14,,3.2,,1.58065,,,,0.056,,45,,0.073,,0.057,,1.2,,3.48,,9.4,,13
29033,S1,Swale at Catterick Bridge,17/01/1995 11:00,,,<,0.1,,32,,3.42,,0.595,,14,,3.8,,1.24194,,,,0.047,,28,,0.128,,0.112,,1.2,,3.85,,8,,13
29033,S1,Swale at Catterick Bridge,24/01/1995 10:45,,,<,0.1,,25,,3.66,,1.099,,17,,2.8,,1.24194,,,,0.088,,23,,0.204,,0.18,,1,,2.87,,8.2,,11
29033,S1,Swale at Catterick Bridge,31/01/1995 13:25,,,<,0.1,,11,,4.3,,67.14,,8,,1,,0.564516,,,,2.665,,16,,0.988,,0.03,,1.2,,1.51,,5,,5
29033,S1,Swale at Catterick Bridge,07/02/1995 10:30,,,<,0.1,,43,,,,,,14,,4.6,,1.80645,,,,,,31,,,,,,1.2,,,,8,,16
29033,S1,Swale at Catterick Bridge,14/02/1995 11:10,,,<,0.1,,27,,4.14,,1.069,,12,,2.8,,1.12903,,,,0.067,,28,,0.076,,0.048,,1.4,,3.26,,6.6,,12
29033,S1,Swale at Catterick Bridge,21/02/1995 10:15,,,<,0.1,,22,,4.55,,0.866,,12,,2.4,,0.903226,,,,0.118,,21,,0.192,,0.157,,1,,2.58,,6,,9
29033,S1,Swale at Catterick Bridge,22/02/1995 17:10,,,<,0.1,,13,,,,27.221,,10,,1.2,,16.4839,,,,1.119,,26,,,,,,1.2,,,,5,,5
29033,S1,Swale at Catterick Bridge,27/02/1995 10:37,,,<,0.1,,45,,1.77,,0.287,,17,,4.2,,2.25806,,,<,0.015,,27,,0.049,,0.041,,1.4,,4.04,,8.4,,19
29033,S1,Swale at Catterick Bridge,07/03/1995 10:45,,,<,0.1,,39,,2.58,,0.409,,24,,4.6,,1.58065,,,,0.018,,34,,0.046,,0.035,,1.6,,4.62,,13,,16
29033,S1,Swale at Catterick Bridge,14/03/1995 10:45,,,<,0.1,,36,,3.89,,0.411,,14,,3.8,,1.46774,,,,0.083,,35,,0.115,,0.1,,1,,3.75,,7.6,,14
29033,S1,Swale at Catterick Bridge,22/03/1995 11:10,,,<,0.1,,42,,2.33,,0.376,,16,,4.8,,1.58065,,0.004,,0.03,,35,,0.115,,0.097,,1.2,,3.12,,8.8,,16
29033,S1,Swale at Catterick Bridge,28/03/1995 09:40,,,<,0.1,,32,,3.35,,0.472,,16,,3.6,,1.12903,,0.004,,0.056,,40,,0.045,,0.038,,1,,2.94,,8.8,,12
29033,S1,Swale at Catterick Bridge,04/04/1995 11:12,,,<,0.1,,52,,2.6,,0.226,,17,,5.8,,1.69355,,0.006,,0.042,,54,,0.074,,0.064,,1.4,,2.78,,10,,18
29033,S1,Swale at Catterick Bridge,11/04/1995 09:50,,0.062,<,0.1,,56,,1.68,,0.791,,18,,6.8,,1.69355,,0.011,,0.112,,61,,0.125,,0.115,,2.6,,2.16,,9.4,,21
29033,S1,Swale at Catterick Bridge,19/04/1995 09:30,,0.028,<,0.1,,52,,1.5,,0.473,,18,,6.6,,1.69355,,0.01,,0.053,,39,,0.059,,0.05,,1.2,,1,,9.4,,22
29033,S1,Swale at Catterick Bridge,25/04/1995 09:45,,0.033,<,0.1,,38,,5.25,,0.879,,14,,4,,1.35484,,0.011,,0.066,,45,,0.066,,0.049,,1,,2.18,,8,,16
29033,S1,Swale at Catterick Bridge,02/05/1995 10:58,<,0.02,<,0.1,,59,,2.39,,0.506,,19,,7,,1.80645,,0.021,,0.064,,111,,0.134,,0.119,,2,,0.38,,10,,23
29033,S1,Swale at Catterick Bridge,10/05/1995 10:45,<,0.02,<,0.1,,61,,1.71,,0.623,,17,,8,,1.58065,,0.029,,0.096,,105,,0.129,,0.113,,2,,1.17,,10,,22
29033,S1,Swale at Catterick Bridge,16/05/1995 10:00,<,0.02,<,0.1,,60,,1.77,,0.642,,17,,8,,1.80645,,0.025,,0.089,,88,,0.104,,0.093,,2,,1.35,,10,,24
29033,S1,Swale at Catterick Bridge,23/05/1995 09:37,,0.02,<,0.1,,57,,2.68,,0.224,,16,,7,,1.58065,,0.04,,0.073,,121,,0.136,,0.125,,2,,1.67,,10,,21
29033,S1,Swale at Catterick Bridge,31/05/1995 09:46,,0.055,<,0.1,,44,,4.06,,0.759,,15,,6,,1.35484,,0.022,,0.121,,97,,0.114,,0.101,,1,,2.32,,9,,18
29033,S1,Swale at Catterick Bridge,06/06/1995 09:15,,0.053,<,0.1,,55,,2.42,,0.252,,16,,7,,1.58065,,0.04,,0.03,,100,,0.187,,0.176,,2,,2.34,,10,,21
29033,S1,Swale at Catterick Bridge,13/06/1995 09:35,,0.048,<,0.1,,56,,1.91,,0.527,,17,,7,,1.80645,,0.035,,0.085,,110,,1.348,,1.328,,1,,3.24,,10,,23
29033,S1,Swale at Catterick Bridge,20/06/1995 10:27,,0.042,<,0.1,,61,,1.98,,0.716,,19,,8,,2.03226,,0.055,,0.068,,150,,0.2,,0.188,,2,,2.68,,11,,25
29033,S1,Swale at Catterick Bridge,27/06/1995 10:22,,0.057,<,0.1,,60,,2.31,,0.585,,18,,8,,2.03226,,0.054,,0.079,,171,,0.28,,0.258,,2,,3.24,,11,,24
29033,S1,Swale at Catterick Bridge,04/07/1995 08:55,,0.047,<,0.1,,62,,2.07,,0.426,,20,,9,,2.03226,,0.063,,0.074,,187,,0.949,,0.787,,2,,3.68,,12,,25
29033,S1,Swale at Catterick Bridge,11/07/1995 09:55,,0.047,<,0.1,,55,,2.66,,1.123,,18,,8,,1.80645,,0.045,,,,169,,0.219,,0.186,,2,,1.4,,12,,24
29033,S1,Swale at Catterick Bridge,18/07/1995 09:20,,0.037,<,0.1,,58,,2.18,,0.408,,19,,8,,1.58065,,0.047,,0.083,,186,,0.253,,0.219,,2,,2.29,,12,,25
29033,S1,Swale at Catterick Bridge,25/07/1995 10:00,<,0.02,<,0.1,,55,,2.49,,0.476,,19,,8,,1.58065,,0.033,,0.065,,194,,0.223,,0.216,,2,,1.32,,12,,25
29033,S1,Swale at Catterick Bridge,01/08/1995 09:54,<,0.02,<,0.1,,61,,2.09,,0.624,,19,,8,,1.35484,,0.041,,0.108,,183,,0.282,,0.252,,2,,0.65,,12,,25
29033,S1,Swale at Catterick Bridge,08/08/1995 08:25,<,0.02,<,0.1,,59,,2.33,,0.439,,21,,9,,2.03226,,0.04,,0.082,,309,,0.899,,0.887,,2,,0.36,,14,,27
29033,S1,Swale at Catterick Bridge,15/08/1995 09:35,<,0.02,<,0.1,,55,,,,0.431,,20,,9,,1.58065,,0.028,,0.063,,330,,0.361,,0.336,,2,,0.23,,13,,26
29033,S1,Swale at Catterick Bridge,22/08/1995 08:40,<,0.02,<,0.1,,57,,1.81,,0.679,,22,,9,,1.80645,,0.032,,0.094,,421,,0.734,,0.699,,3,,0.46,,15,,29
29033,S1,Swale at Catterick Bridge,30/08/1995 10:00,<,0.02,<,0.1,,64,,2.24,,0.282,,20,,9,,1.80645,,0.066,,0.058,,348,,0.376,,0.368,,2,,2.36,,14,,27
29033,S1,Swale at Catterick Bridge,05/09/1995 09:35,<,0.02,<,0.1,,60,,2.06,,0.87,,20,,9,,1.80645,,0.04,,0.138,,316,,0.416,,0.372,,2,,2.32,,13,,27
29033,S1,Swale at Catterick Bridge,08/09/1995 13:10,,,<,0.1,,53,,2.92,,0.623,,25,,7,,2.25806,,0.037,,0.092,,326,,0.397,,0.363,,4,,6.78,,16,,28
29033,S1,Swale at Catterick Bridge,12/09/1995 08:40,,0.032,<,0.1,,46,,3.77,,0.75,,15,,6,,1.35484,,0.017,,0.123,,64,,0.345,,0.31,,2,,7.92,,9,,27
29033,S1,Swale at Catterick Bridge,19/09/1995 09:15,,0.056,<,0.1,,55,,2.38,,0.63,,19,,8,,1.80645,,0.028,,0.101,,232,,0.254,,0.245,,2,,1.59,,12,,28
29033,S1,Swale at Catterick Bridge,26/09/1995 09:20,<,0.02,<,0.1,,31,,6.68,,1.786,,11,,4,,0.677419,,0.01,,0.235,,77,,0.167,,0.106,,1,,2.25,,7,,23
29033,S1,Swale at Catterick Bridge,03/10/1995 10:09,<,0.02,<,0.1,,40,,2.72,,0.555,,12,,5,,0.225806,,0.008,,0.069,,105,,0.306,,0.289,,1,,1.65,,9,,24
29033,S1,Swale at Catterick Bridge,10/10/1995 10:20,<,0.02,<,0.1,,29,,5.53,,0.497,,11,,4,,0.451613,,0.019,,0.047,,87,,0.125,,0.111,,1,,3.39,,8,,22
29033,S1,Swale at Catterick Bridge,17/10/1995 09:05,,0.054,<,0.1,,45,,4.08,,0.524,,14,,6,,0.677419,,0.022,,0.088,,148,,0.457,,0.422,,1,,2.18,,9,,24
29033,S1,Swale at Catterick Bridge,24/10/1995 10:00,<,0.02,<,0.1,,39,,3.41,,0.426,,13,,6,,0.677419,,0.014,,0.052,,130,,0.164,,0.152,,1,,1.22,,9,,22
29033,S1,Swale at Catterick Bridge,28/10/1995 09:00,,,,,,,,6.1,,,,11.4,,,,,,,,,,,,,,,,,,,,,,
29033,S1,Swale at Catterick Bridge,29/10/1995 01:00,,,,,,,,5.8,,,,12.2,,,,,,,,,,,,,,,,,,,,,,
29033,S1,Swale at Catterick Bridge,29/10/1995 07:00,,,,,,,,5.6,,,,11.6,,,,,,,,,,,,,,,,,,,,,,
29033,S1,Swale at Catterick Bridge,29/10/1995 13:00,,,,,,,,5.2,,,,11.4,,,,,,,,,,,,,,,,,,,,,,
29033,S1,Swale at Catterick Bridge,29/10/1995 19:00,,,,,,,,5.3,,,,12.6,,,,,,,,,,,,,,,,,,,,,,
29033,S1,Swale at Catterick Bridge,31/10/1995 10:25,<,0.02,<,0.1,,38,,3.84,,0.295,,14,,6,,0.677419,,0.01,,0.024,,152,,0.169,,0.202,,1,,1.53,,9,,23
29033,S1,Swale at Catterick Bridge,07/11/1995 10:46,<,0.02,<,0.1,,47,,2.78,,0.21,,15,,7,,0.903226,,0.016,,0.012,,193,,0.227,,0.225,,1,,1.33,,10,,24
29033,S1,Swale at Catterick Bridge,14/11/1995 10:37,<,0.02,<,0.1,,31,,9.3,,3.808,,12,,4,,0.451613,,0.008,,0.059,,64,,0.194,,0.18,,1,,4.35,,8,,22
29033,S1,Swale at Catterick Bridge,21/11/1995 10:30,,0.023,<,0.1,,32,,,,,,13,,4,,0.903226,,0.007,,,,58,,,,,,1,,,,8,,22
29033,S1,Swale at Catterick Bridge,28/11/1995 09:50,<,0.02,<,0.1,,30,,8.2,,0.58,,13,,4,,1.12903,,0.005,,0.066,,48,,1.646,,1.607,,1,,4.06,,7,,21
29033,S1,Swale at Catterick Bridge,05/12/1995 10:45,<,0.02,<,0.1,,32,,11.73,,0.875,,14,,4,,1.35484,,0.009,,0.106,,58,,0.091,,0.077,,1,,4.56,,8,,23
29033,S1,Swale at Catterick Bridge,12/12/1995 10:10,<,0.02,<,0.1,,31,,7.56,,0.348,,13,,4,,1.12903,,0.01,,0.029,,60,,0.086,,0.075,,1,,4.05,,8,,21
29033,S1,Swale at Catterick Bridge,18/12/1995 10:53,,0.024,<,0.1,,36,,7.66,,0.313,,14,,5,,1.35484,,0.009,,0.023,,80,,0.132,,0.114,,1,,4.19,,8,,22
29033,S1,Swale at Catterick Bridge,03/01/1996 09:50,,0.063,<,0.1,,45,,4.24,,0.637,,23,,5.6,,2.14516,,0.012,,0.073,,66,,0.343,,0.296,,1.6,,4.95,,12.6,,24
29033,S1,Swale at Catterick Bridge,09/01/1996 11:40,,0.043,<,0.1,,21,,8.54,,1.294,,13,,2.8,,1.91935,,0.011,,0.099,,25,,0.081,,0.044,,1,,3.43,,7.2,,17
29033,S1,Swale at Catterick Bridge,16/01/1996 10:00,,0.03,<,0.1,,36.5,,4.49,,0.405,,15,,4,,1.91935,,0.007,,0.026,,52,,0.074,,0.072,,0.8,,4.41,,8.4,,20
29033,S1,Swale at Catterick Bridge,23/01/1996 10:10,<,0.02,<,0.1,,46,,5.11,,0.406,,20,,3.6,,2.37097,,0.008,,0.014,,66,,0.091,,0.084,,1,,5.1,,9.8,,24
29033,S1,Swale at Catterick Bridge,30/01/1996 10:50,,0.085,<,0.1,,52,,2.16,,0.473,,40,,6,,2.14516,,0.015,,0.055,,105,,1.955,,1.914,,1.4,,4.69,,23,,25
29033,S1,Swale at Catterick Bridge,06/02/1996 09:40,,0.044,<,0.1,,56,,2.22,,0.406,,26,,7,,2.48387,,0.011,,0.04,,77,,0.132,,0.122,,1.2,,4.3,,13,,26
29033,S1,Swale at Catterick Bridge,10/02/1996 15:55,,,<,0.1,,53,,7.07,,4.64,,57,,6.2,,4.17742,,,,0.398,,106,,0.254,,0.14,,2.4,,4.44,,29,,27
29033,S1,Swale at Catterick Bridge,12/02/1996 11:05,,0.101,<,0.1,,21,,12.15,,7.996,,22,,2.6,,2.48387,,0.011,,0.6,,44,,0.275,,0.078,,1.4,,3.36,,10.8,,16
29033,S1,Swale at Catterick Bridge,20/02/1996 09:55,,0.03,<,0.1,,34,,3.74,,0.384,,31,,3.8,,2.14516,,0.003,,0.037,,31,,0.108,,0.098,,0.8,,3.82,,17,,18
29033,S1,Swale at Catterick Bridge,22/02/1996 09:00,,,,,,,,35.7,,,,46,,,,,,,,,,,,,,,,,,,,,,
29033,S1,Swale at Catterick Bridge,22/02/1996 11:00,,,,,,,,23.8,,,,54,,,,,,,,,,,,,,,,,,,,,,
29033,S1,Swale at Catterick Bridge,22/02/1996 13:00,,,,,,,,4.3,,,,55,,,,,,,,,,,,,,,,,,,,,,
29033,S1,Swale at Catterick Bridge,22/02/1996 17:00,,,,,,,,2.6,,,,51,,,,,,,,,,,,,,,,,,,,,,
29033,S1,Swale at Catterick Bridge,22/02/1996 19:00,,,,,,,,3.1,,,,48,,,,,,,,,,,,,,,,,,,,,,
29033,S1,Swale at Catterick Bridge,22/02/1996 21:00,,,,,,,,3,,,,44,,,,,,,,,,,,,,,,,,,,,,
29033,S1,Swale at Catterick Bridge,22/02/1996 23:00,,,,,,,,3.3,,,,40,,,,,,,,,,,,,,,,,,,,,,
29033,S1,Swale at Catterick Bridge,23/02/1996 01:00,,,,,,,,3.2,,,,37,,,,,,,,,,,,,,,,,,,,,,
29033,S1,Swale at Catterick Bridge,23/02/1996 03:00,,,,,,,,3.4,,,,34,,,,,,,,,,,,,,,,,,,,,,
29033,S1,Swale at Catterick Bridge,23/02/1996 05:00,,,,,,,,2.9,,,,32,,,,,,,,,,,,,,,,,,,,,,
29033,S1,Swale at Catterick Bridge,23/02/1996 07:00,,,,,,,,3.6,,,,31,,,,,,,,,,,,,,,,,,,,,,
29033,S1,Swale at Catterick Bridge,23/02/1996 09:00,,,,,,,,3,,,,30,,,,,,,,,,,,,,,,,,,,,,
29033,S1,Swale at Catterick Bridge,23/02/1996 11:00,,,,,,,,2.8,,,,30,,,,,,,,,,,,,,,,,,,,,,
29033,S1,Swale at Catterick Bridge,23/02/1996 13:00,,,,,,,,2.8,,,,30,,,,,,,,,,,,,,,,,,,,,,
29033,S1,Swale at Catterick Bridge,23/02/1996 15:00,,,,,,,,3.3,,,,31,,,,,,,,,,,,,,,,,,,,,,
29033,S1,Swale at Catterick Bridge,23/02/1996 17:00,,,,,,,,2.9,,,,30,,,,,,,,,,,,,,,,,,,,,,
29033,S1,Swale at Catterick Bridge,23/02/1996 19:00,,,,,,,,3,,,,29,,,,,,,,,,,,,,,,,,,,,,
29033,S1,Swale at Catterick Bridge,23/02/1996 21:00,,,,,,,,3,,,,30,,,,,,,,,,,,,,,,,,,,,,
29033,S1,Swale at Catterick Bridge,23/02/1996 23:00,,,,,,,,2.8,,,,33,,,,,,,,,,,,,,,,,,,,,,
29033,S1,Swale at Catterick Bridge,24/02/1996 01:00,,,,,,,,2.9,,,,33,,,,,,,,,,,,,,,,,,,,,,
29033,S1,Swale at Catterick Bridge,24/02/1996 03:00,,,,,,,,2.9,,,,31,,,,,,,,,,,,,,,,,,,,,,
29033,S1,Swale at Catterick Bridge,24/02/1996 05:00,,,,,,,,3.1,,,,29,,,,,,,,,,,,,,,,,,,,,,
29033,S1,Swale at Catterick Bridge,24/02/1996 07:00,,,,,,,,2.8,,,,26,,,,,,,,,,,,,,,,,,,,,,
29033,S1,Swale at Catterick Bridge,24/02/1996 09:00,,,,,,,,3,,,,24,,,,,,,,,,,,,,,,,,,,,,
29033,S1,Swale at Catterick Bridge,24/02/1996 11:00,,,,,,,,3.9,,,,22,,,,,,,,,,,,,,,,,,,,,,
29033,S1,Swale at Catterick Bridge,24/02/1996 13:00,,,,,,,,4.7,,,,20,,,,,,,,,,,,,,,,,,,,,,
29033,S1,Swale at Catterick Bridge,24/02/1996 15:00,,,,,,,,6.4,,,,18,,,,,,,,,,,,,,,,,,,,,,
29033,S1,Swale at Catterick Bridge,24/02/1996 17:00,,,,,,,,5.4,,,,18,,,,,,,,,,,,,,,,,,,,,,
29033,S1,Swale at Catterick Bridge,24/02/1996 19:00,,,,,,,,5.2,,,,18,,,,,,,,,,,,,,,,,,,,,,
29033,S1,Swale at Catterick Bridge,24/02/1996 21:00,,,,,,,,5.4,,,,18,,,,,,,,,,,,,,,,,,,,,,
29033,S1,Swale at Catterick Bridge,24/02/1996 23:00,,,,,,,,5.7,,,,17,,,,,,,,,,,,,,,,,,,,,,
29033,S1,Swale at Catterick Bridge,25/02/1996 01:00,,,,,,,,5.3,,,,17,,,,,,,,,,,,,,,,,,,,,,
29033,S1,Swale at Catterick Bridge,25/02/1996 03:00,,,,,,,,5.6,,,,19,,,,,,,,,,,,,,,,,,,,,,
29033,S1,Swale at Catterick Bridge,25/02/1996 05:00,,,,,,,,5.2,,,,20,,,,,,,,,,,,,,,,,,,,,,
29033,S1,Swale at Catterick Bridge,25/02/1996 07:00,,,,,,,,4.7,,,,20,,,,,,,,,,,,,,,,,,,,,,
29033,S1,Swale at Catterick Bridge,25/02/1996 09:00,,,,,,,,5,,,,20,,,,,,,,,,,,,,,,,,,,,,
29033,S1,Swale at Catterick Bridge,25/02/1996 11:00,,,,,,,,4.6,,,,21,,,,,,,,,,,,,,,,,,,,,,
29033,S1,Swale at Catterick Bridge,25/02/1996 13:00,,,,,,,,6.2,,,,23,,,,,,,,,,,,,,,,,,,,,,
29033,S1,Swale at Catterick Bridge,25/02/1996 15:00,,,,,,,,4,,,,26,,,,,,,,,,,,,,,,,,,,,,
29033,S1,Swale at Catterick Bridge,25/02/1996 17:00,,,,,,,,4.4,,,,27,,,,,,,,,,,,,,,,,,,,,,
29033,S1,Swale at Catterick Bridge,25/02/1996 19:00,,,,,,,,4.2,,,,26,,,,,,,,,,,,,,,,,,,,,,
29033,S1,Swale at Catterick Bridge,25/02/1996 21:00,,,,,,,,4.4,,,,27,,,,,,,,,,,,,,,,,,,,,,
29033,S1,Swale at Catterick Bridge,25/02/1996 23:00,,,,,,,,4.3,,,,28,,,,,,,,,,,,,,,,,,,,,,
29033,S1,Swale at Catterick Bridge,26/02/1996 01:00,,,,,,,,3.7,,,,27,,,,,,,,,,,,,,,,,,,,,,
29033,S1,Swale at Catterick Bridge,26/02/1996 03:00,,,,,,,,4,,,,24,,,,,,,,,,,,,,,,,,,,,,
29033,S1,Swale at Catterick Bridge,26/02/1996 05:00,,,,,,,,3.6,,,,23,,,,,,,,,,,,,,,,,,,,,,
29033,S1,Swale at Catterick Bridge,26/02/1996 07:00,,,,,,,,3.6,,,,23,,,,,,,,,,,,,,,,,,,,,,
29033,S1,Swale at Catterick Bridge,26/02/1996 09:00,,,,,,,,3.5,,,,23,,,,,,,,,,,,,,,,,,,,,,
29033,S1,Swale at Catterick Bridge,26/02/1996 11:00,,,,,,,,3.4,,,,24,,,,,,,,,,,,,,,,,,,,,,
29033,S1,Swale at Catterick Bridge,27/02/1996 09:32,<,0.02,<,0.1,,40,,3.85,,0.331,,22,,4.4,,2.37097,,0.004,,0.016,,51,,0.121,,0.119,,1,,3.78,,10.8,,20
29033,S1,Swale at Catterick Bridge,05/03/1996 09:46,<,0.02,<,0.1,,32.5,,4.06,,0.555,,17,,3.8,,1.80645,,0.005,,0.054,,35,,0.392,,0.371,,0.8,,3.24,,8.6,,17
29033,S1,Swale at Catterick Bridge,13/03/1996 09:50,,0.021,<,0.1,,45,,3.43,,0.525,,35,,5.2,,2.14516,,0.005,,0.049,,61,,0.147,,0.127,,1,,3.06,,19.8,,21
29033,S1,Swale at Catterick Bridge,19/03/1996 11:30,,0.038,<,0.1,,46,,4.01,,0.8,,29,,5.4,,2.70968,,0.008,,0.064,,69,,0.142,,0.133,,1.4,,3.5,,14.8,,23
29033,S1,Swale at Catterick Bridge,25/03/1996 11:40,,0.067,<,0.1,,30,,6,,0.838,,19,,3.6,,2.48387,,0.008,,0.089,,66,,0.1,,0.076,,2.4,,3.18,,9,,19
29033,S1,Swale at Catterick Bridge,01/04/1996 08:55,,0.027,<,0.1,,48,,3.74,,0.242,,20,,5.6,,2.25806,,0.008,,0.022,,70,,0.081,,0.074,,1.2,,2.3,,10,,23
29033,S1,Swale at Catterick Bridge,09/04/1996 08:31,,0.028,<,0.1,,50,,2.65,,0.304,,19,,6,,2.14516,,0.01,,0.071,,85,,1.629,,1.621,,1.4,,1.24,,9.4,,23
29033,S1,Swale at Catterick Bridge,16/04/1996 09:15,,0.035,<,0.1,,50,,2.3,,0.701,,18,,4.6,,1.91935,,0.012,,0.075,,95,,0.371,,0.339,,1.4,,1.38,,9.4,,23
29033,S1,Swale at Catterick Bridge,23/04/1996 10:50,,0.3,<,0.1,,46,,3.45,,2.629,,25,,5.6,,2.14516,,0.03,,0.262,,356,,1.351,,1.266,,2.2,,1.62,,15.4,,23
29033,S1,Swale at Catterick Bridge,25/04/1996 09:00,,,,,,,,8.6,,,,18,,,,,,,,,,,,,,,,,,,,,,
29033,S1,Swale at Catterick Bridge,25/04/1996 13:00,,,,,,,,11.3,,,,15,,,,,,,,,,,,,,,,,,,,,,
29033,S1,Swale at Catterick Bridge,25/04/1996 17:00,,,,,,,,10.2,,,,15,,,,,,,,,,,,,,,,,,,,,,
29033,S1,Swale at Catterick Bridge,25/04/1996 21:00,,,,,,,,19.8,,,,15,,,,,,,,,,,,,,,,,,,,,,
29033,S1,Swale at Catterick Bridge,26/04/1996 01:00,,,,,,,,5.7,,,,15,,,,,,,,,,,,,,,,,,,,,,
29033,S1,Swale at Catterick Bridge,26/04/1996 05:00,,,,,,,,9.9,,,,15,,,,,,,,,,,,,,,,,,,,,,
29033,S1,Swale at Catterick Bridge,26/04/1996 09:00,,,,,,,,5.2,,,,15,,,,,,,,,,,,,,,,,,,,,,
29033,S1,Swale at Catterick Bridge,26/04/1996 13:00,,,,,,,,5,,,,16,,,,,,,,,,,,,,,,,,,,,,
29033,S1,Swale at Catterick Bridge,26/04/1996 17:00,,,,,,,,4.3,,,,16,,,,,,,,,,,,,,,,,,,,,,
29033,S1,Swale at Catterick Bridge,26/04/1996 21:00,,,,,,,,4.3,,,,16,,,,,,,,,,,,,,,,,,,,,,
29033,S1,Swale at Catterick Bridge,27/04/1996 01:00,,,,,,,,4.5,,,,16,,,,,,,,,,,,,,,,,,,,,,
29033,S1,Swale at Catterick Bridge,27/04/1996 05:00,,,,,,,,4.1,,,,16,,,,,,,,,,,,,,,,,,,,,,
29033,S1,Swale at Catterick Bridge,27/04/1996 09:00,,,,,,,,4.1,,,,16,,,,,,,,,,,,,,,,,,,,,,
29033,S1,Swale at Catterick Bridge,27/04/1996 13:00,,,,,,,,3.6,,,,17,,,,,,,,,,,,,,,,,,,,,,
29033,S1,Swale at Catterick Bridge,27/04/1996 17:00,,,,,,,,3.8,,,,17,,,,,,,,,,,,,,,,,,,,,,
29033,S1,Swale at Catterick Bridge,27/04/1996 21:00,,,,,,,,3.8,,,,17,,,,,,,,,,,,,,,,,,,,,,
29033,S1,Swale at Catterick Bridge,28/04/1996 01:00,,,,,,,,3.6,,,,16,,,,,,,,,,,,,,,,,,,,,,
29033,S1,Swale at Catterick Bridge,28/04/1996 05:00,,,,,,,,3.5,,,,15,,,,,,,,,,,,,,,,,,,,,,
29033,S1,Swale at Catterick Bridge,28/04/1996 09:00,,,,,,,,3.8,,,,16,,,,,,,,,,,,,,,,,,,,,,
29033,S1,Swale at Catterick Bridge,28/04/1996 13:00,,,,,,,,4.2,,,,16,,,,,,,,,,,,,,,,,,,,,,
29033,S1,Swale at Catterick Bridge,28/04/1996 17:00,,,,,,,,3.7,,,,17,,,,,,,,,,,,,,,,,,,,,,
29033,S1,Swale at Catterick Bridge,28/04/1996 21:00,,,,,,,,3.6,,,,17,,,,,,,,,,,,,,,,,,,,,,
29033,S1,Swale at Catterick Bridge,29/04/1996 01:00,,,,,,,,3.1,,,,17,,,,,,,,,,,,,,,,,,,,,,
29033,S1,Swale at Catterick Bridge,29/04/1996 05:00,,,,,,,,3.1,,,,17,,,,,,,,,,,,,,,,,,,,,,
29033,S1,Swale at Catterick Bridge,29/04/1996 09:00,,,,,,,,3.1,,,,16,,,,,,,,,,,,,,,,,,,,,,
29033,S1,Swale at Catterick Bridge,30/04/1996 09:45,<,0.02,<,0.1,,44,,2.32,,0.319,,17,,5.6,,1.46774,,0.006,,0.034,,103,,0.108,,0.098,,1.2,,0.95,,9.6,,21
29033,S1,Swale at Catterick Bridge,08/05/1996 09:18,,0.023,<,0.1,,53,,3.82,,0.5,,18,,6.4,,1.58065,,0.005,,0.044,,105,,0.11,,0.095,,1.6,,1.72,,11,,22
29033,S1,Swale at Catterick Bridge,14/05/1996 09:30,,0.023,<,0.1,,40,,5.77,,0.772,,16,,4.6,,1.24194,,0.006,,0.088,,98,,0.901,,0.864,,1.4,,0.95,,9.2,,20
29033,S1,Swale at Catterick Bridge,21/05/1996 10:40,<,0.02,<,0.1,,43,,5.43,,0.638,,15,,5.2,,1.12903,,0.008,,0.077,,104,,0.173,,0.143,,1.4,,1.85,,9.2,,21
29033,S1,Swale at Catterick Bridge,29/05/1996 09:50,,0.029,<,0.1,,33.5,,7.29,,0.776,,14,,4,,1.12903,,0.009,,0.08,,106,,0.148,,0.123,,1,,2.71,,8,,17
29033,S1,Swale at Catterick Bridge,04/06/1996 09:15,,0.037,<,0.1,,48,,4.31,,1.104,,16,,5.6,,1.24194,,0.011,,0.074,,108,,0.111,,0.103,,1.2,,3.27,,9.4,,21
29033,S1,Swale at Catterick Bridge,11/06/1996 09:00,,0.079,<,0.1,,54,,2.74,,0.472,,18,,6.6,,1.46774,,0.026,,0.076,,142,,0.159,,0.142,,1.6,,2.27,,10.6,,23
29033,S1,Swale at Catterick Bridge,18/06/1996 09:40,<,0.02,<,0.1,,56,,4.795,,0.771,,19,,7,,1.58065,,0.032,,0.101,,181,,1.93,,1.89,,1.6,,2.04,,11.4,,24
29033,S1,Swale at Catterick Bridge,25/06/1996 08:50,<,0.02,<,0.1,,58,,2.323,,0.429,,20,,7.6,,1.46774,,0.045,,0.043,,182,,0.27,,0.27,,1.8,,2,,12,,25
29033,S1,Swale at Catterick Bridge,02/07/1996 08:55,,,<,0.1,,56,,3.98,,0.854,,22,,7.2,,1.12903,,0.04669,,0.1,,233,,0.31,,0.27,,2,,1.51,,14,,24
29033,S1,Swale at Catterick Bridge,09/07/1996 09:15,,0.032,<,0.1,,47,,4.246,,0.611,,16,,5.8,,0.903226,,0.0212,,0.044,,127,,0.32,,0.29,,1.4,,3.27,,10,,22
29033,S1,Swale at Catterick Bridge,16/07/1996 09:05,<,0.02,<,0.1,,55,,2.885,,0.321,,19,,7.4,,1.35484,,0.02569,,0.034,,200,,0.24,,0.22,,1.6,,2.63,,11.6,,25
29033,S1,Swale at Catterick Bridge,23/07/1996 09:05,,0.027,<,0.1,,57,,3.012,,1.122,,20,,8.4,,0.677419,,0.02763,,0.18,,275,,0.34,,0.3,,1.8,,0.54,,12.8,,26
29033,S1,Swale at Catterick Bridge,30/07/1996 09:05,,0.073,<,0.1,,56,,2.113,,1.038,,21,,8,,1.35484,,0.03711,,0.171,,265,,0.6,,0.56,,2.2,,2.97,,12.6,,26
29033,S1,Swale at Catterick Bridge,06/08/1996 08:45,<,0.02,<,0.1,,53,,3.4,,0.449,,20,,7.6,,0.790323,,0.02196,,0.074,,261,,0.3,,0.28,,1.6,,0.88,,12,,25
29033,S1,Swale at Catterick Bridge,13/08/1996 09:10,,0.026,<,0.1,,42,,10.367,,0.936,,16,,5.8,,0.564516,,0.02203,,0.099,,187,,0.39,,0.37,,2,,3.06,,9.6,,22
29033,S1,Swale at Catterick Bridge,20/08/1996 09:20,,0.022,<,0.1,,56,,3.564,,0.59,,20,,7.8,,1.24194,,0.026,,0.117,,315,,1.33,,1.3,,2.4,,0.5,,12.6,,26
29033,S1,Swale at Catterick Bridge,27/08/1996 10:15,,0.03,<,0.1,,21.5,,15.011,,18.884,,9,,3,,1.01613,,0.011,,1.71,,43,,0.4,,0.07,,1.4,,1.8,,6.2,,16
29033,S1,Swale at Catterick Bridge,03/09/1996 08:55,,0.032,<,0.1,,48,,4.772,,0.717,,16,,6.2,,0.903226,,0.01,,0.072,,151,,0.22,,0.19,,1.8,,4.26,,10,,22
29033,S1,Swale at Catterick Bridge,11/09/1996 09:20,,0.087,<,0.1,,54,,2.36,,0.554,,18,,7.4,,1.24194,,0.028,,0.063,,235,,0.254,,0.242,,1.6,,2.26,,11.2,,24
29033,S1,Swale at Catterick Bridge,17/09/1996 08:45,,0.016,<,0.1,,56,,2.38,,0.361,,18,,7.4,,1.01613,,0.012,,0.045,,269,,0.328,,0.305,,1.8,,2.26,,11.6,,26
29033,S1,Swale at Catterick Bridge,24/09/1996 09:30,,0.015,<,0.1,,59,,2.54,,0.381,,19,,7.8,,1.58065,,0.013,,0.055,,262,,0.298,,0.289,,1.8,,1.66,,12,,26
29033,S1,Swale at Catterick Bridge,30/09/1996 10:00,,0.021,<,0.1,,15,,21.57,,3.349,,9,,2.2,,0.564516,,0.008,,0.372,,35,,0.185,,0.118,,1,,2.47,,5.4,,13
29033,S1,Swale at Catterick Bridge,08/10/1996 08:45,,0.02,<,0.1,,33.5,,7.34,,0.589,,14,,4.4,,1.01613,,0.009,,0.055,,185,,0.285,,0.265,,1.4,,4.01,,9,,20
29033,S1,Swale at Catterick Bridge,15/10/1996 09:20,,0.017,<,0.1,,49,,4.87,,0.52,,17,,6.4,,1.35484,,,,0.058,,285,,0.33,,0.304,,2.2,,3.55,,11.6,,23
29033,S1,Swale at Catterick Bridge,20/10/1996 06:49,,,,,,,,18.75,,1.089,,,,,,,,,,0.075,,,,0.142,,0.125,,,,2.94,,,,
29033,S1,Swale at Catterick Bridge,20/10/1996 09:49,,0.008,<,0.1,,22.5,,,,,,10,,3,,0.564516,,,,,,59,,,,,,0.8,,,,6.4,,13
29033,S1,Swale at Catterick Bridge,29/10/1996 10:05,,0.011,<,0.1,,15,,23.248,,1.258,,10,,2,,0.33871,,0.011,,0.044,,37,,0.11,,0.077,,0.8,,2.43,,5.6,,9
29033,S1,Swale at Catterick Bridge,05/11/1996 09:25,,0.027,<,0.05,,13.3,,18.954,,2.665,,9.5,,1.5,,0.406452,,0.01,,0.172,,27,,0.104,,0.053,,0.9,,2.66,,5.3,,8.5
29033,S1,Swale at Catterick Bridge,12/11/1996 10:20,,0.021,<,0.05,,13.6,,15.503,,6.383,,13.5,,1.7,,0.541936,,0.009,,0.199,,28,,0.235,,0.066,,1.6,,2.46,,6.6,,8
29033,S1,Swale at Catterick Bridge,18/11/1996 13:30,,0.02,<,0.05,,29.5,,9.391,,0.532,,14.5,,3.7,,1.62581,,0.005,,0.011,,74,,0.127,,0.115,,1.4,,4.08,,8.1,,13.5
29033,S1,Swale at Catterick Bridge,26/11/1996 10:15,,0.031,<,0.05,,21,,10.937,,1.586,,18.5,,2.4,,1.17419,,0.008,,0.085,,84,,0.097,,0.057,,1.3,,3.08,,9.1,,11.5
29033,S1,Swale at Catterick Bridge,03/12/1996 10:35,,0.068,<,0.05,,26.5,,9.512,,0.847,,25,,3,,1.03871,,0.008,,0.043,,71,,0.13,,0.107,,1.4,,3.45,,14,,13
29033,S1,Swale at Catterick Bridge,10/12/1996 09:45,,0.028,<,0.05,,27,,8.829,,0.299,,12.5,,3.1,,1.26452,,0.007,,0.033,,44,,0.076,,0.068,,0.9,,3.79,,7,,12
29033,S1,Swale at Catterick Bridge,16/12/1996 10:50,,0.03,,,,,,7.365,,0.545,,,,,,,,0.008,,0.044,,66,,0.115,,0.097,,,,3.88,,,,
29033,S1,Swale at Catterick Bridge,16/12/1996 15:50,,0.03,<,0.05,,29.5,,,,,,13,,3.5,,1.17419,,,,,,,,,,,,1.1,,,,7.7,,13
29034,S2,Swale at Thornton Manor,07/09/1993 09:25,,,,0.05,,99,,3.52,,0.857,,36,,16.5,,1.17419,,,,0.087,,,,0.293,,0.268,,3.7,,1.21,,20.1,,90
29034,S2,Swale at Thornton Manor,14/09/1993 08:02,,,<,0.05,,16.9,,10.36,,14.417,,7,,1.6,,0.541936,,,,0.338,,,,0.73,,0.073,,1.6,,1.93,,4.1,,9
29034,S2,Swale at Thornton Manor,21/09/1993 09:50,,,,0.05,,80.2,,5.01,,0.832,,28,,11.3,,3.83871,,,,0.081,,,,0.163,,0.136,,3.3,,6.05,,13.6,,56
29034,S2,Swale at Thornton Manor,28/09/1993 09:40,,,,0.05,,88.4,,3.29,,0.504,,29,,12.6,,3.70323,,,,0.079,,,,0.182,,0.158,,3.1,,5.53,,15.3,,62
29034,S2,Swale at Thornton Manor,05/10/1993 09:30,,,<,0.05,,74,,7.4,,1.081,,25,,10.3,,2.93548,,,,0.115,,,,0.162,,0.137,,3.3,,5.4,,12.5,,48
29034,S2,Swale at Thornton Manor,11/10/1993 08:54,,,,0.05,,81.9,,6.3,,1.49,,30,,12.3,,5.41935,,,,0.112,,,,0.202,,0.16,,3.8,,6.41,,13.7,,52
29034,S2,Swale at Thornton Manor,18/10/1993 08:20,,,,0.05,,95,,4.65,,0.66,,33,,14.1,,4.74194,,,,0.027,,,,0.136,,0.112,,3.3,,6.28,,14.9,,66
29034,S2,Swale at Thornton Manor,25/10/1993 08:50,,,,0.05,,96.3,,3.51,,0.445,,34,,14.6,,5.19355,,,,0.017,,,,0.147,,0.137,,3.4,,5.83,,16.7,,74
29034,S2,Swale at Thornton Manor,01/11/1993 11:35,,,,0.05,,97.7,,3.19,,0.423,,35,,14.9,,5.64516,,,,0.015,,,,0.187,,0.168,,3.6,,5.95,,16.2,,82
29034,S2,Swale at Thornton Manor,08/11/1993 09:40,,,,0.05,,102.7,,2.69,,0.411,,35,,15.7,,4.74194,,,,0.031,,,,0.201,,0.184,,3.6,,5.71,,17.2,,80
29034,S2,Swale at Thornton Manor,15/11/1993 09:37,,,<,0.05,,60.2,,9.23,,7.821,,32,,10.1,,6.77419,,,,0.824,,,,0.553,,0.26,,5.9,,6.01,,12.4,,43
29034,S2,Swale at Thornton Manor,22/11/1993 09:24,,,,0.05,,105,,4.34,,0.654,,62,,17,,6.09677,,,,0.06,,,,0.193,,0.163,,3.8,,6.31,,31.9,,88
29034,S2,Swale at Thornton Manor,29/11/1993 09:49,,,,0.05,,97.9,,4.5,,0.746,,42,,16.5,,4.74194,,,,0.07,,,,0.156,,0.132,,3.9,,5.8,,20.2,,72
29034,S2,Swale at Thornton Manor,06/12/1993 09:49,,,<,0.05,,57.8,,5.5,,1.465,,25,,8.9,,2.8,,,,0.092,,,,0.108,,0.074,,2.3,,4.12,,12.3,,43
29034,S2,Swale at Thornton Manor,13/12/1993 09:40,,,,0.05,,46.6,,5.35,,7.209,,64,,4.8,,1.62581,,,,0.699,,,,0.497,,0.192,,2.4,,6.71,,38.7,,19
29034,S2,Swale at Thornton Manor,20/12/1993 09:30,,,<,0.05,,35.8,,4.29,,3.281,,17,,4.6,,1.85161,,,,0.188,,,,0.168,,0.055,,1.6,,2.6,,9,,22
29034,S2,Swale at Thornton Manor,04/01/1994 10:20,,,<,0.05,,48.2,,5.28,,11.705,,31,,7.8,,4.38065,,,,0.982,,,,0.626,,0.233,,4.2,,4.36,,17.1,,29
29034,S2,Swale at Thornton Manor,10/01/1994 09:42,,,,0.05,,90.8,,4.02,,3.685,,42,,14,,6.54839,,,,0.334,,,,0.245,,0.123,,3.7,,5.73,,21.2,,56
29034,S2,Swale at Thornton Manor,17/01/1994 10:00,,,,0.05,,77.2,,3.47,,1.101,,33,,11.4,,4.74194,,,,0.052,,,,0.12,,0.082,,2.5,,4.99,,16.4,,48
29034,S2,Swale at Thornton Manor,24/01/1994 09:28,,,<,0.05,,42.4,,4.44,,3.161,,21,,6.4,,2.30323,,,,0.171,,,,0.166,,0.068,,1.8,,3.34,,11.4,,28
29034,S2,Swale at Thornton Manor,31/01/1994 09:15,,,<,0.05,,53.3,,4.27,,2.059,,24,,8,,3.20645,,,,0.101,,,,0.111,,0.062,,1.9,,3.53,,11.5,,36
29034,S2,Swale at Thornton Manor,07/02/1994 10:30,,,,0.05,,71.3,,3.33,,0.927,,34,,10.6,,4.24516,,,,0.068,,,,0.165,,0.087,,2.6,,5.15,,17.5,,45
29034,S2,Swale at Thornton Manor,14/02/1994 09:30,,,,0.05,,89.5,,2.5,,1.013,,32,,13.3,,5.19355,,,,0.079,,,,0.129,,0.103,,2.7,,5.44,,15.5,,60
29034,S2,Swale at Thornton Manor,21/02/1994 10:30,,,<,0.1,,105,,2.45,,0.726,,43,,16.8,,5.87097,,,,0.056,,,,0.148,,0.122,,3.6,,5.22,,21,,81
29034,S2,Swale at Thornton Manor,28/02/1994 10:30,,,<,0.1,,45,,6,,7.014,,42,,7.2,,4.40323,,,,0.532,,,,0.74,,0.219,,4.6,,4.35,,17.2,,31
29034,S2,Swale at Thornton Manor,08/03/1994 09:40,,,<,0.1,,50,,3.51,,1.66,,28,,7.4,,3.72581,,,,0.1,,,,0.095,,0.062,,1.8,,3.17,,11,,45
29034,S2,Swale at Thornton Manor,14/03/1994 09:10,,,<,0.1,,38,,4.38,,4.888,,17,,5.6,,2.14516,,,,0.245,,,,0.17,,0.051,,1.4,,2.32,,9.2,,26
29034,S2,Swale at Thornton Manor,22/03/1994 10:40,,,<,0.1,,78,,2.72,,0.366,,29,,11.8,,4.17742,,,,0.02,,,,0.124,,0.108,,2.8,,3.72,,14.6,,54
29034,S2,Swale at Thornton Manor,29/03/1994 08:24,,,<,0.1,,78,,2.36,,0.602,,28,,11,,4.06452,,,,0.039,,,,0.081,,0.059,,2.4,,3.6,,14,,50
29034,S2,Swale at Thornton Manor,05/04/1994 07:38,,,<,0.1,,63,,2.45,,0.986,,18,,8.4,,2.03226,,,,0.038,,,,0.054,,0.033,,1.4,,3.05,,9.4,,29
29034,S2,Swale at Thornton Manor,12/04/1994 07:35,,,<,0.1,,68,,2.92,,0.418,,24,,9,,2.70968,,,,0.023,,,,0.09,,0.075,,2.2,,2.73,,13.6,,39
29034,S2,Swale at Thornton Manor,19/04/1994 08:35,,,<,0.1,,93,,2.17,,0.538,,32,,18.8,,4.17742,,,,0.048,,,,0.118,,0.105,,3.2,,2.42,,17,,63
29034,S2,Swale at Thornton Manor,26/04/1994 07:15,,,<,0.1,,68,,4.86,,,,26,,9.6,,3.16129,,,,,,,,0.144,,0.122,,2.8,,2.76,,14.4,,42
29034,S2,Swale at Thornton Manor,03/05/1994 08:10,,,<,0.1,,93,,3.11,,0.443,,31,,13.6,,3.72581,,,,0.061,,,,0.164,,0.15,,2.8,,1.96,,16.6,,61
29034,S2,Swale at Thornton Manor,10/05/1994 07:10,,,<,0.1,,100,,3.56,,0.644,,33,,15.6,,3.72581,,,,0.09,,,,0.196,,0.173,,3.4,,1.64,,19.8,,64
29034,S2,Swale at Thornton Manor,17/05/1994 07:20,,,<,0.1,,105,,2.61,,0.778,,34,,16.8,,4.06452,,,,0.095,,,,0.24,,0.206,,4.4,,1.45,,22,,68
29034,S2,Swale at Thornton Manor,24/05/1994 08:25,,,<,0.1,,48,,8.04,,1.824,,19,,6.8,,2.14516,,,,0.142,,,,0.203,,0.16,,2.2,,2.55,,10.6,,36
29034,S2,Swale at Thornton Manor,01/06/1994 08:05,,,<,0.1,,88,,2.45,,0.4,,32,,14.2,,3.83871,,,,0.061,,,,0.258,,0.23,,3.2,,1.05,,16.8,,69
29034,S2,Swale at Thornton Manor,08/06/1994 07:10,,,<,0.1,,75,,2.88,,0.428,,25,,11.2,,2.59677,,,,0.062,,,,0.192,,0.166,,2.8,,1.23,,14.2,,51
29034,S2,Swale at Thornton Manor,14/06/1994 09:05,,,<,0.1,,93,,2.75,,0.607,,32,,15.2,,4.06452,,,,0.154,,,,0.292,,0.254,,3.6,,0.86,,17.8,,77
29034,S2,Swale at Thornton Manor,21/06/1994 07:30,,,<,0.1,,100,,2.22,,0.931,,35,,17.4,,5.19355,,,,0.115,,,,0.363,,0.312,,4,,3.32,,18.4,,84
29034,S2,Swale at Thornton Manor,27/06/1994 07:15,,,<,0.1,,78,,5.02,,0.685,,33,,13,,3.16129,,,,0.067,,226,,0.208,,0.19,,3,,3.37,,15.6,,71
29034,S2,Swale at Thornton Manor,05/07/1994 10:10,,,<,0.1,,88,,3.54,,0.69,,41,,15.2,,3.5,,,,0.099,,253,,0.348,,0.307,,3.6,,3.71,,18.8,,75
29034,S2,Swale at Thornton Manor,12/07/1994 11:15,,,<,0.1,,90,,2.57,,0.56,,30,,15.8,,3.27419,,,,0.076,,260,,0.346,,0.315,,3.8,,3.19,,19,,82
29034,S2,Swale at Thornton Manor,19/07/1994 10:10,,,<,0.1,,93,,2.06,,0.547,,35,,16.8,,3.04839,,,,0.075,,313,,0.381,,0.345,,3.8,,1.78,,28,,91
29034,S2,Swale at Thornton Manor,25/07/1994 10:50,,,<,0.1,,90,,3.17,,1.009,,35,,15.4,,3.27419,,,,0.112,,301,,0.435,,0.378,,4.6,,2.57,,20,,85
29034,S2,Swale at Thornton Manor,02/08/1994 07:42,,,<,0.1,,88,,2.16,,0.651,,35,,15,,3.16129,,,,0.059,,355,,0.463,,0.4,,4.6,,2.56,,20,,82
29034,S2,Swale at Thornton Manor,08/08/1994 08:10,,,<,0.1,,83,,2.76,,1.267,,28,,14.6,,2.14516,,,,0.208,,221,,0.785,,0.749,,4,,2.54,,20,,64
29034,S2,Swale at Thornton Manor,17/08/1994 08:05,,,<,0.1,,95,,2.85,,0.57,,35,,16.6,,3.04839,,,,0.072,,371,,0.428,,0.392,,4,,2.11,,21,,88
29034,S2,Swale at Thornton Manor,23/08/1994 08:00,,,<,0.1,,73,,3.07,,,,26,,12.8,,2.03226,,,,,,258,,0.337,,0.307,,3.2,,1.38,,16,,63
29034,S2,Swale at Thornton Manor,30/08/1994 09:30,,,<,0.1,,58,,6.02,,0.508,,23,,10,,2.25806,,,,0.029,,211,,0.257,,0.238,,2.8,,3.83,,13.6,,51
29034,S2,Swale at Thornton Manor,06/09/1994 06:44,,,<,0.1,,65,,6.58,,0.633,,24,,10.6,,2.25806,,,,0.045,,279,,0.465,,0.431,,3.2,,4.42,,15,,57
29034,S2,Swale at Thornton Manor,12/09/1994 15:20,,,<,0.1,,28.5,,,,1.476,,12,,4.6,,1.01613,,,,0.089,,98,,,,,,1.4,,,,8.2,,22
29034,S2,Swale at Thornton Manor,13/09/1994 07:50,,,<,0.1,,28.5,,10.9,,2.083,,12,,4.6,,0.903226,,,,0.126,,96,,0.226,,0.151,,1.6,,2.88,,7.6,,23
29034,S2,Swale at Thornton Manor,15/09/1994 15:35,,,<,0.1,,27.5,,,,1.629,,13,,4.2,,0.903226,,,,0.152,,138,,,,,,1.8,,,,8.8,,21
29034,S2,Swale at Thornton Manor,20/09/1994 08:30,,,<,0.1,,60,,4.94,,0.46,,24,,8.6,,2.37097,,,,,,172,,0.216,,0.195,,3.4,,4.93,,13.6,,43
29034,S2,Swale at Thornton Manor,27/09/1994 13:20,,,<,0.1,,35,,10.16,,0.858,,15,,5.4,,1.46774,,,,0.095,,119,,0.172,,0.139,,2.2,,3.85,,8.8,,27
29034,S2,Swale at Thornton Manor,04/10/1994 10:10,,,<,0.1,,32,,11.63,,2.509,,15,,4.8,,1.58065,,,,0.197,,100,,0.182,,0.127,,2.6,,3.77,,8.6,,25
29034,S2,Swale at Thornton Manor,11/10/1994 08:55,,,<,0.1,,70,,3.59,,0.412,,23,,10.8,,2.37097,,,,0.054,,184,,0.233,,0.21,,2.8,,4.78,,14,,50
29034,S2,Swale at Thornton Manor,18/10/1994 08:30,,,<,0.1,,80,,3.02,,0.468,,28,,12.8,,2.93548,,,,0.096,,362,,0.415,,0.383,,3.2,,3.79,,16,,65
29034,S2,Swale at Thornton Manor,25/10/1994 09:05,,,<,0.1,,45,,8.06,,1.572,,19,,6.4,,2.82258,,,,0.119,,84,,0.16,,0.116,,2.8,,4.35,,9.8,,31
29034,S2,Swale at Thornton Manor,01/11/1994 10:15,,,<,0.1,,37.5,,5.83,,1.962,,14,,5,,1.12903,,,,0.171,,103,,0.17,,0.1,,2,,3.85,,8,,21
29034,S2,Swale at Thornton Manor,06/11/1994 15:30,,,<,0.1,,53,,9.41,,3.558,,30,,8,,6.20968,,,,0.354,,74,,0.219,,0.121,,3.8,,5.47,,10.8,,43
29034,S2,Swale at Thornton Manor,08/11/1994 09:25,,,<,0.1,,73,,6.38,,1.364,,38,,10.8,,6.20968,,,,0.162,,114,,0.19,,0.139,,3.6,,5.82,,13.4,,61
29034,S2,Swale at Thornton Manor,13/11/1994 11:10,,,<,0.1,,58,,5.87,,4.808,,23,,8.6,,3.95161,,,,0.381,,86,,0.252,,0.124,,3.2,,5.38,,10.8,,37
29034,S2,Swale at Thornton Manor,14/11/1994 01:50,,,<,0.1,,18,,9.39,,15.608,,9,,2.2,,0.903226,,,,1.05,,,,0.387,,0.056,,1.4,,2.79,,5.2,,14
29034,S2,Swale at Thornton Manor,22/11/1994 08:50,,,<,0.1,,65,,6.96,,1.545,,26,,9.8,,5.08065,,,,0.134,,82,,0.164,,0.117,,3,,5.43,,11,,45
29034,S2,Swale at Thornton Manor,29/11/1994 11:02,,,<,0.1,,88,,3.3,,0.57,,27,,11.2,,3.83871,,,,0.07,,146,,0.214,,0.182,,2.6,,5.83,,13.6,,54
29034,S2,Swale at Thornton Manor,06/12/1994 10:05,,,<,0.1,,53,,8.18,,3.853,,26,,9.6,,6.20968,,,,0.359,,95,,0.27,,0.143,,3,,5.4,,10,,43
29034,S2,Swale at Thornton Manor,09/12/1994 10:38,,,<,0.1,,32.5,,,,,,13,,4,,2.25806,,,,,,,,,,,,1.8,,,,6.8,,17
29034,S2,Swale at Thornton Manor,09/12/1994 12:50,,,,,,,,,,9.491,,,,,,,,,,0.642,,,,,,,,,,,,,,
29034,S2,Swale at Thornton Manor,13/12/1994 11:55,,,<,0.1,,39,,5.23,,1.793,,17,,6,,2.59677,,,,0.125,,63,,0.167,,0.12,,1.8,,3.58,,8.2,,30
29034,S2,Swale at Thornton Manor,20/12/1994 13:40,,,<,0.1,,53,,6.12,,1.584,,24,,8.2,,3.72581,,,,0.106,,76,,0.133,,0.1,,2.4,,4.65,,11,,35
29034,S2,Swale at Thornton Manor,04/01/1995 09:41,,,<,0.1,,83,,3.38,,0.519,,35,,12.6,,6.66129,,,,0.04,,109,,0.163,,0.123,,3,,5.98,,16,,60
29034,S2,Swale at Thornton Manor,10/01/1995 10:52,,,<,0.1,,63,,3.75,,1.084,,28,,9.6,,4.96774,,,,0.104,,90,,0.132,,0.096,,2.2,,4.99,,12.2,,46
29034,S2,Swale at Thornton Manor,17/01/1995 12:30,,,<,0.1,,73,,3.41,,1.074,,38,,11.2,,5.30645,,,,0.096,,89,,0.139,,0.106,,2.8,,5.24,,18,,53
29034,S2,Swale at Thornton Manor,22/01/1995 12:05,,,<,0.1,,48,,4.91,,19.451,,31,,6.4,,3.95161,,,,1.509,,114,,0.978,,0.157,,3.2,,4.36,,16.2,,26
29034,S2,Swale at Thornton Manor,24/01/1995 12:10,,,<,0.1,,48,,,,3.067,,29,,7.4,,3.95161,,,,0.237,,50,,,,,,2.2,,,,14.2,,31
29034,S2,Swale at Thornton Manor,01/02/1995 13:17,,,<,0.1,,20,,3.67,,3.091,,9,,2,,1.24194,,,,1.37,,33,,3.612,,1.32,,1.6,,1.87,,5.2,,8
29034,S2,Swale at Thornton Manor,07/02/1995 09:25,,,<,0.1,,73,,,,,,28,,10.6,,5.53226,,,,,,64,,,,,,2.6,,,,13.4,,52
29034,S2,Swale at Thornton Manor,14/02/1995 12:45,,,<,0.1,,53,,4.48,,4.202,,22,,7.2,,3.83871,,,,0.283,,66,,0.335,,0.169,,2.4,,4.52,,10.4,,31
29034,S2,Swale at Thornton Manor,21/02/1995 09:05,,,<,0.1,,55,,3.9,,2.185,,23,,7.4,,3.6129,,,,0.188,,29,,0.157,,0.077,,2,,4.21,,10.2,,31
29034,S2,Swale at Thornton Manor,23/02/1995 07:45,,,<,0.1,,16,,,,22.73,,11,,1.4,,0.564516,,,,1.273,,36,,,,,,1.4,,,,5.4,,5
29034,S2,Swale at Thornton Manor,27/02/1995 13:27,,,<,0.1,,78,,2.63,,2.146,,28,,9.4,,5.08065,,,,0.103,,41,,0.098,,0.068,,2.6,,4.72,,12.8,,47
29034,S2,Swale at Thornton Manor,07/03/1995 09:25,,,<,0.1,,60,,3.68,,0.977,,31,,9,,3.6129,,,,0.079,,54,,0.104,,0.059,,2.4,,5.1,,15.4,,39
29034,S2,Swale at Thornton Manor,14/03/1995 09:25,,,,,,,,2.96,,0.172,,,,,,,,,,0.035,,,,0.11,,0.077,,,,4.68,,,,
29034,S2,Swale at Thornton Manor,14/03/1995 11:30,,,<,0.1,,67,,,,,,28,,10,,4.06452,,,,,,61,,,,,,2,,,,13.2,,45
29034,S2,Swale at Thornton Manor,22/03/1995 12:58,,,<,0.1,,64,,2.63,,0.723,,25,,9.6,,3.6129,,0.011,,0.074,,70,,0.139,,0.105,,2,,3.6,,13,,42
29034,S2,Swale at Thornton Manor,28/03/1995 08:50,,,<,0.1,,36,,4.73,,2.805,,21,,5.4,,1.91935,,0.017,,0.175,,62,,0.169,,0.061,,1.6,,1.94,,11.6,,27
29034,S2,Swale at Thornton Manor,04/04/1995 09:38,,,<,0.1,,78,,3.35,,0.44,,31,,13,,4.17742,,0.018,,0.055,,82,,0.147,,0.124,,2.4,,3.32,,15.6,,55
29034,S2,Swale at Thornton Manor,11/04/1995 10:55,,0.07,<,0.1,,90,,2.25,,0.571,,33,,14,,4.62903,,0.027,,0.069,,114,,0.186,,0.168,,2.8,,1.38,,16.8,,65
29034,S2,Swale at Thornton Manor,19/04/1995 08:00,,0.107,<,0.1,,95,,2.26,,0.571,,36,,15.2,,4.74194,,0.031,,0.061,,117,,0.168,,0.15,,2.8,,0.72,,17.8,,74
29034,S2,Swale at Thornton Manor,25/04/1995 09:00,,0.112,<,0.1,,60,,5.56,,0.931,,27,,9,,2.93548,,0.03,,0.095,,106,,0.156,,0.127,,3,,1.38,,16,,45
29034,S2,Swale at Thornton Manor,02/05/1995 09:45,,0.047,<,0.1,,118,,3.37,,1.339,,43,,21,,8.80645,,0.043,,0.156,,198,,0.257,,0.212,,4,,1.12,,19,,105
29034,S2,Swale at Thornton Manor,10/05/1995 09:25,,0.02,<,0.1,,95,,2.48,,0.83,,33,,15,,4.29032,,0.055,,,,184,,0.239,,0.218,,3,,0.97,,17,,76
29034,S2,Swale at Thornton Manor,16/05/1995 09:00,<,0.02,<,0.1,,90,,2.34,,0.535,,33,,15,,3.83871,,0.029,,0.083,,147,,0.169,,0.158,,3,,0.65,,17,,74
29034,S2,Swale at Thornton Manor,23/05/1995 08:35,<,0.02,<,0.1,,80,,2.75,,0.427,,31,,14,,3.3871,,0.031,,0.129,,141,,0.175,,0.162,,3,,0.32,,17,,69
29034,S2,Swale at Thornton Manor,31/05/1995 08:35,,0.109,<,0.1,,73,,1.76,,0.57,,29,,12,,3.16129,,0.064,,0.088,,230,,0.275,,0.257,,3,,2.34,,16,,58
29034,S2,Swale at Thornton Manor,06/06/1995 10:30,,0.054,<,0.1,,90,,3.38,,0.3,,33,,15,,3.83871,,0.06,,0.034,,268,,0.369,,0.345,,4,,2.68,,18,,75
29034,S2,Swale at Thornton Manor,13/06/1995 11:32,,0.027,<,0.1,,88,,2.55,,0.333,,33,,14,,3.83871,,0.041,,0.038,,225,,0.898,,0.874,,3,,2.64,,17,,74
29034,S2,Swale at Thornton Manor,20/06/1995 09:15,,0.05,<,0.1,,98,,2.63,,0.499,,37,,16,,4.06452,,0.049,,0.063,,284,,0.337,,0.327,,4,,2.1,,19,,86
29034,S2,Swale at Thornton Manor,27/06/1995 08:53,<,0.02,<,0.1,,85,,2.96,,1.262,,34,,16,,3.6129,,0.04,,0.094,,294,,0.354,,0.337,,4,,2.74,,19,,79
29034,S2,Swale at Thornton Manor,04/07/1995 10:15,,0.024,<,0.1,,93,,2.66,,0.701,,37,,17,,3.3871,,0.057,,0.109,,281,,0.479,,0.441,,4,,2.96,,20,,87
29034,S2,Swale at Thornton Manor,11/07/1995 08:40,<,0.02,<,0.1,,90,,2.4,,2.433,,34,,16,,3.16129,,0.037,,,,240,,0.327,,0.263,,4,,0.43,,19,,76
29034,S2,Swale at Thornton Manor,18/07/1995 10:30,,0.036,<,0.1,,90,,3.32,,0.547,,37,,16,,3.16129,,0.061,,0.125,,300,,0.386,,0.351,,4,,2.08,,19,,89
29034,S2,Swale at Thornton Manor,25/07/1995 09:00,,0.027,<,0.1,,88,,2.75,,0.469,,35,,16,,2.70968,,0.029,,0.061,,313,,0.379,,0.371,,4,,2.68,,20,,82
29034,S2,Swale at Thornton Manor,01/08/1995 08:42,,0.027,<,0.1,,88,,2.87,,0.436,,38,,17,,2.48387,,0.029,,0.085,,314,,0.372,,0.355,,4,,4.52,,21,,94
29034,S2,Swale at Thornton Manor,08/08/1995 10:20,<,0.02,<,0.1,,85,,2.82,,0.378,,38,,18,,2.48387,,0.024,,0.067,,327,,0.396,,0.386,,4,,2.46,,21,,95
29034,S2,Swale at Thornton Manor,15/08/1995 10:20,<,0.02,<,0.1,,73,,,,0.328,,36,,17,,2.48387,,0.03,,0.051,,353,,0.415,,0.397,,3,,1.83,,19,,88
29034,S2,Swale at Thornton Manor,22/08/1995 09:55,,0.021,<,0.1,,85,,2.41,,0.525,,39,,19,,2.25806,,0.032,,0.08,,376,,0.407,,0.376,,4,,2.24,,21,,100
29034,S2,Swale at Thornton Manor,30/08/1995 08:50,<,0.02,<,0.1,,93,,2.79,,0.255,,39,,19,,2.70968,,0.04,,0.047,,394,,0.434,,0.421,,4,,5.25,,21,,95
29034,S2,Swale at Thornton Manor,05/09/1995 08:27,,0.022,<,0.1,,95,,3.01,,0.293,,39,,18,,3.16129,,0.027,,0.051,,381,,0.485,,0.465,,4,,9.2,,20,,100
29034,S2,Swale at Thornton Manor,08/09/1995 12:00,,,<,0.1,,80,,4.04,,0.906,,38,,16,,3.83871,,0.085,,0.133,,578,,0.65,,0.607,,6,,3.52,,21,,90
29034,S2,Swale at Thornton Manor,12/09/1995 10:10,,0.096,<,0.1,,83,,5.16,,1.162,,38,,14,,5.19355,,0.119,,0.121,,360,,0.489,,0.437,,6,,7.5,,20,,87
29034,S2,Swale at Thornton Manor,19/09/1995 10:00,,0.053,<,0.1,,88,,3.76,,0.228,,39,,15,,4.06452,,0.04,,0.06,,330,,0.406,,0.386,,5,,6.69,,19,,92
29034,S2,Swale at Thornton Manor,26/09/1995 08:10,<,0.02,<,0.1,,95,,2.91,,0.418,,38,,17,,3.16129,,0.017,,0.06,,341,,0.409,,0.385,,4,,6.4,,19,,97
29034,S2,Swale at Thornton Manor,03/10/1995 08:42,<,0.02,<,0.1,,80,,3.4,,0.359,,31,,14,,2.70968,,0.015,,0.05,,331,,0.442,,0.431,,3,,2.24,,19,,79
29034,S2,Swale at Thornton Manor,10/10/1995 09:15,,0.034,<,0.1,,45,,5.88,,0.718,,18,,7,,1.12903,,0.02,,0.056,,156,,0.221,,0.186,,2,,4.46,,11,,39
29034,S2,Swale at Thornton Manor,17/10/1995 11:05,,0.093,<,0.1,,75,,4.33,,0.718,,30,,14,,2.93548,,0.042,,0.093,,387,,0.473,,0.423,,3,,5.62,,18,,75
29034,S2,Swale at Thornton Manor,24/10/1995 11:07,,0.024,<,0.1,,68,,4.01,,0.542,,28,,12,,2.70968,,0.025,,0.083,,394,,0.44,,0.421,,3,,4.57,,16,,68
29034,S2,Swale at Thornton Manor,31/10/1995 08:55,,0.026,<,0.1,,63,,5.04,,0.511,,25,,12,,2.48387,,0.016,,0.068,,307,,0.34,,0.325,,3,,4.27,,15,,61
29034,S2,Swale at Thornton Manor,07/11/1995 09:50,,0.035,<,0.1,,83,,2.97,,0.355,,32,,14,,2.93548,,0.028,,0.037,,393,,0.452,,0.438,,3,,4.08,,19,,80
29034,S2,Swale at Thornton Manor,12/11/1995 14:45,,,<,0.1,,75,,3.3,,4.951,,29,,12,,2.93548,,,,0.448,,284,,0.552,,0.284,,3,,3.66,,17,,64
29034,S2,Swale at Thornton Manor,14/11/1995 09:14,,0.043,<,0.1,,37,,13.7,,1.697,,17,,6,,1.12903,,0.023,,0.237,,125,,0.235,,0.207,,2,,4.5,,10,,38
29034,S2,Swale at Thornton Manor,16/11/1995 14:30,,,<,0.1,,58,,9.21,,2.932,,23,,8,,2.03226,,,,0.247,,253,,0.384,,0.29,,3,,5.77,,14,,57
29034,S2,Swale at Thornton Manor,21/11/1995 11:30,,0.047,<,0.1,,60,,,,,,30,,9,,3.83871,,0.038,,,,153,,,,,,3,,,,15,,60
29034,S2,Swale at Thornton Manor,28/11/1995 11:45,,0.025,<,0.1,,50,,8.08,,0.617,,22,,7,,2.25806,,0.016,,0.058,,135,,0.2,,0.18,,2,,4.98,,12,,45
29034,S2,Swale at Thornton Manor,05/12/1995 11:30,,0.134,<,0.1,,75,,7.17,,1.753,,32,,11,,5.87097,,0.072,,0.145,,229,,0.33,,0.269,,4,,6.28,,16,,69
29034,S2,Swale at Thornton Manor,12/12/1995 09:15,,0.035,,0,,53,,4.22,,0.593,,26,,8,,3.16129,,0.022,,0.038,,112,,0.152,,0.126,,2,,5.25,,14,,49
29034,S2,Swale at Thornton Manor,18/12/1995 09:43,,0.062,<,0.1,,65,,3.31,,0.449,,32,,11,,3.6129,,0.03,,0.032,,176,,0.248,,0.22,,2,,5.61,,17,,65
29034,S2,Swale at Thornton Manor,03/01/1996 10:40,,0.18,<,0.1,,70,,3.46,,0.624,,54,,11,,3.83871,,0.037,,0.062,,185,,0.273,,0.242,,2.8,,5.89,,26,,60
29034,S2,Swale at Thornton Manor,09/01/1996 10:12,,0.078,<,0.1,,53,,9.42,,2.777,,29,,8.2,,6.54839,,0.035,,0.195,,74,,0.216,,0.113,,2.4,,4.61,,13,,47
29034,S2,Swale at Thornton Manor,16/01/1996 11:15,,0.053,<,0.1,,63,,5.05,,0.86,,27,,8.2,,5.64516,,0.026,,0.057,,89,,0.233,,0.207,,1.6,,5.28,,12.6,,51
29034,S2,Swale at Thornton Manor,23/01/1996 09:05,,0.028,<,0.1,,75,,5.06,,0.709,,33,,8.6,,5.19355,,0.033,,0.04,,174,,0.2,,0.196,,2,,5.99,,16.2,,63
29034,S2,Swale at Thornton Manor,30/01/1996 09:48,,0.207,<,0.1,,85,,3.06,,0.791,,98,,12.2,,4.85484,,0.042,,0.086,,239,,0.307,,0.273,,2.8,,5.98,,53,,71
29034,S2,Swale at Thornton Manor,06/02/1996 10:40,,0.085,<,0.1,,98,,4.75,,0.717,,69,,17.2,,10.7258,,0.041,,0.089,,167,,0.332,,0.311,,3,,6.03,,30,,86
29034,S2,Swale at Thornton Manor,10/02/1996 16:40,,,<,0.1,,88,,8.83,,9.187,,94,,13.8,,10.1613,,,,1.089,,178,,0.492,,0.192,,6.6,,5.62,,44,,84
29034,S2,Swale at Thornton Manor,12/02/1996 12:35,,0.187,<,0.1,,38,,13.63,,8.963,,34,,6,,5.41935,,0.023,,0.706,,64,,0.439,,0.106,,2,,4.01,,16.8,,33
29034,S2,Swale at Thornton Manor,20/02/1996 11:15,,0.114,<,0.1,,58,,5.17,,1.359,,40,,8.2,,5.19355,,0.02,,0.106,,66,,0.203,,0.142,,1.8,,4.43,,18,,46
29034,S2,Swale at Thornton Manor,27/02/1996 11:03,,0.066,<,0.1,,75,,5.17,,0.714,,41,,11,,7.90323,,0.022,,0.056,,84,,0.199,,0.162,,2.4,,4.99,,18.2,,56
29034,S2,Swale at Thornton Manor,05/03/1996 08:43,,0.064,<,0.1,,68,,4.53,,0.994,,37,,10.4,,6.43548,,0.026,,0.099,,82,,0.23,,0.191,,1.8,,4.34,,16.8,,53
29034,S2,Swale at Thornton Manor,13/03/1996 11:10,,0.128,<,0.1,,83,,3.23,,0.659,,53,,12,,5.64516,,0.023,,0.058,,134,,0.213,,0.176,,2.2,,3.19,,25,,69
29034,S2,Swale at Thornton Manor,19/03/1996 09:55,,0.1,<,0.1,,90,,4.97,,0.838,,56,,13.6,,9.25806,,0.033,,0.101,,100,,0.227,,0.198,,3.2,,4.53,,25,,72
29034,S2,Swale at Thornton Manor,25/03/1996 13:00,,0.024,<,0.1,,60,,5.19,,0.701,,30,,8.6,,4.74194,,0.013,,0.083,,80,,0.153,,0.133,,1.8,,3.47,,14,,47
29034,S2,Swale at Thornton Manor,01/04/1996 10:00,,0.022,<,0.1,,80,,4.19,,0.386,,34,,11.6,,5.30645,,0.016,,0.04,,122,,0.14,,0.131,,2.4,,1.98,,16.2,,66
29034,S2,Swale at Thornton Manor,09/04/1996 07:33,,0.071,<,0.1,,88,,3.03,,0.546,,34,,12.8,,4.96774,,0.02,,0.043,,166,,0.305,,0.289,,2.6,,0.87,,17,,73
29034,S2,Swale at Thornton Manor,16/04/1996 11:10,,0.073,<,0.1,,83,,2.71,,0.536,,34,,12.6,,4.85484,,0.024,,0.069,,216,,0.324,,0.299,,2.8,,1.08,,17.6,,75
29034,S2,Swale at Thornton Manor,23/04/1996 09:25,,0.073,<,0.1,,75,,3.92,,0.984,,31,,11.4,,3.72581,,0.027,,0.12,,226,,0.298,,0.264,,2.6,,1.08,,16,,66
29034,S2,Swale at Thornton Manor,30/04/1996 10:50,,0.072,<,0.1,,75,,3.16,,0.391,,32,,11.8,,3.72581,,0.024,,0.065,,162,,0.195,,0.171,,2.6,,1.07,,16.4,,61
29034,S2,Swale at Thornton Manor,02/05/1996 09:32,,0.137,<,0.1,,75,,3.45,,1.472,,31,,11.6,,6.09677,,0.047,,0.081,,182,,0.324,,0.251,,3,,1.44,,17,,57
29034,S2,Swale at Thornton Manor,08/05/1996 10:46,<,0.02,<,0.1,,85,,4.65,,0.474,,31,,13.2,,3.83871,,0.014,,0.042,,148,,0.188,,0.165,,2.8,,1.31,,18.2,,61
29034,S2,Swale at Thornton Manor,14/05/1996 08:15,<,0.02,<,0.1,,80,,2.51,,0.784,,31,,11.2,,3.3871,,0.015,,0.071,,164,,0.2,,0.182,,2.8,,0.63,,16.6,,58
29034,S2,Swale at Thornton Manor,21/05/1996 09:30,,0.027,<,0.1,,80,,4.75,,0.368,,33,,12.6,,3.6129,,0.033,,0.037,,207,,1.6,,1.566,,3.2,,0.49,,17.8,,71
29034,S2,Swale at Thornton Manor,29/05/1996 08:42,,0.058,<,0.1,,55,,3.59,,0.655,,20,,7.4,,1.80645,,0.026,,0.063,,189,,0.243,,0.2,,2,,2.04,,11.6,,36
29034,S2,Swale at Thornton Manor,04/06/1996 10:40,,0.257,<,0.1,,80,,6.54,,0.763,,32,,12.4,,3.27419,,0.064,,0.067,,378,,0.44,,0.423,,3.6,,4.24,,18.4,,79
29034,S2,Swale at Thornton Manor,11/06/1996 08:25,,0.04,<,0.1,,83,,4,,0.547,,33,,12.8,,3.5,,0.049,,0.082,,308,,0.364,,0.329,,3.4,,2.82,,18,,67
29034,S2,Swale at Thornton Manor,18/06/1996 08:26,<,0.02,<,0.1,,83,,3.842,,0.495,,32,,12.4,,2.93548,,0.028,,0.049,,272,,0.62,,0.38,,3,,1.7,,17.4,,71
29034,S2,Swale at Thornton Manor,25/06/1996 10:50,<,0.02,<,0.1,,93,,2.733,,0.497,,37,,14.8,,3.5,,0.025,,0.052,,356,,0.44,,0.43,,3.6,,2.87,,19,,83
29034,S2,Swale at Thornton Manor,02/07/1996 10:45,,,<,0.1,,88,,3.826,,0.669,,38,,13.4,,3.04839,,0.09776,,0.071,,508,,0.64,,0.6,,4.8,,3.07,,21,,82
29034,S2,Swale at Thornton Manor,09/07/1996 11:00,,0.037,<,0.1,,65,,7.461,,1.079,,26,,10.6,,2.14516,,0.026,,0.089,,312,,0.44,,0.38,,2.8,,3.9,,15.4,,58
29034,S2,Swale at Thornton Manor,16/07/1996 11:00,<,0.02,<,0.1,,88,,4.161,,0.47,,36,,14.8,,2.37097,,0.03672,,0.066,,384,,0.43,,0.4,,3.4,,2.63,,20,,83
29034,S2,Swale at Thornton Manor,23/07/1996 08:14,,0.038,<,0.1,,90,,3.299,,0.534,,38,,16.8,,1.80645,,0.03028,,0.082,,346,,0.41,,0.39,,3.6,,0.48,,20,,88
29034,S2,Swale at Thornton Manor,30/07/1996 10:24,,0.061,,0.15,,88,,3.219,,0.825,,39,,15.2,,2.59677,,0.04433,,0.11,,475,,0.56,,0.54,,4.6,,2.77,,21,,85
29034,S2,Swale at Thornton Manor,06/08/1996 10:47,,0.042,<,0.1,,85,,3.753,,0.421,,34,,14.4,,2.03226,,0.02281,,0.057,,360,,0.41,,0.4,,3.4,,1.63,,19.6,,80
29034,S2,Swale at Thornton Manor,13/08/1996 10:15,,0.335,<,0.1,,80,,3.661,,0.502,,33,,13.6,,3.04839,,0.0784,,0.058,,358,,0.43,,0.42,,4,,2.53,,18.8,,71
29034,S2,Swale at Thornton Manor,20/08/1996 08:15,,0.033,<,0.1,,88,,4.435,,0.655,,34,,14.8,,2.03226,,0.034,,0.132,,414,,0.49,,0.48,,4,,2.48,,20,,81
29034,S2,Swale at Thornton Manor,27/08/1996 11:25,,0.144,<,0.1,,83,,3.021,,0.812,,33,,13.2,,2.48387,,0.051,,0.042,,397,,0.47,,0.45,,4.4,,2.98,,20,,72
29034,S2,Swale at Thornton Manor,03/09/1996 10:00,,0.066,<,0.1,,68,,7.492,,0.901,,27,,10.4,,1.69355,,0.032,,0.116,,296,,0.37,,0.35,,3.4,,6.23,,15.8,,56
29034,S2,Swale at Thornton Manor,11/09/1996 11:07,,0.086,<,0.1,,88,,2.57,,0.401,,32,,13.6,,2.59677,,0.026,,0.046,,370,,0.443,,0.408,,3.6,,3.58,,19,,75
29034,S2,Swale at Thornton Manor,17/09/1996 10:00,,0.02,<,0.1,,90,,2.16,,0.311,,33,,14.2,,2.70968,,0.017,,0.041,,390,,0.421,,0.403,,3.6,,3.58,,20,,83
29034,S2,Swale at Thornton Manor,24/09/1996 10:15,,0.013,<,0.1,,95,,4.19,,0.334,,35,,15.4,,2.70968,,0.013,,0.05,,402,,0.472,,0.454,,4,,1.71,,20,,87
29034,S2,Swale at Thornton Manor,30/09/1996 10:50,,0.046,<,0.1,,21.5,,19.06,,7.464,,11,,3,,0.677419,,0.01,,0.547,,63,,0.418,,0.13,,2,,2.22,,6.2,,18
29034,S2,Swale at Thornton Manor,08/10/1996 09:55,,0.046,<,0.1,,48,,11.35,,0.812,,19,,7.2,,1.80645,,0.016,,0.061,,241,,0.322,,0.302,,2,,4.49,,11.8,,41
29034,S2,Swale at Thornton Manor,15/10/1996 08:30,,0.021,<,0.1,,80,,4.12,,0.293,,28,,12.2,,2.59677,,,,0.04,,377,,0.436,,0.427,,3.4,,5.09,,17.2,,67
29034,S2,Swale at Thornton Manor,20/10/1996 08:40,,0.029,<,0.1,,48,,14.38,,1.304,,19,,7.4,,1.58065,,,,0.101,,228,,0.288,,0.257,,2.2,,3.99,,11.6,,38
29034,S2,Swale at Thornton Manor,28/10/1996 09:17,,,<,0.1,,19,,20.67,,4.645,,10,,3,,1.35484,,0.011,,0.35,,30,,0.261,,0.079,,1.4,,3.04,,6.2,,12
29034,S2,Swale at Thornton Manor,29/10/1996 09:25,,0.016,<,0.1,,26,,20.441,,1.387,,12,,3.6,,0.903226,,0.012,,0.065,,72,,0.174,,0.109,,1.6,,3.19,,7.2,,18
29034,S2,Swale at Thornton Manor,05/11/1996 10:30,,0.022,<,0.05,,24.5,,16.358,,2.703,,12,,3.3,,0.225806,,0.011,,0.132,,73,,0.194,,0.103,,1.2,,3.44,,6.9,,14.5
29034,S2,Swale at Thornton Manor,07/11/1996 10:45,<,0.00004,<,0.05,,23,,15.368,,5.381,,12.5,,2.9,,0.767742,,0.011,,0.242,,61,,0.282,,0.106,,1.9,,9.92,,6.9,,15.5
29034,S2,Swale at Thornton Manor,12/11/1996 12:00,,0.03,<,0.05,,49.5,,6.453,,0.806,,22,,7,,0.270968,,0.01,,0.021,,210,,0.237,,0.197,,2.4,,4.9,,12.3,,35
29034,S2,Swale at Thornton Manor,18/11/1996 14:05,,0.048,<,0.05,,57,,3.786,,0.638,,24,,8.1,,1.76129,,0.013,,0.056,,157,,0.388,,0.353,,2.8,,5.43,,13,,41
29034,S2,Swale at Thornton Manor,26/11/1996 10:55,,0.21,,0.05,,74,,4.313,,3.191,,88,,10.7,,4.51613,,0.036,,0.263,,208,,0.362,,0.219,,5.8,,5.5,,49,,54
29034,S2,Swale at Thornton Manor,03/12/1996 12:00,,0.075,<,0.05,,29.5,,11.808,,1.915,,21,,4.1,,1.17419,,0.012,,0.115,,61,,0.166,,0.111,,1.7,,3.51,,11,,23
29034,S2,Swale at Thornton Manor,10/12/1996 10:25,,,,,,,,,,0.99,,,,,,,,,,0.066,,,,,,,,,,,,,,
29034,S2,Swale at Thornton Manor,10/12/1996 12:25,,0.045,<,0.05,,35.5,,,,,,18,,4.8,,1.67097,,0.012,,,,69,,,,,,1.4,,,,9.3,,26
29034,S2,Swale at Thornton Manor,16/12/1996 11:55,,0.083,<,0.05,,61,,4.216,,0.562,,27,,8.7,,2.84516,,0.016,,0.037,,159,,0.234,,0.209,,2.3,,5.45,,14.2,,47
29037,N4,Nidd at Skip Bridge,07/09/1993 11:35,,,,0.05,,36.3,,5.43,,0.674,,28,,9.6,,3.3871,,,,0.067,,,,0.724,,0.7,,4.5,,4.78,,20.8,,40
29037,N4,Nidd at Skip Bridge,14/09/1993 10:40,,,<,0.05,,17.9,,10.05,,6.351,,13.5,,4.1,,1.26452,,,,0.701,,,,0.34,,0.15,,3.5,,3.63,,8,,16
29037,N4,Nidd at Skip Bridge,21/09/1993 12:15,,,,0.05,,27.4,,6.47,,1.205,,23,,7,,1.08387,,,,0.029,,,,0.234,,0.196,,3.2,,5.75,,13.6,,28
29037,N4,Nidd at Skip Bridge,28/09/1993 11:45,,,,0.05,,38.9,,4.91,,0.539,,30,,10.3,,4.51613,,,,0.071,,,,0.446,,0.413,,4.3,,6.99,,19.1,,40
29037,N4,Nidd at Skip Bridge,05/10/1993 11:25,,,,0.05,,32.4,,8.47,,1.469,,23,,8,,0.948387,,,,0.236,,,,0.301,,0.244,,4.1,,5.84,,12.8,,29
29037,N4,Nidd at Skip Bridge,11/10/1993 10:00,,,,0.05,,35.2,,6.7,,0.871,,24,,8.8,,3.43226,,,,0.034,,,,0.212,,0.196,,3,,6.28,,13.4,,33
29037,N4,Nidd at Skip Bridge,18/10/1993 10:30,,,,0.05,,47.2,,5.59,,0.691,,31,,12.3,,3.47742,,,,0.029,,,,0.228,,0.209,,4,,6.96,,17.1,,47
29037,N4,Nidd at Skip Bridge,25/10/1993 10:50,,,,0.05,,45,,4.44,,0.426,,33,,11.9,,4.2,,,,0.027,,,,0.375,,0.343,,4.3,,7.48,,19.2,,49
29037,N4,Nidd at Skip Bridge,01/11/1993 13:35,,,,0.05,,44.8,,4.41,,0.375,,32,,11.9,,5.41935,,,,0.026,,,,0.472,,0.451,,4.6,,7.71,,19.5,,49
29037,N4,Nidd at Skip Bridge,08/11/1993 11:09,,,,0.05,,46.7,,4.52,,0.375,,33,,12.4,,4.96774,,,,0.017,,,,0.55,,0.516,,5.4,,8.03,,20.9,,49
29037,N4,Nidd at Skip Bridge,15/11/1993 11:36,,,,0.05,,45.7,,9.45,,6.971,,34,,11.1,,5.41935,,,,0.79,,,,0.622,,0.411,,7.8,,6.1,,15,,39
29037,N4,Nidd at Skip Bridge,22/11/1993 11:07,,,<,0.05,,51,,5.06,,0.632,,21,,13.4,,2.61935,,,,0.061,,,,0.341,,0.309,,4.5,,7.2,,25.9,,23
29037,N4,Nidd at Skip Bridge,29/11/1993 11:39,,,,0.1,,47.2,,5.01,,0.674,,40,,12.6,,2.25806,,,,0.059,,,,0.382,,0.363,,4.4,,7.44,,23.9,,45
29037,N4,Nidd at Skip Bridge,06/12/1993 11:40,,,,0.05,,40.4,,5.42,,0.786,,35,,10.4,,2.39355,,,,0.078,,,,0.31,,0.279,,4.5,,6.46,,20.2,,39
29037,N4,Nidd at Skip Bridge,13/12/1993 09:57,,,,0.05,,33.4,,4.79,,2.402,,54,,8.3,,3.16129,,,,0.203,,,,0.262,,0.175,,3.5,,6.7,,30.4,,30
29037,N4,Nidd at Skip Bridge,20/12/1993 11:27,,,<,0.05,,23.4,,6.1,,5.195,,20,,5.8,,2.57419,,,,0.432,,,,0.316,,0.133,,3.1,,3.86,,10.4,,21
29037,N4,Nidd at Skip Bridge,04/01/1994 12:15,,,<,0.05,,26,,4.86,,6.888,,27,,6.6,,2.98065,,,,0.47,,,,0.507,,0.212,,4.4,,4.11,,15.2,,21
29037,N4,Nidd at Skip Bridge,10/01/1994 12:15,,,,0.05,,43.5,,4.29,,1.362,,52,,11.5,,3.47742,,,,0.075,,,,0.208,,0.166,,3.5,,5.97,,29.5,,40
29037,N4,Nidd at Skip Bridge,17/01/1994 12:20,,,<,0.05,,26.9,,4.28,,1.434,,24,,7.1,,1.85161,,,,0.077,,,,0.162,,0.126,,2.5,,3.36,,13.7,,25
29037,N4,Nidd at Skip Bridge,24/01/1994 12:10,,,,0.05,,27.7,,5.82,,3.78,,25,,7.2,,2.03226,,,,0.324,,,,0.372,,0.236,,4.2,,3.38,,14,,23
29037,N4,Nidd at Skip Bridge,31/01/1994 11:36,,,,0.05,,26.9,,4.39,,1.435,,24,,7.1,,2.34839,,,,0.094,,,,0.164,,0.127,,2.4,,4.77,,13.6,,24
29037,N4,Nidd at Skip Bridge,07/02/1994 12:45,,,,0.05,,32.1,,3.93,,1.541,,35,,8.5,,3.52258,,,,0.12,,,,0.189,,0.144,,3,,5.47,,20.9,,28
29037,N4,Nidd at Skip Bridge,14/02/1994 11:50,,,,0.05,,37.9,,3.55,,0.901,,30,,10.3,,3.52258,,,,0.054,,,,0.285,,0.263,,3.1,,6.07,,17.1,,37
29037,N4,Nidd at Skip Bridge,21/02/1994 12:30,,,<,0.1,,45,,3.6,,0.856,,54,,13.2,,5.64516,,,,0.09,,,,0.291,,0.235,,4.2,,6.16,,24,,57
29037,N4,Nidd at Skip Bridge,28/02/1994 12:30,,,<,0.1,,28.5,,6.41,,4.652,,41,,7.2,,2.70968,,,,0.379,,,,0.598,,0.31,,6,,3.54,,17.6,,29
29037,N4,Nidd at Skip Bridge,08/03/1994 11:40,,,<,0.1,,29.5,,3.73,,0.889,,36,,8,,4.17742,,,,0.094,,,,0.195,,0.148,,2.8,,4.84,,16,,37
29037,N4,Nidd at Skip Bridge,14/03/1994 11:45,,,<,0.1,,26,,5.4,,2.661,,26,,6.8,,2.70968,,,,0.145,,,,0.319,,0.192,,3.4,,4.23,,16.8,,23
29037,N4,Nidd at Skip Bridge,22/03/1994 12:40,,,<,0.1,,36,,3.85,,0.406,,32,,10.4,,4.29032,,,,0.01,,,,0.341,,0.303,,3.8,,5.38,,19,,36
29037,N4,Nidd at Skip Bridge,29/03/1994 11:00,,,<,0.1,,26,,4.02,,0.78,,26,,7.2,,3.27419,,,,0.055,,,,0.198,,0.154,,3,,4.69,,14.8,,27
29037,N4,Nidd at Skip Bridge,05/04/1994 09:56,,,<,0.1,,14.5,,7.09,,1.595,,21,,7.4,,2.82258,,,,0.143,,,,0.192,,0.135,,3,,4.11,,13.8,,20
29037,N4,Nidd at Skip Bridge,12/04/1994 09:50,,,<,0.1,,28.5,,4.05,,0.736,,23,,7.8,,3.04839,,,,0.062,,,,0.24,,0.192,,3.2,,4.38,,15.2,,27
29037,N4,Nidd at Skip Bridge,19/04/1994 10:25,,,<,0.1,,40,,3.63,,0.597,,25,,12.8,,3.5,,,,0.075,,,,0.359,,0.321,,3.6,,4.44,,18,,33
29037,N4,Nidd at Skip Bridge,26/04/1994 09:41,,,<,0.1,,40.5,,6.35,,,,38,,11.6,,5.41935,,,,,,,,0.612,,0.518,,5.8,,4.44,,24,,39
29037,N4,Nidd at Skip Bridge,03/05/1994 10:00,,,<,0.1,,58,,3.97,,0.877,,37,,15.8,,4.62903,,,,0.149,,,,0.5,,0.451,,5.4,,2.57,,26,,48
29037,N4,Nidd at Skip Bridge,10/05/1994 09:10,,,<,0.1,,55,,4.12,,0.748,,38,,15,,5.53226,,,,0.107,,,,0.632,,0.567,,5.8,,2.47,,28,,47
29037,N4,Nidd at Skip Bridge,17/05/1994 10:40,,,<,0.1,,55,,4.74,,1.264,,36,,14.6,,5.30645,,,,0.169,,,,0.553,,0.478,,6,,2.45,,25.2,,44
29037,N4,Nidd at Skip Bridge,24/05/1994 10:20,,,<,0.1,,39,,5.37,,1.316,,33,,10.6,,4.51613,,,,0.156,,,,0.521,,0.463,,5,,3.83,,21,,35
29037,N4,Nidd at Skip Bridge,01/06/1994 10:05,,,<,0.1,,45,,4.08,,1.174,,32,,12.4,,4.74194,,,,0.194,,,,0.7,,0.602,,4.8,,2.85,,20.8,,45
29037,N4,Nidd at Skip Bridge,08/06/1994 09:15,,,<,0.1,,45,,4.5,,0.838,,31,,12,,4.40323,,,,0.121,,,,0.648,,0.606,,4.8,,3.75,,21,,43
29037,N4,Nidd at Skip Bridge,14/06/1994 11:55,,,<,0.1,,45,,3.83,,0.869,,31,,12.6,,4.74194,,,,0.134,,,,0.775,,0.714,,5.2,,4.05,,22,,46
29037,N4,Nidd at Skip Bridge,21/06/1994 09:34,,,<,0.1,,88,,3.88,,0.701,,29,,16.2,,3.6129,,,,0.088,,,,0.751,,0.676,,2.4,,6.38,,16,,78
29037,N4,Nidd at Skip Bridge,27/06/1994 09:10,,,<,0.1,,40,,4.77,,0.894,,35,,11.6,,4.74194,,,,0.105,,680,,0.749,,0.708,,4.8,,5.81,,20,,44
29037,N4,Nidd at Skip Bridge,05/07/1994 08:00,,,<,0.1,,43,,4.65,,1.019,,34,,11.8,,4.17742,,,,0.14,,670,,0.894,,0.851,,5,,5.49,,21,,45
29037,N4,Nidd at Skip Bridge,12/07/1994 08:50,,,<,0.1,,43,,4.47,,0.743,,30,,11.4,,4.06452,,,,0.093,,688,,0.866,,0.799,,5,,4.41,,21,,45
29037,N4,Nidd at Skip Bridge,19/07/1994 07:40,,,<,0.1,,40,,4.28,,0.688,,25,,11.8,,3.72581,,,,0.093,,755,,0.852,,0.803,,5,,1.72,,21,,46
29037,N4,Nidd at Skip Bridge,25/07/1994 08:35,,,<,0.1,,40,,4.33,,1.401,,25,,10.8,,3.95161,,,,0.121,,796,,0.903,,0.837,,5.6,,1.79,,21,,44
29037,N4,Nidd at Skip Bridge,02/08/1994 09:59,,,<,0.1,,39,,3.71,,0.588,,30,,10.4,,3.72581,,,,0.029,,687,,0.756,,0.721,,5,,1.82,,20,,40
29037,N4,Nidd at Skip Bridge,08/08/1994 10:15,,,<,0.1,,38,,6.48,,0.622,,27,,11.6,,3.95161,,,,0.07,,620,,2.281,,2.261,,6,,4.27,,18,,39
29037,N4,Nidd at Skip Bridge,17/08/1994 11:10,,,<,0.1,,45,,3.86,,0.579,,29,,11.8,,4.06452,,,,0.065,,901,,0.929,,0.911,,5,,3.29,,23,,42
29037,N4,Nidd at Skip Bridge,23/08/1994 10:05,,,<,0.1,,43,,3.98,,,,29,,12,,3.83871,,,,,,785,,0.92,,0.787,,5,,2.12,,21,,45
29037,N4,Nidd at Skip Bridge,30/08/1994 11:45,,,<,0.1,,40,,4.07,,0.45,,30,,11.8,,3.95161,,,,0.05,,774,,0.867,,0.853,,5.2,,2.59,,28,,43
29037,N4,Nidd at Skip Bridge,06/09/1994 08:58,,,<,0.1,,40,,4.37,,0.455,,29,,11.2,,3.95161,,,,0.032,,721,,2.517,,2.476,,5.8,,5.13,,22,,41
29037,N4,Nidd at Skip Bridge,12/09/1994 16:20,,,<,0.1,,36.5,,,,0.949,,30,,10.2,,4.51613,,,,0.063,,803,,,,,,5.8,,,,22,,38
29037,N4,Nidd at Skip Bridge,13/09/1994 10:10,,,<,0.1,,30.5,,4.92,,4.691,,29,,8.4,,3.3871,,,,0.332,,656,,0.882,,0.776,,5.8,,5.53,,23,,30
29037,N4,Nidd at Skip Bridge,20/09/1994 11:10,,,<,0.1,,36.5,,8.63,,0.77,,31,,9.8,,4.06452,,,,0.081,,421,,0.616,,0.58,,5.4,,6.43,,23,,43
29037,N4,Nidd at Skip Bridge,27/09/1994 09:50,,,<,0.1,,30.5,,6.16,,0.733,,31,,8.6,,3.5,,,,0.072,,420,,0.571,,0.491,,5.6,,6.4,,21,,32
29037,N4,Nidd at Skip Bridge,04/10/1994 12:10,,,<,0.1,,30.5,,5.67,,0.96,,32,,8.6,,3.3871,,,,0.108,,455,,0.64,,0.563,,6,,7.26,,21,,30
29037,N4,Nidd at Skip Bridge,11/10/1994 11:38,,,<,0.1,,38,,5.58,,0.841,,30,,10.8,,3.6129,,,,0.079,,541,,0.628,,0.605,,5.2,,6.75,,21,,40
29037,N4,Nidd at Skip Bridge,18/10/1994 10:45,,,<,0.1,,31.5,,5.3,,0.738,,26,,9.6,,3.6129,,,,0.118,,815,,0.701,,0.662,,4.6,,6.17,,25,,37
29037,N4,Nidd at Skip Bridge,25/10/1994 11:54,,,<,0.1,,31,,10.64,,2.589,,27,,8.4,,3.27419,,,,0.243,,235,,0.398,,0.327,,6,,6.32,,15.8,,33
29037,N4,Nidd at Skip Bridge,01/11/1994 12:45,,,<,0.1,,28,,8.18,,2.713,,24,,7.6,,2.93548,,,,0.267,,231,,0.419,,0.282,,4.8,,6.58,,15,,28
29037,N4,Nidd at Skip Bridge,06/11/1994 16:00,,,<,0.1,,33.5,,10.72,,4.617,,33,,8.8,,5.41935,,,,0.497,,174,,0.347,,0.21,,5.4,,6.4,,13.8,,36
29037,N4,Nidd at Skip Bridge,08/11/1994 11:35,,,<,0.1,,32,,7.14,,1.641,,32,,8.6,,4.29032,,,,0.194,,174,,0.272,,0.219,,4,,6.73,,14.4,,36
29037,N4,Nidd at Skip Bridge,13/11/1994 12:45,,,<,0.1,,28,,9.05,,6.023,,23,,7.4,,3.72581,,,,0.784,,128,,0.422,,0.227,,5.4,,6.53,,12.4,,27
29037,N4,Nidd at Skip Bridge,14/11/1994 04:26,,,<,0.1,,22,,7.65,,4.19,,24,,6.4,,3.3871,,,,0.335,,141,,0.311,,0.174,,4,,6.49,,13.6,,27
29037,N4,Nidd at Skip Bridge,22/11/1994 10:55,,,<,0.1,,29.5,,4.69,,1.301,,23,,8,,3.5,,,,0.118,,103,,0.186,,0.147,,3.4,,6.2,,12.4,,28
29037,N4,Nidd at Skip Bridge,29/11/1994 13:37,,,<,0.1,,36,,5.43,,0.777,,26,,10,,3.72581,,,,0.083,,227,,0.363,,0.301,,3.6,,7.3,,15.6,,34
29037,N4,Nidd at Skip Bridge,06/12/1994 12:40,,,<,0.1,,30.5,,8.43,,3.439,,25,,8.4,,4.40323,,,,0.3,,168,,0.371,,0.219,,4.2,,6.26,,12,,31
29037,N4,Nidd at Skip Bridge,13/12/1994 09:45,,,<,0.1,,21.5,,5.58,,1.468,,19,,6,,2.48387,,,,0.13,,99,,0.216,,0.152,,2.8,,5.8,,10.8,,23
29037,N4,Nidd at Skip Bridge,20/12/1994 10:40,,,<,0.1,,29.5,,6.64,,2.557,,26,,8,,3.6129,,,,0.23,,140,,0.258,,0.183,,4,,5.88,,13.6,,28
29037,N4,Nidd at Skip Bridge,04/01/1995 12:38,,,<,0.1,,25,,4.76,,1.195,,22,,7,,3.5,,,,0.053,,98,,1.635,,1.607,,2.8,,5.63,,12,,26
29037,N4,Nidd at Skip Bridge,10/01/1995 14:02,,,<,0.1,,22.5,,4.18,,1.087,,23,,6.2,,3.04839,,,,0.114,,102,,0.171,,0.137,,3.2,,5.51,,12,,24
29037,N4,Nidd at Skip Bridge,17/01/1995 09:55,,,<,0.1,,31,,4.62,,1.022,,27,,8.8,,3.83871,,,,0.135,,169,,0.234,,0.197,,3.2,,6.15,,15,,30
29037,N4,Nidd at Skip Bridge,22/01/1995 13:15,,,<,0.1,,28,,5.68,,8.343,,37,,7.6,,3.83871,,,,0.761,,139,,0.488,,0.189,,4,,5.27,,20,,25
29037,N4,Nidd at Skip Bridge,24/01/1995 09:55,,,<,0.1,,25,,,,1.718,,33,,6.8,,3.5,,,,0.117,,85,,,,,,2.8,,,,18.2,,25
29037,N4,Nidd at Skip Bridge,31/01/1995 15:18,,,<,0.1,,23,,4,,7.82,,47,,6.4,,3.3871,,,,0.458,,64,,0.361,,0.128,,3.2,,4.91,,26,,22
29037,N4,Nidd at Skip Bridge,01/02/1995 12:05,,,<,0.1,,11,,5.01,,13.314,,14,,2.6,,1.46774,,,,0.753,,38,,0.44,,0.065,,2.2,,3.46,,8.4,,11
29037,N4,Nidd at Skip Bridge,07/02/1995 11:50,,,<,0.1,,27,,,,,,22,,7.4,,3.3871,,,,,,78,,,,,,2.4,,,,13,,27
29037,N4,Nidd at Skip Bridge,14/02/1995 09:43,,,<,0.1,,27,,4.91,,2.615,,24,,7,,3.5,,,,0.232,,75,,0.258,,0.15,,2.8,,5.43,,12.8,,24
29037,N4,Nidd at Skip Bridge,21/02/1995 11:30,,,<,0.1,,25,,4.69,,1.525,,24,,7.2,,3.16129,,,,0.138,,49,,0.21,,0.162,,2.6,,5.23,,12.6,,25
29037,N4,Nidd at Skip Bridge,27/02/1995 11:06,,,<,0.1,,33,,3.89,,1.106,,23,,7.8,,3.5,,,,0.022,,75,,0.139,,0.095,,2.2,,4.8,,11.6,,28
29037,N4,Nidd at Skip Bridge,07/03/1995 11:40,,,<,0.1,,29,,5.58,,1.309,,29,,8,,3.3871,,,,0.083,,89,,0.155,,0.109,,2.8,,6.51,,16.2,,28
29037,N4,Nidd at Skip Bridge,14/03/1995 09:40,,,<,0.1,,32,,,,,,28,,8.4,,3.6129,,,,,,132,,,,,,2.8,,,,16,,32
29037,N4,Nidd at Skip Bridge,14/03/1995 11:40,,,,,,,,2.83,,0.164,,,,,,,,,,0.024,,,,0.198,,0.161,,,,6.21,,,,
29037,N4,Nidd at Skip Bridge,22/03/1995 09:57,,,<,0.1,,33,,,,0.893,,27,,8.8,,3.5,,0.044,,0.122,,153,,0.24,,0.2,,2.8,,4.95,,16,,32
29037,N4,Nidd at Skip Bridge,28/03/1995 10:45,,,<,0.1,,30,,3.57,,0.8,,33,,8,,3.27419,,0.049,,0.052,,185,,0.255,,0.209,,3.2,,5.25,,20,,29
29037,N4,Nidd at Skip Bridge,04/04/1995 08:37,,,<,0.1,,38,,4.27,,0.588,,30,,10,,3.27419,,0.033,,0.038,,142,,0.226,,0.192,,3.2,,4.23,,18,,35
29037,N4,Nidd at Skip Bridge,11/04/1995 08:45,,0.02,<,0.1,,41,,2.35,,0.76,,31,,11.6,,4.40323,,0.043,,0.112,,255,,0.334,,0.303,,3.6,,2.28,,19.4,,43
29037,N4,Nidd at Skip Bridge,19/04/1995 10:37,,0.024,<,0.1,,41,,3.38,,0.989,,31,,11,,4.17742,,0.06,,0.122,,311,,1.575,,1.535,,3.6,,1.65,,19,,41
29037,N4,Nidd at Skip Bridge,25/04/1995 10:45,,0.273,,0,,39,,4.15,,0.905,,38,,11,,4.06452,,0.109,,0.102,,351,,0.457,,0.419,,4,,2.52,,26,,37
29037,N4,Nidd at Skip Bridge,02/05/1995 12:25,,0.031,<,0.1,,40,,4.11,,0.94,,31,,11,,4.06452,,0.067,,0.154,,431,,0.497,,0.46,,4,,0.24,,20,,43
29037,N4,Nidd at Skip Bridge,10/05/1995 12:20,<,0.02,<,0.1,,39,,4.17,,5.421,,31,,12,,3.83871,,0.059,,,,549,,0.754,,0.607,,4,,0.16,,19,,45
29037,N4,Nidd at Skip Bridge,16/05/1995 11:05,<,0.02,<,0.1,,46,,3.92,,2.747,,32,,13,,4.51613,,0.041,,0.501,,474,,0.672,,0.503,,4,,0.06,,22,,49
29037,N4,Nidd at Skip Bridge,23/05/1995 11:05,<,0.02,,0,,45,,4.6,,4.072,,35,,12,,3.83871,,0.047,,0.734,,490,,1.341,,1.007,,5,<,0.02,,24,,45
29037,N4,Nidd at Skip Bridge,31/05/1995 10:48,<,0.02,<,0.1,,38,,3.28,,1.439,,34,,11,,4.06452,,0.106,,0.233,,608,,1.522,,1.476,,5,,1.61,,21,,43
29037,N4,Nidd at Skip Bridge,06/06/1995 08:20,,0.076,<,0.1,,41,,4.47,,0.615,,33,,12,,4.06452,,0.101,,0.098,,649,,0.821,,0.756,,5,,5.18,,22,,44
29037,N4,Nidd at Skip Bridge,13/06/1995 08:10,,0.094,<,0.1,,42,,3.94,,0.789,,32,,12,,4.74194,,0.098,,0.101,,723,,0.876,,0.831,,4,,5.82,,22,,48
29037,N4,Nidd at Skip Bridge,20/06/1995 11:50,,0.035,<,0.1,,44,,4.13,,0.965,,32,,13,,4.74194,,0.063,,0.133,,748,,0.886,,0.835,,5,,5.88,,23,,51
29037,N4,Nidd at Skip Bridge,27/06/1995 11:26,<,0.02,<,0.1,,44,,3.87,,1.148,,31,,13,,4.29032,,0.063,,0.238,,803,,2.24,,2.179,,5,,5.4,,23,,51
29037,N4,Nidd at Skip Bridge,04/07/1995 08:05,<,0.02,<,0.1,,48,,4.31,,0.832,,32,,14,,3.83871,,0.077,,0.129,,917,,1.071,,0.995,,5,,4.32,,24,,54
29037,N4,Nidd at Skip Bridge,11/07/1995 12:07,<,0.02,<,0.1,,48,,4.05,,2.316,,32,,13,,4.06452,,0.035,,,,965,,1.166,,1.043,,5,,3.84,,25,,53
29037,N4,Nidd at Skip Bridge,18/07/1995 08:10,,0.026,<,0.1,,49,,4.76,,0.54,,33,,14,,4.06452,,0.046,,0.102,,980,,1.11,,1.028,,6,,4.56,,26,,54
29037,N4,Nidd at Skip Bridge,25/07/1995 11:30,,0.028,<,0.1,,47,,4.7,,0.801,,34,,14,,4.06452,,0.026,,0.096,,1080,,1.12,,1.113,,6,,4.26,,27,,53
29037,N4,Nidd at Skip Bridge,01/08/1995 10:53,,0.028,<,0.1,,49,,4.54,,0.667,,35,,14,,3.6129,,0.026,,0.12,,1055,,2.196,,2.151,,6,,2.91,,27,,56
29037,N4,Nidd at Skip Bridge,08/08/1995 07:35,,0.039,<,0.1,,49,,4.49,,0.562,,34,,15,,3.3871,,0.027,,0.079,,1154,,1.315,,1.294,,6,,2.67,,26,,59
29037,N4,Nidd at Skip Bridge,15/08/1995 08:00,<,0.02,<,0.1,,47,,,,0.451,,34,,14,,4.06452,,0.032,,0.059,,1197,,1.277,,1.229,,6,,2.64,,26,,55
29037,N4,Nidd at Skip Bridge,22/08/1995 07:40,,0.031,<,0.1,,50,,4.44,,0.607,,34,,15,,3.83871,,0.028,,0.077,,1172,,1.334,,1.26,,6,,2.61,,27,,59
29037,N4,Nidd at Skip Bridge,30/08/1995 11:10,,0.02,<,0.1,,52,,4.82,,0.262,,33,,15,,4.06452,,0.033,,0.039,,1311,,1.305,,1.288,,6,,3.44,,28,,59
29037,N4,Nidd at Skip Bridge,05/09/1995 10:28,<,0.02,<,0.1,,50,,4.58,,0.472,,35,,14,,4.51613,,0.026,,0.078,,1288,,1.301,,1.277,,6,,7.76,,28,,56
29037,N4,Nidd at Skip Bridge,08/09/1995 09:55,,,<,0.1,,43,,6.04,,1.602,,36,,13,,5.41935,,0.159,,0.223,,1687,,1.799,,1.703,,8,,5.35,,30,,55
29037,N4,Nidd at Skip Bridge,12/09/1995 07:55,,0.072,<,0.1,,47,,6.15,,0.657,,40,,12,,6.09677,,0.148,,0.107,,834,,1.018,,0.929,,7,,10.92,,26,,53
29037,N4,Nidd at Skip Bridge,19/09/1995 07:45,,0.042,<,0.1,,51,,4.66,,0.348,,40,,14,,4.74194,,0.033,,0.062,,802,,0.952,,0.927,,6,,7.96,,27,,64
29037,N4,Nidd at Skip Bridge,26/09/1995 10:00,,0.066,<,0.1,,51,,4.76,,0.718,,40,,14,,5.19355,,0.051,,0.098,,1185,,1.315,,1.269,,6,,3.6,,31,,61
29037,N4,Nidd at Skip Bridge,03/10/1995 11:06,<,0.02,<,0.1,,47,,5.06,,0.385,,35,,13,,4.29032,,0.036,,0.055,,957,,1.932,,1.833,,6,,0.3,,27,,52
29037,N4,Nidd at Skip Bridge,07/10/1995 08:30,,,<,0.1,,46,,,,,,37,,13,,4.06452,,,,,,1179,,,,,,6,,,,28,,57
29037,N4,Nidd at Skip Bridge,10/10/1995 12:10,<,0.02,<,0.1,,39,,4.83,,0.415,,32,,11,,3.16129,,0.029,,0.05,,968,,1.053,,1.016,,5,,3.28,,23,,44
29037,N4,Nidd at Skip Bridge,17/10/1995 07:55,,0.046,<,0.1,,46,,6.69,,0.709,,37,,13,,4.51613,,0.067,,0.102,,1118,,1.259,,1.218,,6,,2.16,,28,,58
29037,N4,Nidd at Skip Bridge,24/10/1995 08:42,,0.024,,0,,44,,5.17,,0.387,,36,,13,,4.06452,,0.05,,0.055,,1166,,1.3,,1.221,,6,,5.93,,28,,52
29037,N4,Nidd at Skip Bridge,31/10/1995 11:30,,0.027,<,0.1,,45,,4.84,,0.426,,38,,14,,4.51613,,0.036,,0.039,,1142,,1.194,,1.163,,6,,5.61,,29,,55
29037,N4,Nidd at Skip Bridge,07/11/1995 12:18,,0.117,,0,,46,,4.79,,0.347,,36,,13,,4.96774,,0.067,,0.037,,1201,,1.207,,1.303,,6,,5.74,,28,,57
29037,N4,Nidd at Skip Bridge,12/11/1995 15:21,,,,0,,40,,7.81,,3.595,,40,,11,,4.74194,,,,0.324,,1289,,1.573,,1.33,,8,,6.68,,30,,49
29037,N4,Nidd at Skip Bridge,14/11/1995 11:42,,0.268,<,0.1,,34,,6.74,,0.792,,32,,9,,3.16129,,0.065,,0.073,,772,,1.683,,1.566,,5,,6.58,,24,,37
29037,N4,Nidd at Skip Bridge,16/11/1995 13:40,,,,0,,40,,7.81,,0.659,,32,,11,,3.6129,,,,0.037,,690,,0.797,,0.725,,6,,7.16,,22,,47
29037,N4,Nidd at Skip Bridge,21/11/1995 08:55,,0.032,,0,,41,,,,,,35,,11,,3.83871,,0.059,,,,632,,,,,,5,,,,24,,53
29037,N4,Nidd at Skip Bridge,28/11/1995 08:40,,0.091,<,0.1,,38,,7.18,,0.67,,44,,11,,4.06452,,0.088,,0.071,,811,,0.954,,0.93,,5,,8.01,,29,,51
29037,N4,Nidd at Skip Bridge,04/12/1995 09:05,,,,0,,39,,9.65,,2.876,,39,,11,,5.19355,,,,0.279,,905,,1.081,,0.937,,6,,8.45,,27,,52
29037,N4,Nidd at Skip Bridge,05/12/1995 09:20,,0.154,,0,,43,,8.84,,1.657,,38,,11,,6.32258,,0.105,,0.16,,588,,0.646,,0.602,,5,,7.73,,23,,49
29037,N4,Nidd at Skip Bridge,12/12/1995 11:40,,0.137,<,0.1,,48,,4.45,,0.859,,67,,12,,6.54839,,0.069,,0.074,,498,,0.561,,0.551,,6,,8.12,,40,,57
29037,N4,Nidd at Skip Bridge,18/12/1995 11:53,,0.232,<,0.1,,45,,5.48,,0.387,,45,,12,,5.64516,,0.079,,0.036,,692,,1.953,,1.932,,5,,8.21,,28,,59
29037,N4,Nidd at Skip Bridge,03/01/1996 08:45,,0.774,<,0.1,,40,,5.68,,1.041,,86,,11,,4.51613,,0.053,,0.121,,587,,0.752,,0.705,,6,,8.21,,50,,48
29037,N4,Nidd at Skip Bridge,09/01/1996 09:13,,0.351,<,0.1,,36.5,,9.22,,4.203,,40,,9.4,,8.58065,,0.07,,0.325,,202,,0.414,,0.253,,4.4,,6.62,,18,,40
29037,N4,Nidd at Skip Bridge,16/01/1996 08:40,,0.191,<,0.1,,29,,5.77,,1.298,,29,,7.4,,5.75806,,0.052,,0.134,,257,,0.349,,0.318,,2.8,,6.9,,17,,35
29037,N4,Nidd at Skip Bridge,23/01/1996 11:30,,0.291,,0.35,,43,,8.59,,0.636,,38,,10,,7,,0.07,,0.061,,496,,0.595,,0.523,,3.8,,8.31,,19,,47
29037,N4,Nidd at Skip Bridge,30/01/1996 12:04,,0.934,<,0.1,,43,,5.9,,0.952,,195,,11.4,,5.87097,,0.05,,0.113,,506,,0.67,,0.629,,7.8,,8.29,,112,,50
29037,N4,Nidd at Skip Bridge,06/02/1996 08:50,,0.353,<,0.1,,48,,4.94,,0.683,,63,,13.4,,7.90323,,0.052,,0.07,,429,,0.53,,0.51,,3.8,,7.7,,33,,51
29037,N4,Nidd at Skip Bridge,10/02/1996 15:10,,,<,0.1,,45,,7.54,,3.858,,245,,11.8,,7.1129,,,,0.295,,510,,0.722,,0.605,,7.2,,7.6,,150,,52
29037,N4,Nidd at Skip Bridge,11/02/1996 11:15,,,<,0.1,,40,,10.22,,5.491,,110,,11.4,,11.9677,,,,0.551,,248,,0.588,,0.328,,5.8,,6.83,,57,,39
29037,N4,Nidd at Skip Bridge,12/02/1996 13:30,,0.364,<,0.1,,34.5,,11.84,,10.632,,58,,8.6,,10.1613,,0.051,,1.184,,142,,0.725,,0.209,,3.6,,5.7,,28,,35
29037,N4,Nidd at Skip Bridge,20/02/1996 08:35,,0.307,<,0.1,,32,,6.13,,1.641,,56,,8.2,,8.58065,,0.037,,0.162,,119,,0.284,,0.219,,2.8,,5.64,,28,,32
29037,N4,Nidd at Skip Bridge,27/02/1996 08:17,,0.23,<,0.1,,39,,6,,1.134,,53,,10.2,,9.59677,,0.046,,0.072,,180,,0.376,,0.284,,3.4,,6.14,,26,,38
29037,N4,Nidd at Skip Bridge,05/03/1996 10:41,,0.137,<,0.1,,39,,4.16,,1.081,,46,,10.6,,6.8871,,0.052,,0.084,,210,,1.371,,1.327,,3,,5.96,,23,,42
29037,N4,Nidd at Skip Bridge,13/03/1996 08:50,,0.722,<,0.1,,43,,5.14,,0.957,,75,,11.4,,6.8871,,0.059,,0.101,,384,,0.534,,0.451,,4.2,,5.38,,43,,48
29037,N4,Nidd at Skip Bridge,19/03/1996 12:55,,0.226,<,0.1,,48,,6.46,,1.018,,73,,12,,10.7258,,0.055,,0.126,,203,,0.376,,0.352,,4.6,,5.93,,38,,43
29037,N4,Nidd at Skip Bridge,25/03/1996 13:30,,0.186,<,0.1,,40,,6.74,,0.991,,52,,10.8,,8.69355,,0.069,,0.133,,267,,0.386,,0.345,,4,,5.36,,27,,43
29037,N4,Nidd at Skip Bridge,01/04/1996 07:55,,0.022,<,0.1,,45,,4.54,,0.585,,45,,11.8,,8.46774,,0.036,,0.061,,351,,0.419,,0.379,,3.8,,1.64,,23,,47
29037,N4,Nidd at Skip Bridge,09/04/1996 09:24,,0.032,<,0.1,,50,,5.12,,0.796,,41,,12.4,,5.98387,,0.05,,0.075,,506,,0.602,,0.559,,4,,0.95,,23,,50
29037,N4,Nidd at Skip Bridge,16/04/1996 08:05,,0.04,<,0.1,,43,,4.51,,0.753,,46,,12,,5.98387,,0.056,,0.094,,617,,0.832,,0.782,,7.8,,2.13,,25,,50
29037,N4,Nidd at Skip Bridge,23/04/1996 12:30,,0.127,<,0.1,,43,,5.09,,1.569,,40,,11.4,,5.19355,,0.068,,0.202,,689,,0.812,,0.725,,4.6,,1.14,,23,,46
29037,N4,Nidd at Skip Bridge,30/04/1996 07:50,<,0.02,<,0.1,,45,,5.85,,1.702,,42,,12.2,,4.96774,,0.031,,0.307,,523,,0.652,,0.565,,4.2,,0.04,,25,,47
29037,N4,Nidd at Skip Bridge,01/05/1996 08:00,,,<,0.1,,43,,5.71,,4.465,,41,,11.4,,7.33871,,,,0.569,,573,,0.808,,0.599,,4.8,,0.17,,25,,46
29037,N4,Nidd at Skip Bridge,02/05/1996 11:03,,0.351,<,0.1,,35.5,,8.45,,14.724,,40,,10,,7.67742,,0.104,,1.429,,341,,0.968,,0.439,,5.8,,4.33,,23,,31
29037,N4,Nidd at Skip Bridge,08/05/1996 08:10,,0.031,<,0.1,,38.5,,6.03,,0.782,,36,,11.6,,5.75806,,0.028,,0.077,,287,,0.346,,0.316,,4,,2.55,,22,,38
29037,N4,Nidd at Skip Bridge,14/05/1996 10:24,<,0.02,<,0.1,,39.5,,4.87,,0.725,,36,,10.8,,5.30645,,0.039,,0.115,,385,,0.469,,0.426,,4.2,,0.69,,21,,40
29037,N4,Nidd at Skip Bridge,21/05/1996 08:07,,0.054,<,0.1,,39.5,,6.76,,0.974,,38,,11.2,,5.41935,,0.073,,0.128,,621,,0.772,,0.699,,4.6,,0.98,,24,,45
29037,N4,Nidd at Skip Bridge,29/05/1996 07:52,,0.131,<,0.1,,32.5,,5.66,,0.721,,32,,9,,4.06452,,0.103,,0.063,,490,,0.589,,0.539,,3.8,,3.34,,19,,34
29037,N4,Nidd at Skip Bridge,04/06/1996 07:20,,0.072,<,0.1,,36.5,,7.18,,,,34,,10,,4.17742,,0.073,,,,425,,0.692,,0.665,,4,,5.85,,22,,40
29037,N4,Nidd at Skip Bridge,11/06/1996 10:05,,0.147,<,0.1,,37,,,,0.886,,39,,9.8,,3.95161,,0.155,,0.109,,672,,,,,,5,,,,25,,38
29037,N4,Nidd at Skip Bridge,18/06/1996 10:29,,0.036,<,0.1,,40,,6.629,,0.85,,37,,10.4,,4.06452,,0.073,,0.085,,788,,0.83,,0.41,,5,,4.52,,23,,45
29037,N4,Nidd at Skip Bridge,25/06/1996 08:05,,0.052,<,0.1,,45,,5.281,,0.864,,38,,11.8,,4.74194,,0.101,,0.087,,824,,0.92,,0.94,,5.4,,5.07,,26,,49
29037,N4,Nidd at Skip Bridge,02/07/1996 07:40,,,<,0.1,,39.5,,5.717,,0.689,,34,,10.8,,3.6129,,0.13739,,0.061,,877,,1.06,,0.99,,5,,4.38,,23,,42
29037,N4,Nidd at Skip Bridge,04/07/1996 09:05,,,<,0.1,,43,,6.629,,2.384,,37,,11.6,,2.82258,,,,0.231,,895,,1.03,,1.01,,5.6,,4.62,,25,,43
29037,N4,Nidd at Skip Bridge,09/07/1996 07:55,,0.03,<,0.1,,36,,5.974,,0.581,,33,,10,,2.93548,,0.0613,,0.037,,657,,0.73,,0.67,,4.6,,4,,21,,38
29037,N4,Nidd at Skip Bridge,16/07/1996 07:40,,0.029,<,0.1,,40,,5.744,,0.482,,36,,11.2,,3.83871,,0.06643,,0.042,,969,,1.05,,1.01,,5,,3.6,,24,,47
29037,N4,Nidd at Skip Bridge,23/07/1996 09:57,,0.027,<,0.1,,43,,4.921,,0.616,,35,,12,,3.27419,,0.02811,,0.073,,997,,1.14,,1.07,,4.8,,1.53,,25,,48
29037,N4,Nidd at Skip Bridge,30/07/1996 07:45,,0.038,,0.15,,39,,5.421,,1.412,,38,,11.2,,3.6129,,0.03048,,0.166,,1118,,1.37,,1.25,,6.6,,2.97,,26,,47
29037,N4,Nidd at Skip Bridge,06/08/1996 07:47,,0.033,<,0.1,,39,,7.627,,0.37,,37,,10.6,,3.27419,,0.0232,,0.037,,931,,0.98,,0.94,,5.4,,4.41,,24,,43
29037,N4,Nidd at Skip Bridge,13/08/1996 08:00,,0.034,<,0.1,,38,,7.32,,0.6,,35,,10.2,,4.17742,,0.04101,,0.04,,1032,,1.24,,1.22,,5.2,,4.88,,26,,41
29037,N4,Nidd at Skip Bridge,20/08/1996 10:31,,0.022,<,0.1,,43,,6.119,,0.555,,33,,11.2,,3.27419,,0.032,,0.105,,1055,,1.11,,1.11,,4.8,,3.66,,24,,45
29037,N4,Nidd at Skip Bridge,27/08/1996 09:25,,0.059,<,0.1,,35,,4.236,,1.303,,36,,9,,2.82258,,0.054,,0.124,,860,,0.98,,0.91,,5.6,,5.49,,26,,36
29037,N4,Nidd at Skip Bridge,03/09/1996 07:55,,0.057,<,0.1,,34,,10.17,,0.842,,31,,9,,2.93548,,0.037,,0.09,,627,,0.77,,0.72,,6.2,,6.37,,20,,42
29037,N4,Nidd at Skip Bridge,11/09/1996 07:45,,0.087,,0.15,,39.5,,5.71,,0.672,,35,,10.8,,4.40323,,0.042,,0.07,,1037,,1.124,,1.078,,5.8,,6.33,,26,,45
29037,N4,Nidd at Skip Bridge,17/09/1996 07:35,,0.041,,0.1,,39,,5.18,,0.437,,33,,10.6,,3.95161,,0.03,,0.053,,1037,,1.218,,1.188,,5.2,,6.33,,25,,46
29037,N4,Nidd at Skip Bridge,24/09/1996 07:50,,0.041,<,0.1,,39.5,,5.28,,0.441,,33,,10.8,,4.06452,,0.034,,0.057,,1082,,1.221,,1.164,,5.2,,4.98,,26,,46
29037,N4,Nidd at Skip Bridge,30/09/1996 11:50,,0.137,<,0.1,,38,,6.29,,0.803,,34,,10.6,,5.53226,,0.096,,0.102,,1237,,1.374,,1.334,,6.4,,5.2,,26,,47
29037,N4,Nidd at Skip Bridge,08/10/1996 07:40,,0.023,<,0.1,,32.5,,7.04,,0.522,,30,,9,,3.72581,,0.049,,0.051,,865,,1.005,,0.968,,5,,6.48,,22,,38
29037,N4,Nidd at Skip Bridge,15/10/1996 11:10,,0.017,<,0.1,,37.5,,7.18,,0.362,,32,,10.4,,4.17742,,,,0.049,,989,,1.058,,1.031,,5.6,,6.14,,24,,43
29037,N4,Nidd at Skip Bridge,20/10/1996 10:50,,0.042,<,0.1,,33,,7.6,,0.713,,29,,9,,3.5,,,,0.063,,1066,,0.951,,0.908,,5,,5.68,,22,,35
29037,N4,Nidd at Skip Bridge,28/10/1996 10:05,,,<,0.1,,28.5,,12.176,,1.126,,30,,7.6,,3.5,,0.048,,0.074,,527,,0.672,,0.605,,5.2,,6.79,,20,,29
29037,N4,Nidd at Skip Bridge,05/11/1996 11:45,,0.07,<,0.05,,25,,8.971,,3.592,,26,,6.6,,2.98065,,0.048,,0.269,,562,,0.752,,0.572,,4.4,,6.76,,17.7,,29
29037,N4,Nidd at Skip Bridge,12/11/1996 09:10,,0.069,<,0.05,,25,,8.714,,1.159,,25,,6.5,,1.89677,,0.039,,0.02,,269,,0.323,,0.283,,3.7,,6.5,,15.6,,26
29037,N4,Nidd at Skip Bridge,18/11/1996 12:25,,0.145,<,0.05,,23.5,,8.351,,1.229,,26,,6.1,,2.84516,,0.057,,0.09,,263,,0.406,,0.346,,3.7,,6.66,,15.2,,26
29037,N4,Nidd at Skip Bridge,26/11/1996 08:45,,0.475,,0.05,,32,,7.553,,6.187,,108,,8.5,,6.32258,,0.057,,0.457,,179,,0.522,,0.25,,6.2,,6.36,,62,,30
29037,N4,Nidd at Skip Bridge,03/12/1996 09:25,,0.266,<,0.05,,20.5,,9.313,,1.121,,30,,5.4,,3.11613,,0.037,,0.08,,142,,0.24,,0.203,,2.9,,6.04,,17.2,,21
29037,N4,Nidd at Skip Bridge,10/12/1996 08:30,,0.211,<,0.05,,25,,7.156,,0.487,,28,,6.8,,4.10968,,0.044,,0.046,,170,,0.22,,0.206,,3,,7.06,,16.4,,26
29037,N4,Nidd at Skip Bridge,16/12/1996 09:55,,0.486,<,0.05,,29,,6.254,,0.678,,33,,8.1,,4.96774,,0.075,,0.046,,342,,0.509,,0.419,,3.8,,7.61,,19.2,,34
29038,W5,Wharfe at Tadcaster,07/09/1993 12:15,,,,0.05,,61.5,,3.76,,0.505,,25,,10.7,,2.12258,,,,0.081,,,,0.301,,0.286,,2.4,,0.82,,17.7,,50
29038,W5,Wharfe at Tadcaster,14/09/1993 12:15,,,<,0.05,,32.5,,8.1,,4.278,,7.5,,2.1,,0.632258,,,,0.502,,,,0.222,,0.089,,2,,2.54,,5.4,,11
29038,W5,Wharfe at Tadcaster,21/09/1993 12:50,,,<,0.05,,68.7,,3.02,,0.38,,19.5,,6.5,,2.07742,,,,0.02,,,,0.105,,0.094,,1.8,,4.56,,12.1,,29
29038,W5,Wharfe at Tadcaster,28/09/1993 12:20,,,<,0.05,,68.3,,3.34,,0.442,,21,,8.2,,2.03226,,,,0.033,,,,0.147,,0.137,,1.7,,3.96,,12.9,,37
29038,W5,Wharfe at Tadcaster,05/10/1993 11:55,,,<,0.05,,52.4,,5.3,,0.458,,15.5,,5.5,,0.903226,,,,0.094,,,,0.124,,0.11,,2,,3.76,,10.3,,25
29038,W5,Wharfe at Tadcaster,11/10/1993 10:35,,,,0.05,,62.9,,3.83,,0.743,,18.5,,7.3,,1.94194,,,,0.024,,,,0.104,,0.098,,1.9,,3.88,,11.7,,32
29038,W5,Wharfe at Tadcaster,18/10/1993 11:10,,,,0.05,,66.6,,4.08,,0.317,,24,,9.8,,1.71613,,,,0.019,,,,0.135,,0.124,,2.2,,4.48,,14.5,,47
29038,W5,Wharfe at Tadcaster,25/10/1993 11:28,,,,0.05,,68.1,,3.93,,0.432,,26,,10.6,,2.75484,,,,0.015,,,,0.146,,0.136,,2.3,,3.34,,15.9,,48
29038,W5,Wharfe at Tadcaster,01/11/1993 14:05,,,,0.05,,58,,3.37,,0.376,,26,,10.1,,3.25161,,,,0.03,,,,0.219,,0.206,,1.8,,3.57,,14.2,,50
29038,W5,Wharfe at Tadcaster,08/11/1993 12:00,,,,0.05,,68.8,,3.03,,0.406,,27,,12.1,,3.02581,,,,0.013,,,,0.239,,0.226,,2.8,,3.86,,17.5,,54
29038,W5,Wharfe at Tadcaster,15/11/1993 12:12,,,<,0.05,,42.9,,6.75,,2.699,,16,,4.9,,1.58065,,,,0.279,,,,0.172,,0.113,,2.5,,3.53,,8.7,,23
29038,W5,Wharfe at Tadcaster,22/11/1993 11:57,,,,0.05,,66.8,,3.75,,0.476,,40,,10.5,,2.75484,,,,0.044,,,,0.146,,0.135,,2.4,,3.66,,23.6,,50
29038,W5,Wharfe at Tadcaster,29/11/1993 12:09,,,,0.05,,61.4,,4.82,,0.679,,32,,10.3,,2.52903,,,,0.059,,,,0.178,,0.161,,2.4,,3.81,,19.8,,46
29038,W5,Wharfe at Tadcaster,06/12/1993 12:20,,,<,0.05,,44.4,,3.3,,0.61,,14.5,,4.2,,0.587097,,,,0.058,,,,0.074,,0.062,,1.2,,2.86,,8.8,,20
29038,W5,Wharfe at Tadcaster,13/12/1993 11:59,,,,0.05,,55.4,,2.91,,1.228,,34,,5.8,,2.03226,,,,0.102,,,,0.114,,0.081,,2.1,,4.54,,19.3,,25
29038,W5,Wharfe at Tadcaster,20/12/1993 12:03,,,<,0.05,,33.7,,3.4,,2.562,,13.5,,3,,1.35484,,,,0.213,,,,0.124,,0.06,,1.6,,2.44,,7.5,,14.5
29038,W5,Wharfe at Tadcaster,04/01/1994 12:50,,,<,0.05,,34.9,,3.87,,2.652,,16,,3.3,,1.4,,,,0.176,,,,0.14,,0.069,,1.8,,2.92,,9.6,,14
29038,W5,Wharfe at Tadcaster,10/01/1994 12:30,,,<,0.05,,56.2,,3.17,,1.781,,26,,5.2,,1.12903,,,,0.124,,,,0.096,,0.066,,1.6,,4.08,,15.6,,21
29038,W5,Wharfe at Tadcaster,17/01/1994 12:59,,,,0.05,,54.5,,7.91,,0.452,,26,,6.8,,1.9871,,,,0.027,,,,0.079,,0.067,,1.7,,2.58,,15.6,,28
29038,W5,Wharfe at Tadcaster,24/01/1994 12:40,,,<,0.05,,31.7,,73.64,,1.724,,12.5,,3.3,,0.948387,,,,0.138,,,,0.084,,0.047,,1.2,,1.63,,7.7,,13.5
29038,W5,Wharfe at Tadcaster,31/01/1994 12:25,,,<,0.05,,37.9,,3.13,,0.82,,17,,4.3,,1.30968,,,,0.051,,,,0.064,,0.048,,1.1,,2.83,,9.9,,18.5
29038,W5,Wharfe at Tadcaster,07/02/1994 13:30,,,,0.05,,49.2,,3.19,,0.775,,26,,6.4,,1.85161,,,,0.056,,,,0.09,,0.073,,1.7,,4.28,,15.6,,26
29038,W5,Wharfe at Tadcaster,14/02/1994 12:30,,,,0.05,,65.8,,2.34,,0.9,,25,,9.8,,2.52903,,,,0.06,,,,0.13,,0.111,,1.9,,4.33,,14.6,,39
29038,W5,Wharfe at Tadcaster,21/02/1994 13:00,,,<,0.1,,70,,2.45,,0.568,,48,,12.4,,3.72581,,,,0.052,,,,0.163,,0.131,,2.4,,4.39,,22,,63
29038,W5,Wharfe at Tadcaster,28/02/1994 13:00,,,<,0.1,,32.5,,3.4,,3.168,,23,,3.2,,1.91935,,,,0.247,,,,0.186,,0.057,,1.8,,2.54,,10.8,,19
29038,W5,Wharfe at Tadcaster,08/03/1994 12:20,,,<,0.1,,34,,3.17,,1.287,,19,,3.6,,1.24194,,,,0.114,,,,0.071,,0.04,,1,,1.9,,9.8,,20
29038,W5,Wharfe at Tadcaster,14/03/1994 12:20,,,<,0.1,,34.5,,3.63,,1.401,,15,,3.4,,1.12903,,,,0.081,,,,0.094,,0.038,,1.2,,2.36,,9,,15
29038,W5,Wharfe at Tadcaster,22/03/1994 13:20,,,<,0.1,,60,,2.43,,0.33,,23,,8,,2.37097,,,,0.005,,,,0.103,,0.088,,1.6,,2.62,,13.8,,30
29038,W5,Wharfe at Tadcaster,29/03/1994 11:27,,,<,0.1,,63,,1.92,,0.486,,20,,5.8,,2.48387,,,,0.038,,,,0.047,,0.032,,1.4,,2.75,,11.4,,25
29038,W5,Wharfe at Tadcaster,05/04/1994 10:42,,,<,0.1,,32,,3.73,,1.058,,12,,3.2,,1.01613,,,,0.073,,,,0.047,,0.025,,1,,2.04,,6.8,,14
29038,W5,Wharfe at Tadcaster,12/04/1994 10:35,,,<,0.1,,60,,2.81,,0.328,,19,,6.4,,1.80645,,,,0.031,,,,0.086,,0.072,,1.6,,2.37,,12,,24
29038,W5,Wharfe at Tadcaster,19/04/1994 10:55,,,<,0.1,,98,,2.31,,0.303,,27,,14.8,,2.93548,,,,0.039,,,,0.147,,0.132,,2.6,,1.91,,20,,44
29038,W5,Wharfe at Tadcaster,26/04/1994 10:26,,,<,0.1,,50,,3.57,,,,18,,6.4,,1.46774,,,,,,,,0.127,,0.11,,1.6,,1.14,,11.2,,25
29038,W5,Wharfe at Tadcaster,03/05/1994 10:40,,,<,0.1,,78,,3.05,,0.469,,26,,12.4,,2.25806,,,,0.079,,,,0.187,,0.163,,2.2,,0.5,,18.4,,43
29038,W5,Wharfe at Tadcaster,10/05/1994 09:50,,,<,0.1,,65,,4.38,,0.485,,24,,11.8,,2.37097,,,,0.06,,,,0.276,,0.25,,2,,0.92,,16.8,,41
29038,W5,Wharfe at Tadcaster,17/05/1994 11:20,,,<,0.1,,73,,3.98,,0.863,,29,,14,,2.82258,,,,0.106,,,,0.307,,0.237,,3.2,,0.9,,21,,50
29038,W5,Wharfe at Tadcaster,24/05/1994 11:00,,,<,0.1,,58,,4.38,,0.674,,28,,11.2,,3.27419,,,,0.084,,,,0.229,,0.201,,3,,1.65,,17.4,,44
29038,W5,Wharfe at Tadcaster,01/06/1994 10:55,,,<,0.1,,60,,3.65,,0.406,,29,,13.2,,3.16129,,,,0.048,,,,0.3,,0.278,,2.6,,0.99,,17.4,,51
29038,W5,Wharfe at Tadcaster,08/06/1994 09:45,,,<,0.1,,58,,3.87,,0.635,,26,,11.4,,3.6129,,,,0.087,,,,0.378,,0.337,,2.8,,1.13,,16.6,,43
29038,W5,Wharfe at Tadcaster,14/06/1994 12:25,,,<,0.1,,63,,3.92,,1.074,,26,,12.4,,2.93548,,,,0.187,,,,0.38,,0.326,,2.6,,1.49,,16.8,,50
29038,W5,Wharfe at Tadcaster,21/06/1994 10:14,,,<,0.1,,58,,4.01,,1.02,,27,,10.8,,2.82258,,,,0.141,,,,0.398,,0.338,,2.8,,2.68,,17.6,,43
29038,W5,Wharfe at Tadcaster,27/06/1994 09:45,,,<,0.1,,48,,5.64,,0.947,,20,,9.5,,3.04839,,,,0.118,,184,,0.207,,0.167,,1.8,,2.95,,12.8,,40
29038,W5,Wharfe at Tadcaster,05/07/1994 07:25,,,<,0.1,,58,,4.94,,1.395,,26,,11.6,,2.37097,,,,0.184,,198,,0.313,,0.243,,2.2,,2.53,,15.6,,51
29038,W5,Wharfe at Tadcaster,12/07/1994 07:50,,,,0.1,,60,,4.28,,1.601,,25,,12.2,,2.48387,,,,0.219,,234,,0.352,,0.284,,2.6,,2.34,,17.8,,60
29038,W5,Wharfe at Tadcaster,19/07/1994 06:45,,,<,0.1,,63,,3.79,,1.552,,25,,14,,2.37097,,,,0.223,,294,,0.434,,0.359,,3,,1.51,,19.2,,65
29038,W5,Wharfe at Tadcaster,25/07/1994 07:45,,,,0.1,,63,,3.97,,1.185,,30,,14.8,,2.70968,,,,0.125,,210,,0.404,,0.358,,2.8,,1.55,,19,,68
29038,W5,Wharfe at Tadcaster,02/08/1994 10:44,,,<,0.1,,50,,3.66,,0.724,,25,,11,,2.48387,,,,0.08,,302,,0.429,,0.386,,3.2,,1.58,,17.6,,46
29038,W5,Wharfe at Tadcaster,08/08/1994 11:00,,,<,0.1,,53,,4.29,,0.627,,16,,9.4,,1.58065,,,,0.068,,195,,0.432,,0.386,,2,,2.16,,12,,31
29038,W5,Wharfe at Tadcaster,17/08/1994 11:40,,,,0.15,,63,,3.73,,0.605,,26,,13.8,,2.48387,,,,0.056,,351,,0.384,,0.343,,2.6,,1.6,,19,,61
29038,W5,Wharfe at Tadcaster,23/08/1994 10:30,,,<,0.1,,48,,4.07,,,,22,,10.8,,2.14516,,,,,,237,,0.33,,0.296,,2,,1.15,,14.6,,43
29038,W5,Wharfe at Tadcaster,30/08/1994 12:25,,,<,0.1,,48,,5.84,,0.605,,10,,4.4,,0.903226,,,,0.066,,85,,0.125,,0.11,,1,,2.24,,6.8,,21
29038,W5,Wharfe at Tadcaster,01/09/1994 08:20,,,<,0.1,,45,,9.59,,0.517,,14,,6.2,,1.46774,,,,0.034,,155,,0.817,,0.763,,1.4,,3.54,,9,,28
29038,W5,Wharfe at Tadcaster,06/09/1994 09:41,,,<,0.1,,50,,5.76,,0.549,,18,,7.6,,1.46774,,,,0.037,,158,,0.224,,0.198,,1.6,,2.84,,12,,31
29038,W5,Wharfe at Tadcaster,12/09/1994 15:00,,,<,0.1,,45,,,,2.226,,9,,3.2,,4.62903,,,,0.147,,70,,,,,,1.2,,,,6.4,,12
29038,W5,Wharfe at Tadcaster,13/09/1994 10:55,,,<,0.1,,39,,7.08,,3.941,,10,,2.6,,0.790323,,,,0.305,,24,,0.244,,0.104,,1.4,,2.86,,7,,13
29038,W5,Wharfe at Tadcaster,20/09/1994 11:50,,,<,0.1,,58,,3.75,,0.372,,16,,6.6,,1.35484,,,,0.05,,144,,0.198,,0.175,,1.4,,3.17,,11,,27
29038,W5,Wharfe at Tadcaster,27/09/1994 08:50,,,<,0.1,,45,,5.83,,0.616,,11,,4.6,,1.01613,,,,0.066,,70,,0.123,,0.098,,1.2,,3.49,,7.6,,19
29038,W5,Wharfe at Tadcaster,04/10/1994 08:15,,,<,0.1,,31,,11.29,,1.791,,9,,3,,0.790323,,,,0.158,,57,,0.129,,0.081,,1.2,,4.16,,6.2,,13
29038,W5,Wharfe at Tadcaster,11/10/1994 12:20,,,<,0.1,,60,,3.56,,0.439,,16,,7.8,,1.46774,,,,0.05,,116,,0.168,,0.152,,1.4,,2.48,,11.8,,31
29038,W5,Wharfe at Tadcaster,18/10/1994 11:20,,,<,0.1,,48,,4.28,,0.641,,22,,9,,2.14516,,,,0.104,,246,,0.317,,0.312,,2.2,,1.94,,14.2,,43
29038,W5,Wharfe at Tadcaster,25/10/1994 12:26,,,<,0.1,,45,,5.86,,0.766,,11,,3.4,,1.01613,,,,0.079,,48,,0.102,,0.076,,1.4,,3.05,,7.2,,17
29038,W5,Wharfe at Tadcaster,01/11/1994 13:30,,,<,0.1,,45,,5.71,,2.074,,11,,3,,0.903226,,,,0.197,,66,,0.12,,0.073,,1.4,,2.89,,6.8,,14
29038,W5,Wharfe at Tadcaster,08/11/1994 12:40,,,<,0.1,,58,,4.43,,0.954,,19,,5.6,,2.25806,,,,0.125,,91,,0.172,,0.139,,1.6,,4.26,,9.8,,29
29038,W5,Wharfe at Tadcaster,13/11/1994 13:30,,,<,0.1,,45,,5.67,,3.669,,14,,3.8,,1.80645,,,,,,49,,0.137,,0.081,,2.2,,4.28,,8.4,,19
29038,W5,Wharfe at Tadcaster,14/11/1994 10:10,,,<,0.1,,22,,5.84,,19.484,,6,,1.4,<,0.225806,,,,1.696,,23,,0.441,,0.023,,1.2,,2.17,,4.2,,8
29038,W5,Wharfe at Tadcaster,22/11/1994 11:25,,,<,0.1,,53,,4.6,,0.617,,15,,4.8,,2.03226,,,,0.061,,53,,0.164,,0.143,,1.6,,4.14,,8.6,,23
29038,W5,Wharfe at Tadcaster,29/11/1994 14:23,,,<,0.1,,73,,3.02,,0.27,,20,,7.4,,2.37097,,,,0.037,,130,,0.158,,0.138,,2,,5.05,,12.4,,33
29038,W5,Wharfe at Tadcaster,06/12/1994 13:15,,,<,0.1,,32,,5.75,,2.212,,12,,3.2,,1.58065,,,,0.186,,61,,0.139,,0.094,,1.4,,3.82,,7,,18
29038,W5,Wharfe at Tadcaster,13/12/1994 09:15,,,<,0.1,,32,,3.86,,1.551,,10,,2.4,,0.790323,,,,0.125,,49,,0.097,,0.074,,1,,2.54,,5.6,,11
29038,W5,Wharfe at Tadcaster,20/12/1994 09:20,,,<,0.1,,48,,5.11,,0.986,,17,,4.8,,2.03226,,,,0.075,,61,,0.136,,0.108,,1.8,,3.7,,9.4,,22
29038,W5,Wharfe at Tadcaster,04/01/1995 13:57,,,<,0.1,,63,,2.29,,0.344,,21,,7,,3.16129,,,,0.015,,82,,0.129,,0.117,,1.6,,4.76,,11.6,,31
29038,W5,Wharfe at Tadcaster,10/01/1995 14:43,,,<,0.1,,39.5,,2.54,,1.259,,14,,2.8,,1.24194,,,,0.106,,49,,0.069,,0.047,,1.8,,2.97,,7.4,,13
29038,W5,Wharfe at Tadcaster,17/01/1995 09:00,,,<,0.1,,53,,3.39,,0.494,,23,,6.2,,2.25806,,,,0.065,,87,,0.172,,0.152,,1.8,,4.16,,12.4,,27
29038,W5,Wharfe at Tadcaster,24/01/1995 09:25,,,<,0.1,,38,,3.14,,1.955,,31,,4,,2.37097,,,,0.202,,49,,0.268,,0.198,,1.8,,1.17,,18.4,,21
29038,W5,Wharfe at Tadcaster,29/01/1995 10:50,,,<,0.1,,25,,3.75,,3.233,,19,,2.6,,1.58065,,,,0.251,,32,,0.151,,0.033,,2,,2.86,,9.6,,13
29038,W5,Wharfe at Tadcaster,01/02/1995 11:14,,,<,0.1,,24,,3.57,,19.879,,11,,1.8,,0.903226,,,,1.235,,30,,2.066,,1.344,,1.6,,1.9,,6.8,,9
29038,W5,Wharfe at Tadcaster,07/02/1995 12:30,,,<,0.1,,53,,,,,,21,,6.8,,2.82258,,,,,,67,,,,,,1.6,,,,12.2,,31
29038,W5,Wharfe at Tadcaster,12/02/1995 11:15,,,<,0.1,,17,,4.25,,5.965,,10,,1.8,,0.790323,,,,0.348,,23,,0.198,,0.033,,1,,2.67,,5.8,,9
29038,W5,Wharfe at Tadcaster,14/02/1995 09:07,,,<,0.1,,35,,3.55,,1.708,,13,,3.2,,1.46774,,,,0.155,,38,,0.122,,0.074,,1.2,,3.12,,7,,14
29038,W5,Wharfe at Tadcaster,21/02/1995 12:00,,,<,0.1,,40,,3.16,,0.919,,22,,4.2,,2.03226,,,,0.064,,33,,0.131,,0.096,,1.4,,3.65,,12,,20
29038,W5,Wharfe at Tadcaster,27/02/1995 10:20,,,<,0.1,,55,,2.52,,0.668,,21,,6.8,,2.48387,,,,0.06,,56,,1.327,,1.252,,1.6,,3.94,,10.8,,30
29038,W5,Wharfe at Tadcaster,07/03/1995 12:35,,,<,0.1,,36,,3.75,,0.465,,21,,5,,1.80645,,,,0.039,,51,,0.065,,0.055,,1.6,,4.62,,11.4,,21
29038,W5,Wharfe at Tadcaster,14/03/1995 09:05,,,<,0.1,,46,,,,,,20,,6.2,,2.37097,,,,,,61,,,,,,1.2,,,,11,,26
29038,W5,Wharfe at Tadcaster,14/03/1995 12:35,,,,,,,,4.58,,0.2,,,,,,,,,,0.063,,,,0.158,,0.172,,,,3.9,,,,
29038,W5,Wharfe at Tadcaster,22/03/1995 09:20,,,<,0.1,,52,,4.28,,0.326,,21,,7,,2.25806,,0.013,,0.047,,70,,0.126,,0.106,,1.4,,2.1,,12.2,,28
29038,W5,Wharfe at Tadcaster,28/03/1995 07:30,,,<,0.1,,31,,3.31,,1.16,,13,,3.2,,0.903226,,0.008,,0.117,,39,,0.073,,0.045,,0.8,,1.68,,7.2,,13
29038,W5,Wharfe at Tadcaster,04/04/1995 07:55,,,<,0.1,,54,,4.74,,0.458,,20,,7.4,,2.03226,,0.014,,0.015,,77,,0.131,,0.112,,1.4,,1.7,,11.8,,28
29038,W5,Wharfe at Tadcaster,11/04/1995 08:00,,0.101,<,0.1,,66,,2.63,,0.488,,26,,11,,2.93548,,0.025,,0.065,,120,,0.191,,0.177,,1.8,,1.02,,15.4,,44
29038,W5,Wharfe at Tadcaster,19/04/1995 11:36,,0.117,<,0.1,,63,,2.87,,0.665,,29,,11.8,,3.04839,,0.026,,0.083,,147,,0.202,,0.185,,2,,0.44,,17,,44
29038,W5,Wharfe at Tadcaster,25/04/1995 07:40,,0.052,<,0.1,,55,,3.46,,0.711,,30,,9,,2.25806,,0.025,,0.079,,149,,0.192,,0.17,,2,,0.26,,19,,34
29038,W5,Wharfe at Tadcaster,02/05/1995 09:45,,0.049,,0,,65,,3.63,,0.657,,30,,13,,2.93548,,0.033,,0.094,,161,,0.211,,0.196,,2,,0.28,,18,,53
29038,W5,Wharfe at Tadcaster,10/05/1995 09:30,,0.077,<,0.1,,68,,3.71,,1.403,,29,,14,,2.93548,,0.071,,,,205,,0.286,,0.26,,2,,0.76,,18,,59
29038,W5,Wharfe at Tadcaster,16/05/1995 08:45,,0.05,<,0.1,,65,,3.62,,0.95,,30,,15,,3.3871,,0.042,,0.14,,229,,0.282,,0.253,,2,,1.6,,19,,63
29038,W5,Wharfe at Tadcaster,23/05/1995 07:25,,0.068,<,0.1,,63,,3.75,,0.443,,29,,14,,2.93548,,0.048,,0.115,,222,,0.272,,0.241,,3,,1.53,,19,,55
29038,W5,Wharfe at Tadcaster,31/05/1995 09:00,,0.11,<,0.1,,50,,4.13,,1.294,,23,,9,,2.25806,,0.051,,0.19,,229,,0.312,,0.262,,2,,1.94,,14,,36
29038,W5,Wharfe at Tadcaster,06/06/1995 10:40,,0.08,<,0.1,,53,,3.59,,0.376,,21,,9,,2.25806,,0.041,,0.053,,234,,0.294,,0.249,,2,,1.42,,14,,35
29038,W5,Wharfe at Tadcaster,13/06/1995 10:33,,0.063,<,0.1,,60,,3.65,,0.854,,27,,13,,2.93548,,0.055,,0.111,,236,,0.417,,0.364,,2,,2.4,,17,,56
29038,W5,Wharfe at Tadcaster,20/06/1995 09:25,<,0.02,,0,,65,,3.78,,1.524,,30,,14,,3.16129,,0.056,,0.238,,241,,0.334,,0.224,,2,,2.82,,19,,65
29038,W5,Wharfe at Tadcaster,27/06/1995 09:05,,0.036,<,0.1,,60,,3.27,,1.171,,25,,13,,2.48387,,0.038,,0.16,,205,,0.275,,0.233,,2,,2.68,,15,,51
29038,W5,Wharfe at Tadcaster,04/07/1995 08:10,<,0.02,,0,,68,,,,1.212,,30,,15,,2.70968,,0.044,,0.211,,270,,,,,,3,,,,20,,69
29038,W5,Wharfe at Tadcaster,11/07/1995 10:25,<,0.02,,0,,68,,3.95,,1.659,,32,,16,,2.70968,,0.044,,,,242,,0.336,,0.267,,3,,2.02,,21,,75
29038,W5,Wharfe at Tadcaster,18/07/1995 10:57,,0.083,<,0.1,,60,,4.38,,0.692,,30,,14,,2.70968,,0.053,,0.11,,313,,1.972,,1.922,,2,,1.58,,19,,62
29038,W5,Wharfe at Tadcaster,25/07/1995 09:00,,0.039,<,0.1,,55,,5.36,,0.796,,22,,11,,2.25806,,0.042,,0.095,,243,,0.306,,0.294,,2,,1.91,,14,,48
29038,W5,Wharfe at Tadcaster,01/08/1995 11:25,,0.039,<,0.1,,63,,4.15,,0.646,,30,,14,,2.48387,,0.023,,0.131,,350,,0.436,,0.407,,3,,1.19,,18,,61
29038,W5,Wharfe at Tadcaster,08/08/1995 09:15,,0.02,<,0.1,,58,,4.07,,0.413,,29,,15,,2.25806,,0.028,,0.065,,365,,0.446,,0.422,,2,,1.38,,19,,58
29038,W5,Wharfe at Tadcaster,15/08/1995 10:00,<,0.02,,0,,63,,,,0.544,,32,,16,,2.70968,,0.026,,0.095,,367,,0.433,,0.397,,2,,1.14,,20,,71
29038,W5,Wharfe at Tadcaster,22/08/1995 10:41,,0.022,,0,,60,,4.29,,0.486,,32,,16,,2.93548,,0.026,,0.066,,419,,0.511,,0.482,,3,,1.15,,20,,72
29038,W5,Wharfe at Tadcaster,30/08/1995 11:15,<,0.02,,0,,63,,4.66,,0.385,,32,,18,,2.93548,,0.03,,0.09,,422,,0.923,,0.939,,3,,1.74,,20,,81
29038,W5,Wharfe at Tadcaster,05/09/1995 09:50,,0.022,,0,,63,,4.65,,0.44,,35,,17,,2.70968,,0.024,,0.068,,428,,0.522,,0.559,,3,,2.56,,22,,84
29038,W5,Wharfe at Tadcaster,08/09/1995 08:30,,,,0,,63,,4.8,,0.606,,33,,17,,3.16129,,0.037,,0.077,,461,,0.551,,0.501,,3,,2.85,,21,,89
29038,W5,Wharfe at Tadcaster,12/09/1995 08:10,,0.086,,0,,58,,4.78,,0.348,,32,,14,,2.93548,,0.081,,0.052,,374,,0.475,,0.431,,4,,5.79,,20,,75
29038,W5,Wharfe at Tadcaster,19/09/1995 10:24,,0.056,,0,,58,,3.7,,0.269,,29,,13,,2.93548,,0.057,,0.043,,361,,0.426,,0.407,,3,,2.16,,19,,64
29038,W5,Wharfe at Tadcaster,26/09/1995 11:13,<,0.02,,0,,65,,4.19,,1.031,,32,,16,,2.93548,,0.028,,0.149,,384,,0.511,,0.489,,2,,3.46,,19,,78
29038,W5,Wharfe at Tadcaster,03/10/1995 10:15,,0.023,,0,,63,,4.83,,0.338,,25,,13,,2.70968,,0.024,,0.042,,237,,0.328,,0.31,,2,,1.84,,16,,63
29038,W5,Wharfe at Tadcaster,05/10/1995 08:50,,,,0,,58,,,,,,24,,10,,1.80645,,,,,,295,,,,,,2,,,,17,,47
29038,W5,Wharfe at Tadcaster,07/10/1995 08:00,,,<,0.1,,48,,,,,,15,,6,,2.70968,,,,,,158,,,,,,1,,,,10,,30
29038,W5,Wharfe at Tadcaster,10/10/1995 11:33,,0.02,<,0.1,,45,,4.67,,0.601,,15,,6,,0.903226,,0.015,,0.051,,149,,0.207,,0.19,,1,,2.3,,9,,31
29038,W5,Wharfe at Tadcaster,17/10/1995 08:10,,0.05,,0,,68,,4.79,,0.443,,27,,14,,2.25806,,0.038,,0.055,,337,,0.407,,0.371,,2,,4.81,,17,,68
29038,W5,Wharfe at Tadcaster,24/10/1995 11:24,,0.024,,0,,63,,3.02,,0.307,,25,,12,,2.48387,,0.019,,0.038,,304,,0.397,,0.363,,2,,1.37,,16,,53
29038,W5,Wharfe at Tadcaster,31/10/1995 11:55,,0.037,,0,,60,,3.5,,0.501,,24,,12,,2.25806,,0.023,,0.064,,295,,0.339,,0.337,,2,,1.23,,15,,50
29038,W5,Wharfe at Tadcaster,07/11/1995 11:55,,0.087,,0,,65,,4.52,,0.466,,29,,15,,3.16129,,0.06,,0.042,,405,,0.515,,0.489,,2,,4.51,,19,,69
29038,W5,Wharfe at Tadcaster,12/11/1995 15:48,,,,0,,55,,5.05,,2.771,,27,,10,,2.70968,,,,0.295,,421,,0.566,,0.433,,3,,1.36,,19,,42
29038,W5,Wharfe at Tadcaster,14/11/1995 13:55,,0.08,<,0.1,,48,,5.76,,0.495,,16,,6,,1.12903,,0.05,,0.053,,142,,0.186,,0.18,,1,,3.36,,9,,32
29038,W5,Wharfe at Tadcaster,21/11/1995 09:35,,0.12,,0,,53,,,,,,19,,8,,2.25806,,0.026,,,,171,,,,,,1,,,,11,,44
29038,W5,Wharfe at Tadcaster,25/11/1995 11:50,,,<,0.1,,50,,5.87,,6.448,,17,,4,,1.35484,,,,0.663,,,,0.433,,0.241,,1,,2.68,,11,,24
29038,W5,Wharfe at Tadcaster,28/11/1995 10:55,,0.163,<,0.1,,45,,7.23,,0.499,,16,,6,,2.25806,,0.03,,0.05,,143,,0.185,,0.173,,1,,3.19,,9,,32
29038,W5,Wharfe at Tadcaster,05/12/1995 09:48,,0.143,,0,,55,,5.34,,0.495,,24,,9,,2.03226,,0.052,,0.041,,274,,1.395,,1.389,,2,,4.48,,15,,44
29038,W5,Wharfe at Tadcaster,12/12/1995 12:10,,0.109,<,0.1,,55,,2.38,,1.081,,34,,7,,2.70968,,0.021,,0.094,,200,,0.248,,0.226,,2,,4.57,,20,,43
29038,W5,Wharfe at Tadcaster,18/12/1995 11:20,,0.091,,0,,58,,3.74,,0.486,,26,,11,,3.16129,,0.034,,0.055,,226,,0.286,,0.257,,2,,4.23,,16,,57
29038,W5,Wharfe at Tadcaster,03/01/1996 12:25,,0.322,,0.1,,70,,3.9,,0.475,,47,,13.2,,4.17742,,0.053,,0.041,,310,,0.518,,0.39,,2.6,,5.25,,25,,63
29038,W5,Wharfe at Tadcaster,09/01/1996 10:30,,0.093,<,0.1,,34.5,,6.29,,7.84,,20,,3.4,,3.04839,,0.066,,0.792,,78,,0.374,,0.099,,1.6,,3.63,,10.6,,23
29038,W5,Wharfe at Tadcaster,16/01/1996 12:03,,0.101,<,0.1,,45,,4.48,,0.766,,18,,4,,2.82258,,0.03,,0.074,,109,,0.157,,0.142,,0.8,,3.67,,9.8,,28
29038,W5,Wharfe at Tadcaster,23/01/1996 11:03,,0.136,,0.35,,65,,4.65,,0.442,,28,,8,,4.06452,,0.036,,0.057,,233,,0.321,,0.291,,1.6,,4.65,,16.2,,52
29038,W5,Wharfe at Tadcaster,30/01/1996 11:10,,0.335,,0.4,,68,,3.6,,0.609,,75,,11.8,,3.83871,,0.04,,0.066,,300,,0.392,,0.371,,2.2,,5.4,,44,,62
29038,W5,Wharfe at Tadcaster,06/02/1996 10:05,,0.181,,0.4,,73,,3.53,,1.238,,92,,14.8,,5.08065,,0.028,,0.132,,334,,0.424,,0.376,,2.4,,5.1,,52,,78
29038,W5,Wharfe at Tadcaster,11/02/1996 11:50,,,<,0.1,,50,,9.6,,7.336,,81,,5.2,,7.67742,,,,0.694,,98,,0.448,,0.13,,3.2,,4.46,,40,,35
29038,W5,Wharfe at Tadcaster,12/02/1996 15:20,,0.167,<,0.1,,32,,7.86,,8.149,,26,,3.6,,4.17742,,0.017,,0.833,,43,,0.357,,0.067,,1.4,,3.01,,13,,22
29038,W5,Wharfe at Tadcaster,20/02/1996 11:00,,0.066,<,0.1,,43,,3.98,,0.878,,29,,4,,3.72581,,0.011,,0.077,,52,,2.408,,2.344,,0.8,,3.15,,15.4,,24
29038,W5,Wharfe at Tadcaster,27/02/1996 11:15,,0.07,<,0.1,,48,,4.01,,0.453,,32,,5.8,,3.72581,,0.013,,0.04,,81,,0.202,,0.183,,1.4,,3.48,,16.2,,32
29038,W5,Wharfe at Tadcaster,05/03/1996 11:15,,0.062,<,0.1,,53,,2.46,,0.405,,27,,6.6,,3.27419,,0.014,,0.048,,108,,0.212,,0.197,,1.2,,1.7,,14,,33
29038,W5,Wharfe at Tadcaster,13/03/1996 11:10,,0.099,,0.3,,63,,3.86,,0.622,,75,,10.4,,4.62903,,0.02,,0.04,,172,,0.238,,0.207,,2,,0.98,,43,,54
29038,W5,Wharfe at Tadcaster,19/03/1996 11:40,,0.089,,0.1,,63,,5.12,,0.897,,61,,10.8,,6.77419,,0.021,,0.118,,134,,0.308,,0.275,,2.8,,1.71,,34,,55
29038,W5,Wharfe at Tadcaster,25/03/1996 10:30,,0.065,<,0.1,,55,,4.48,,0.774,,32,,7,,4.06452,,0.018,,0.13,,102,,0.178,,0.156,,1.6,,1.58,,17.6,,38
29038,W5,Wharfe at Tadcaster,01/04/1996 09:25,,0.09,<,0.1,,65,,3.69,,0.439,,36,,11.6,,4.62903,,0.026,,0.047,,210,,0.261,,0.233,,2.2,,0.73,,20,,59
29038,W5,Wharfe at Tadcaster,09/04/1996 08:40,,0.118,,0.15,,70,,4,,0.628,,41,,12.8,,4.51613,,0.036,,0.058,,362,,0.336,,0.313,,5.8,,0.92,,20,,66
29038,W5,Wharfe at Tadcaster,16/04/1996 09:30,,0.095,,0.15,,68,,4.03,,0.503,,36,,13.4,,4.51613,,0.047,,0.056,,353,,0.409,,0.384,,2.6,,1.06,,19,,69
29038,W5,Wharfe at Tadcaster,23/04/1996 10:50,,0.09,,0.15,,53,,6.44,,0.804,,25,,8.6,,2.82258,,0.028,,0.086,,196,,0.274,,0.236,,1.8,,0.96,,14.2,,46
29038,W5,Wharfe at Tadcaster,30/04/1996 10:50,,0.044,<,0.1,,58,,3.66,,0.481,,24,,7.8,,2.48387,,0.015,,0.065,,157,,0.2,,0.18,,1.4,,0.41,,13.6,,36
29038,W5,Wharfe at Tadcaster,02/05/1996 11:35,,0.169,<,0.1,,45,,6.27,,6.04,,21,,4.4,,3.6129,,0.032,,0.597,,68,,0.323,,0.106,,2.2,,2.89,,12.6,,24
29038,W5,Wharfe at Tadcaster,08/05/1996 11:05,,0.053,,0.1,,70,,4.83,,0.791,,31,,11,,3.6129,,0.024,,0.085,,156,,0.231,,0.193,,2.4,,0.55,,19.2,,47
29038,W5,Wharfe at Tadcaster,14/05/1996 08:20,,0.038,,0.25,,70,,3.58,,0.601,,35,,11.4,,4.06452,,0.024,,0.073,,225,,0.284,,0.258,,2.6,,0.27,,19,,59
29038,W5,Wharfe at Tadcaster,21/05/1996 11:20,,0.073,<,0.1,,95,,5.2,,0.623,,38,,8.2,,3.72581,,0.039,,0.073,,132,,0.333,,0.308,,3,,0.61,,19,,99
29038,W5,Wharfe at Tadcaster,29/05/1996 09:45,,0.084,<,0.1,,58,,3.38,,0.421,,18,,5.6,,1.80645,,0.023,,0.035,,1084,,0.168,,0.148,,1.2,,1.4,,10.8,,24
29038,W5,Wharfe at Tadcaster,04/06/1996 10:14,,0.162,<,0.1,,58,,6.54,,0.829,,21,,8.6,,2.25806,,0.04,,0.081,,272,,0.304,,0.293,,1.4,,2.4,,12.8,,36
29038,W5,Wharfe at Tadcaster,11/06/1996 11:00,,0.045,,0.3,,73,,4.55,,1.508,,32,,11.8,,2.93548,,0.043,,0.256,,335,,0.424,,0.351,,2.8,,1.21,,19,,61
29038,W5,Wharfe at Tadcaster,18/06/1996 09:40,<,0.02,,0.3,,70,,4.303,,0.82,,31,,11.6,,2.37097,,0.032,,0.11,,300,,0.43,,0.36,,2,,1.05,,19.6,,59
29038,W5,Wharfe at Tadcaster,25/06/1996 09:55,<,0.02,,0.3,,73,,5.668,,0.978,,33,,12.8,,2.37097,,0.028,,0.108,,313,,0.44,,0.39,,2.4,,1.45,,20,,64
29038,W5,Wharfe at Tadcaster,02/07/1996 09:25,,,,0.15,,70,,4.784,,0.642,,33,,12.8,,1.91935,,0.0422,,0.06,,407,,0.53,,0.52,,2.4,,0.34,,20,,65
29038,W5,Wharfe at Tadcaster,04/07/1996 08:30,,,,0.25,,55,,6.175,,3.685,,29,,9.8,,0.564516,,,,0.432,,434,,0.61,,0.48,,2.6,,0.91,,19.2,,43
29038,W5,Wharfe at Tadcaster,09/07/1996 10:32,,0.136,<,0.1,,55,,6.64,,0.615,,20,,8.4,,1.80645,,0.0521,,0.05,,302,,0.38,,0.35,,1.6,,2.76,,12.8,,40
29038,W5,Wharfe at Tadcaster,16/07/1996 10:32,,0.095,,0.25,,70,,5.54,,0.499,,31,,12,,2.37097,,0.04742,,0.065,,376,,0.46,,0.43,,2.4,,0.57,,19.6,,59
29038,W5,Wharfe at Tadcaster,23/07/1996 11:40,,0.034,,0.3,,70,,4.223,,0.562,,31,,11.8,,0.225806,,0.0415,,0.082,,407,,0.49,,0.47,,2.2,,0.16,,19,,61
29038,W5,Wharfe at Tadcaster,30/07/1996 11:00,,0.044,,0.2,,65,,4.599,,0.465,,32,,13.4,,1.80645,,0.05659,,0.039,,466,,0.54,,0.51,,2.8,,0.8,,20,,68
29038,W5,Wharfe at Tadcaster,06/08/1996 09:35,,0.056,<,0.1,,55,,6.259,,0.308,,29,,11.2,,2.25806,,0.05645,,0.03,,392,,0.48,,0.47,,2.6,,0.92,,17.8,,50
29038,W5,Wharfe at Tadcaster,13/08/1996 11:06,,0.06,<,0.1,,48,,5.64,,0.657,,20,,6.8,,1.69355,,0.05689,,0.059,,253,,0.37,,0.33,,2.2,,1.7,,12.4,,30
29038,W5,Wharfe at Tadcaster,20/08/1996 08:35,,0.041,,0.25,,65,,7.299,,0.431,,27,,12,,2.37097,,0.099,,0.066,,446,,0.54,,0.51,,2.6,,1.79,,17.8,,56
29038,W5,Wharfe at Tadcaster,27/08/1996 10:05,,0.068,<,0.1,,34.5,,15.189,,2.331,,12,,3,,1.24194,,0.021,,0.201,,68,,0.16,,0.13,,1.8,,3.36,,8.2,,19
29038,W5,Wharfe at Tadcaster,03/09/1996 10:50,,0.044,,0.1,,63,,7.689,,0.502,,21,,8,,2.03226,,0.037,,0.036,,229,,0.29,,0.27,,2,,4.1,,13.6,,42
29038,W5,Wharfe at Tadcaster,11/09/1996 10:30,,0.098,,0.15,,70,,4.33,,0.724,,28,,10.8,,2.25806,,0.028,,0.105,,331,,0.376,,0.361,,2.4,,0.55,,18.4,,55
29038,W5,Wharfe at Tadcaster,17/09/1996 10:48,,0.03,,0.2,,68,,4.06,,0.276,,30,,11.4,,2.37097,,0.016,,0.035,,362,,0.559,,0.552,,2.4,,0.55,,19.8,,62
29038,W5,Wharfe at Tadcaster,24/09/1996 11:10,,0.031,,0.2,,68,,4.39,,0.477,,30,,12.4,,2.37097,,0.017,,0.071,,422,,0.531,,0.509,,2.6,,0.58,,21,,61
29038,W5,Wharfe at Tadcaster,30/09/1996 09:00,,0.047,<,0.1,,26.5,,13.38,,5.117,,8,,1.8,,0.677419,,0.007,,0.478,,41,,0.279,,0.136,,1.2,,2.04,,5,,10
29038,W5,Wharfe at Tadcaster,08/10/1996 10:40,,0.027,,0.15,,50,,8.25,,0.426,,16,,5.6,,1.80645,,0.016,,0.028,,137,,0.181,,0.166,,1.4,,3.24,,9.6,,30
29038,W5,Wharfe at Tadcaster,15/10/1996 10:20,,0.047,,0.1,,70,,4.4,,0.497,,24,,9.4,,2.59677,,,,0.06,,277,,0.349,,0.324,,2.2,,3.06,,16,,49
29038,W5,Wharfe at Tadcaster,20/10/1996 11:25,,0.028,<,0.1,,50,,7.31,,0.575,,17,,4.4,,1.35484,,,,0.051,,195,,0.248,,0.23,,1.6,,1.96,,11.4,,24
29038,W5,Wharfe at Tadcaster,28/10/1996 10:40,,,<,0.1,,45,,11.74,,1.217,,11,,2.4,,1.35484,,0.007,,0.083,,56,,0.116,,0.083,,1,,2.7,,6.4,,12
29038,W5,Wharfe at Tadcaster,29/10/1996 11:50,,0.03,<,0.1,,22,,10.637,,0.609,,12,,3,,1.01613,,0.009,,0.035,,83,,0.211,,0.186,,1.6,,2.65,,7,,14
29038,W5,Wharfe at Tadcaster,05/11/1996 10:45,,0.049,<,0.05,,40.5,,7.816,,1.535,,12.5,,2.8,,1.03871,,0.018,,0.088,,108,,0.185,,0.141,,1.5,,3.3,,7.6,,13.5
29038,W5,Wharfe at Tadcaster,05/11/1996 19:10,<,0.00004,<,0.05,,35,,10.355,,5.441,,11.5,,2.2,,1.17419,,0.009,,0.461,,61,,0.218,,0.095,,1.6,,3.57,,6.6,,12
29038,W5,Wharfe at Tadcaster,07/11/1996 10:00,<,0.00004,<,0.05,,36,,13.32,,2.046,,12,,2.3,,1.49032,,0.008,,0.113,,94,,0.163,,0.085,,1.5,,3.19,,6.9,,13
29038,W5,Wharfe at Tadcaster,12/11/1996 12:30,,0.057,<,0.05,,54,,7.045,,0.523,,19.5,,5.2,,2.25806,,0.013,,0,,109,,0.165,,0.145,,1.7,,4.08,,11.7,,26
29038,W5,Wharfe at Tadcaster,18/11/1996 12:00,,0.088,,0.05,,57,,3.636,,0.34,,22,,5.4,,2.57419,,0.016,,0.028,,149,,0.23,,0.223,,2.1,,4.36,,12.1,,27
29038,W5,Wharfe at Tadcaster,26/11/1996 11:30,,0.066,<,0.05,,51,,4.953,,2.941,,36,,4.1,,2.48387,,0.013,,0.177,,61,,0.419,,0.339,,3.1,,4.24,,19.7,,19
29038,W5,Wharfe at Tadcaster,03/12/1996 12:15,,0.038,<,0.05,,36.5,,6.752,,0.731,,16.5,,3,,1.08387,,0.008,,0.048,,55,,0.115,,0.098,,1.1,,2.97,,9.1,,14.5
29038,W5,Wharfe at Tadcaster,10/12/1996 10:20,,0.096,,0.05,,61,,3.334,,0.299,,24,,6.6,,2.84516,,0.021,,0.021,,114,,0.156,,0.138,,2,,4.8,,13.9,,31
29038,W5,Wharfe at Tadcaster,16/12/1996 12:20,,0.145,,0.1,,65,,3.357,,0.258,,27,,8.3,,3.74839,,0.033,,0.015,,196,,0.235,,0.22,,2.1,,5.2,,15.8,,40
29038,W5,Wharfe at Tadcaster,07/01/1997 11:55,<,0.00004,,0.1,,64,,3.086,,0.533,,44,,9.2,,3.83871,,0.034,,0.033,,145,,0.284,,0.284,,2.5,,4.82,,25,,42
29038,W5,Wharfe at Tadcaster,14/01/1997 09:30,<,0.00004,<,0.05,,29,,7.39,,0.735,,16.5,,3.4,,1.30968,,0.016,,0.065,,48,,0.121,,0.018,,1.2,,3.31,,9.2,,15.5
29038,W5,Wharfe at Tadcaster,21/01/1997 11:40,<,0.00004,,0.1,,54,,6.185,,0.74,,26,,8.1,,1.94194,,0.02,,0.081,,133,,0.294,,0.291,,2.2,,4.62,,15.9,,38
29038,W5,Wharfe at Tadcaster,28/01/1997 10:00,,0.00006,,0.1,,54,,3.72,,0.314,,29,,7.8,,2.25806,,0.012,,0.023,,119,,0.246,,0.218,,1.9,,3.67,,16.8,,37
29038,W5,Wharfe at Tadcaster,04/02/1997 11:15,<,0.00004,,0.15,,60,,3.064,,0.45,,29,,9.8,,3.34194,,0.021,,0.033,,173,,0.336,,0.303,,2.3,,3.9,,17.8,,48
29038,W5,Wharfe at Tadcaster,11/02/1997 10:45,<,0.00004,<,0.05,,32,,6.851,,2.658,,13.5,,2.1,,0.903226,,0.006,,0.154,,30,,0.125,,0.065,,0.9,,2.23,,7.6,,10.5
29038,W5,Wharfe at Tadcaster,18/02/1997 15:25,<,0.00004,<,0.05,,24.5,,7.025,,10.691,,10,,1.4,,0.632258,,,,0.664,,,,0.344,,0.087,,1,,1.89,,5.4,,7.5
29039,O6,Ouse at Clifton Bridge,07/09/1993 12:40,,,,0.05,,80.4,,3.24,,1.163,,34,,14.4,,1.30968,,,,0.206,,,,0.31,,0.252,,3.6,,1.54,,19.4,,74
29039,O6,Ouse at Clifton Bridge,14/09/1993 12:40,,,<,0.05,,23.6,,10,,12.511,,10,,3,,0.948387,,,,1.558,,,,0.474,,0.108,,3.1,,2.92,,6.9,,12.5
29039,O6,Ouse at Clifton Bridge,21/09/1993 13:20,,,,0.05,,63.9,,5.25,,0.755,,25,,9.5,,3.34194,,,,0.057,,,,0.153,,0.121,,3.1,,5.83,,12.5,,49
29039,O6,Ouse at Clifton Bridge,28/09/1993 09:00,,,,0.05,,77.1,,3.86,,0.679,,27,,11.8,,3.43226,,,,0.032,,,,0.168,,0.149,,3.1,,5.63,,15.7,,56
29039,O6,Ouse at Clifton Bridge,05/10/1993 08:33,,,<,0.05,,50.2,,8.26,,1.664,,22,,8.1,,2.57419,,,,0.243,,,,0.195,,0.136,,3.1,,4.72,,11.1,,37
29039,O6,Ouse at Clifton Bridge,11/10/1993 11:00,,,,0.05,,71,,5.79,,1.127,,27,,11,,4.74194,,,,0.049,,,,0.163,,0.123,,3.2,,5.49,,13.3,,50
29039,O6,Ouse at Clifton Bridge,18/10/1993 11:34,,,,0.05,,79.6,,5.28,,0.588,,30,,12.7,,4.38065,,,,0.023,,,,0.145,,0.124,,3.2,,6.04,,14.7,,58
29039,O6,Ouse at Clifton Bridge,25/10/1993 11:58,,,,0.05,,87.2,,4.02,,0.452,,35,,13.9,,5.19355,,,,0.025,,,,0.176,,0.157,,3.5,,6,,17.2,,68
29039,O6,Ouse at Clifton Bridge,01/11/1993 11:50,,,,0.05,,90.3,,3.02,,0.445,,35,,15.3,,5.64516,,,,0.039,,,,0.222,,0.197,,3.7,,6.05,,17.5,,78
29039,O6,Ouse at Clifton Bridge,08/11/1993 12:25,,,,0.05,,97.5,,3.6,,0.504,,36,,16.6,,5.64516,,,,0.059,,,,0.398,,0.378,,4.7,,6.18,,21.3,,82
29039,O6,Ouse at Clifton Bridge,15/11/1993 12:37,,,<,0.05,,63.5,,7.67,,9.634,,33,,10.9,,6.09677,,,,0.999,,,,0.639,,0.257,,6,,5.39,,14,,47
29039,O6,Ouse at Clifton Bridge,22/11/1993 12:25,,,,0.05,,91.2,,4.78,,0.828,,42,,16.1,,6.09677,,,,0.079,,,,0.214,,0.18,,4,,5.97,,20.7,,80
29039,O6,Ouse at Clifton Bridge,29/11/1993 12:35,,,,0.1,,102.3,,4.77,,0.89,,51,,18.5,,5.41935,,,,0.094,,,,0.219,,0.178,,4.9,,6.11,,29.4,,72
29039,O6,Ouse at Clifton Bridge,06/12/1993 12:44,,,<,0.05,,42.2,,5.85,,2.313,,22,,6.9,,1.80645,,,,0.144,,,,0.18,,0.111,,2.4,,3.57,,11.1,,32
29039,O6,Ouse at Clifton Bridge,13/12/1993 12:26,,,,0.05,,53.2,,4.38,,2.293,,33,,8.8,,4.06452,,,,0.204,,,,0.194,,0.119,,3.1,,5.54,,15.9,,39
29039,O6,Ouse at Clifton Bridge,20/12/1993 12:28,,,<,0.05,,18.2,,4.69,,5.799,,10.5,,2.2,,0.858065,,,,0.405,,,,0.229,,0.067,,1.5,,2.02,,5.9,,9
29039,O6,Ouse at Clifton Bridge,04/01/1994 13:17,,,<,0.05,,37.7,,4.9,,5.024,,27,,6.3,,3.25161,,,,0.344,,,,0.505,,0.155,,2.9,,3.74,,14.7,,23
29039,O6,Ouse at Clifton Bridge,10/01/1994 13:15,,,,0.05,,77.6,,3.6,,2.265,,39,,12.7,,5.87097,,,,0.173,,,,0.175,,0.104,,3.3,,5.22,,19.4,,52
29039,O6,Ouse at Clifton Bridge,17/01/1994 13:37,,,,0.05,,59.4,,4.23,,0.966,,28,,9.5,,3.88387,,,,0.05,,,,0.104,,0.087,,2.4,,3.63,,14,,39
29039,O6,Ouse at Clifton Bridge,24/01/1994 13:15,,,<,0.05,,51,,4.45,,3.573,,24,,7.9,,2.89032,,,,0.235,,,,0.199,,0.089,,2.6,,3.66,,12.9,,31
29039,O6,Ouse at Clifton Bridge,31/01/1994 12:55,,,<,0.05,,44.7,,4.04,,1.981,,24,,7.1,,2.75484,,,,0.121,,,,0.138,,0.082,,2,,3.42,,12.2,,28
29039,O6,Ouse at Clifton Bridge,07/02/1994 09:40,,,,0.05,,57.3,,3.88,,1.664,,28,,9.2,,3.97419,,,,0.188,,,,0.135,,0.089,,2.5,,4.72,,14.6,,38
29039,O6,Ouse at Clifton Bridge,14/02/1994 13:05,,,,0.05,,70.6,,2.77,,0.983,,30,,11.9,,4.51613,,,,0.065,,,,0.153,,0.106,,2.5,,4.88,,14.9,,52
29039,O6,Ouse at Clifton Bridge,21/02/1994 09:45,,,<,0.1,,91,,2.73,,0.856,,52,,17.2,,6.20968,,,,0.067,,,,0.221,,0.173,,4.4,,5.41,,27,,71
29039,O6,Ouse at Clifton Bridge,28/02/1994 09:40,,,<,0.1,,45,,4.96,,5.714,,68,,7.4,,4.85484,,,,0.417,,,,0.673,,0.178,,5,,3.4,,27,,32
29039,O6,Ouse at Clifton Bridge,08/03/1994 08:30,,,<,0.1,,48,,3.7,,2.062,,29,,7,,3.5,,,,0.16,,,,0.113,,0.063,,1.8,,3.01,,11.8,,38
29039,O6,Ouse at Clifton Bridge,14/03/1994 13:00,,,<,0.1,,32,,4.11,,3.482,,16,,4.4,,1.46774,,,,0.182,,,,0.189,,0.052,,1.4,,2.58,,9.4,,16
29039,O6,Ouse at Clifton Bridge,22/03/1994 13:50,,,<,0.1,,63,,3.12,,0.307,,30,,10.2,,3.83871,,,,0.005,,,,0.142,,0.115,,2.4,,3.64,,15.8,,46
29039,O6,Ouse at Clifton Bridge,29/03/1994 12:05,,,<,0.1,,63,,2.66,,0.62,,24,,8.6,,3.72581,,,,0.038,,,,0.057,,0.036,,2,,3.53,,12.6,,38
29039,O6,Ouse at Clifton Bridge,05/04/1994 11:16,,,<,0.1,,48,,3.32,,1.168,,20,,6.6,,2.82258,,,,0.098,,,,0.084,,0.053,,2,,2.94,,11.8,,27
29039,O6,Ouse at Clifton Bridge,12/04/1994 11:10,,,<,0.1,,55,,3.09,,0.563,,24,,8.4,,2.70968,,,,0.041,,,,0.099,,0.077,,2.6,,2.99,,15.6,,33
29039,O6,Ouse at Clifton Bridge,19/04/1994 07:30,,,<,0.1,,98,,2.89,,0.501,,28,,16,,3.95161,,,,0.055,,,,0.209,,0.183,,3.2,,3.37,,18,,51
29039,O6,Ouse at Clifton Bridge,26/04/1994 11:03,,,<,0.1,,48,,5.44,,,,22,,7.6,,3.5,,,,,,,,0.186,,0.135,,3,,2.7,,13.2,,32
29039,O6,Ouse at Clifton Bridge,03/05/1994 07:15,,,<,0.1,,73,,4.54,,0.893,,25,,12,,2.93548,,,,0.132,,,,0.246,,0.215,,2.8,,2.14,,16.2,,45
29039,O6,Ouse at Clifton Bridge,10/05/1994 10:30,,,<,0.1,,73,,5.03,,0.942,,27,,12,,3.04839,,,,0.128,,,,0.374,,0.322,,3.2,,1.66,,18.6,,46
29039,O6,Ouse at Clifton Bridge,17/05/1994 11:35,,,<,0.1,,95,,3.4,,0.893,,34,,17,,4.40323,,,,0.13,,,,0.245,,0.202,,4.2,,1.1,,21,,66
29039,O6,Ouse at Clifton Bridge,24/05/1994 07:40,,,<,0.1,,83,,2.8,,0.597,,31,,13.8,,4.85484,,,,0.081,,,,0.214,,0.184,,3.2,,1.83,,16.8,,64
29039,O6,Ouse at Clifton Bridge,01/06/1994 07:20,,,<,0.1,,73,,3.58,,0.731,,31,,13.2,,3.72581,,,,0.11,,,,0.263,,0.22,,3.2,,2.52,,17,,62
29039,O6,Ouse at Clifton Bridge,08/06/1994 10:30,,,<,0.1,,85,,3.03,,1.457,,34,,15.6,,4.62903,,,,0.261,,,,0.418,,0.327,,4,,1.23,,20.4,,77
29039,O6,Ouse at Clifton Bridge,14/06/1994 08:10,,,<,0.1,,78,,3.28,,1.765,,30,,14,,3.27419,,,,0.346,,,,0.334,,0.242,,3.8,,1.06,,17.8,,63
29039,O6,Ouse at Clifton Bridge,21/06/1994 10:56,,,<,0.1,,88,,2.74,,1.146,,34,,15.8,,3.6129,,,,0.207,,,,0.337,,0.265,,4,,1.66,,20,,76
29039,O6,Ouse at Clifton Bridge,27/06/1994 10:15,,,<,0.1,,58,,4.46,,1.141,,27,,10.2,,3.27419,,,,0.152,,215,,0.215,,0.174,,3,,3.2,,14.8,,42
29039,O6,Ouse at Clifton Bridge,05/07/1994 10:50,,,<,0.1,,68,,4,,2.163,,32,,12,,2.70968,,,,0.302,,184,,0.303,,0.246,,3.2,,3.03,,16.8,,51
29039,O6,Ouse at Clifton Bridge,12/07/1994 12:10,,,<,0.1,,75,,3.75,,0.873,,30,,14.6,,3.16129,,,,0.135,,132,,0.379,,0.318,,3.4,,4.1,,19,,74
29039,O6,Ouse at Clifton Bridge,19/07/1994 10:50,,,<,0.1,,73,,2.96,,1.309,,30,,15.2,,2.59677,,,,0.211,,260,,0.335,,0.255,,3.8,,1.3,,20,,75
29039,O6,Ouse at Clifton Bridge,25/07/1994 11:50,,,<,0.1,,78,,2.95,,1.815,,30,,15.6,,2.82258,,,,0.203,,278,,0.533,,0.503,,4.2,,1.03,,20,,76
29039,O6,Ouse at Clifton Bridge,02/08/1994 11:20,,,<,0.1,,80,,3,,0.898,,35,,15.2,,3.3871,,,,0.108,,410,,0.497,,0.446,,5,,1.05,,26,,83
29039,O6,Ouse at Clifton Bridge,08/08/1994 11:35,,,<,0.1,,80,,3.37,,1.01,,32,,15.8,,2.59677,,,,0.141,,261,,1.818,,1.775,,4.6,,2.21,,4.2,,71
29039,O6,Ouse at Clifton Bridge,17/08/1994 12:40,,,<,0.1,,78,,3.59,,0.928,,31,,14.6,,2.59677,,,,0.121,,421,,0.475,,0.442,,4.2,,2.4,,22,,68
29039,O6,Ouse at Clifton Bridge,23/08/1994 07:10,,,<,0.1,,78,,3.02,,,,34,,15.4,,3.02581,,,,,,280,,0.409,,0.348,,4.2,,1.96,,21,,78
29039,O6,Ouse at Clifton Bridge,30/08/1994 08:45,,,<,0.1,,36.5,,9.56,,1.263,,15,,6.2,,1.35484,,,,0.089,,155,,0.327,,0.274,,2,,3.03,,9.6,,31
29039,O6,Ouse at Clifton Bridge,06/09/1994 10:16,,,<,0.1,,45,,5.79,,1.305,,20,,7.6,,1.80645,,,,0.091,,323,,1.662,,1.61,,3,,3.86,,14.8,,35
29039,O6,Ouse at Clifton Bridge,13/09/1994 07:05,,,<,0.1,,29.5,,9.35,,1.731,,12,,4.6,,1.01613,,,,0.087,,140,,0.268,,0.187,,1.8,,2.76,,8.4,,21
29039,O6,Ouse at Clifton Bridge,15/09/1994 09:30,,,<,0.1,,33.5,,,,1.185,,14,,5,,0.903226,,,,0.099,,87,,,,,,1.6,,,,8.6,,24
29039,O6,Ouse at Clifton Bridge,20/09/1994 07:45,,,<,0.1,,43,,7.47,,0.809,,19,,6.4,,2.25806,,,,0.084,,130,,0.234,,0.2,,2.4,,4.13,,11,,32
29039,O6,Ouse at Clifton Bridge,27/09/1994 14:15,,,<,0.1,,34.5,,7.41,,1.021,,14,,5.2,,1.24194,,,,0.095,,177,,0.209,,0.164,,2.2,,2.62,,9.2,,23
29039,O6,Ouse at Clifton Bridge,04/10/1994 07:25,,,<,0.1,,55,,4.39,,1.569,,20,,7.8,,2.14516,,,,0.146,,174,,0.258,,0.182,,2.8,,2.66,,12.4,,34
29039,O6,Ouse at Clifton Bridge,11/10/1994 13:01,,,<,0.1,,55,,5.32,,0.569,,21,,10,,2.25806,,,,0.06,,162,,0.251,,0.219,,2.8,,4.85,,13.6,,46
29039,O6,Ouse at Clifton Bridge,18/10/1994 07:40,,,<,0.1,,68,,4.22,,0.836,,27,,10.2,,2.82258,,,,0.082,,189,,0.438,,0.404,,3.4,,4.51,,16.2,,59
29039,O6,Ouse at Clifton Bridge,24/10/1994 15:35,,,<,0.1,,25.5,,9.69,,3.698,,14,,4,,1.01613,,,,0.266,,83,,0.234,,0.095,,3.2,,3.51,,7.8,,17
29039,O6,Ouse at Clifton Bridge,01/11/1994 08:55,,,<,0.1,,58,,4.67,,1.74,,21,,8.2,,2.37097,,,,0.148,,120,,0.201,,0.141,,2.6,,4.59,,11.6,,38
29039,O6,Ouse at Clifton Bridge,06/11/1994 14:30,,,<,0.1,,53,,8.32,,5.422,,28,,8,,4.85484,,,,0.5,,110,,0.296,,0.137,,4.2,,5.32,,11,,41
29039,O6,Ouse at Clifton Bridge,08/11/1994 08:30,,,<,0.1,,55,,4.65,,1.61,,31,,8.8,,5.30645,,,,0.164,,109,,0.181,,0.125,,3.4,,5.21,,11.8,,47
29039,O6,Ouse at Clifton Bridge,13/11/1994 10:35,,,<,0.1,,50,,6.16,,4.259,,22,,8,,3.16129,,,,,,89,,0.176,,0.124,,3,,5.27,,12,,36
29039,O6,Ouse at Clifton Bridge,13/11/1994 14:45,,,,,,,,5.92,,3.551,,,,,,,,,,0.264,,83,,0.099,,0.041,,,,5.04,,,,
29039,O6,Ouse at Clifton Bridge,14/11/1994 11:15,,,<,0.1,,31.5,,7.8,,5.981,,17,,5.4,,2.70968,,,,0.414,,51,,0.109,,0.055,,2.4,,4.19,,8.8,,28
29039,O6,Ouse at Clifton Bridge,22/11/1994 08:15,,,<,0.1,,53,,7.12,,1.988,,23,,8.6,,4.62903,,,,0.186,,121,,0.181,,0.121,,3,,5.05,,10.6,,37
29039,O6,Ouse at Clifton Bridge,29/11/1994 10:15,,,<,0.1,,75,,3.97,,0.5,,25,,10.2,,3.72581,,,,0.06,,160,,0.205,,0.179,,2.8,,5.96,,13.6,,49
29039,O6,Ouse at Clifton Bridge,06/12/1994 09:20,,,<,0.1,,39,,8.59,,5.054,,21,,7.2,,4.74194,,,,0.409,,104,,0.28,,0.139,,3,,4.78,,8.8,,32
29039,O6,Ouse at Clifton Bridge,13/12/1994 12:40,,,<,0.1,,27,,5.38,,2.782,,13,,4,,1.58065,,,,0.198,,54,,0.144,,0.078,,1.6,,3.13,,6.8,,17
29039,O6,Ouse at Clifton Bridge,20/12/1994 14:20,,,<,0.1,,45,,5.55,,1.754,,22,,7,,3.27419,,,,0.15,,71,,0.157,,0.112,,2.4,,4.3,,10.6,,30
29039,O6,Ouse at Clifton Bridge,04/01/1995 14:40,,,<,0.1,,63,,4.56,,1.285,,30,,10.2,,5.75806,,,,0.118,,113,,1.585,,1.47,,2.8,,5.6,,14.8,,48
29039,O6,Ouse at Clifton Bridge,10/01/1995 10:05,,,<,0.1,,50,,4.64,,1.1,,26,,7.6,,4.29032,,,,0.101,,62,,0.144,,0.121,,2.2,,4.62,,12,,37
29039,O6,Ouse at Clifton Bridge,17/01/1995 13:15,,,<,0.1,,60,,3.81,,0.899,,28,,9.4,,4.06452,,,,0.096,,103,,0.195,,0.157,,2.4,,4.33,,13.8,,43
29039,O6,Ouse at Clifton Bridge,22/01/1995 13:50,,,<,0.1,,48,,4.12,,9.22,,30,,6.6,,3.72581,,,,0.686,,55,,0.437,,0.084,,2.6,,4.15,,15.4,,26
29039,O6,Ouse at Clifton Bridge,24/01/1995 13:00,,,<,0.1,,48,,,,1.603,,30,,7.2,,4.51613,,,,0.1,,43,,,,,,2.2,,,,15.2,,32
29039,O6,Ouse at Clifton Bridge,01/02/1995 22:30,,,<,0.1,,20,,,,,,11,,2.4,,1.12903,,,,,,,,,,,,1.8,,,,6.2,,10
29039,O6,Ouse at Clifton Bridge,07/02/1995 08:40,,,<,0.1,,60,,,,,,27,,9.6,,5.30645,,,,,,57,,,,,,2.8,,,,13.6,,44
29039,O6,Ouse at Clifton Bridge,14/02/1995 13:20,,,<,0.1,,38,,4.51,,2.656,,19,,5.8,,3.04839,,,,0.176,,42,,0.246,,0.137,,2,,3.94,,9.2,,24
29039,O6,Ouse at Clifton Bridge,21/02/1995 08:20,,,<,0.1,,53,,4.18,,1.614,,25,,8,,4.17742,,,,0.079,,37,,0.205,,0.145,,2.4,,4.45,,11.6,,35
29039,O6,Ouse at Clifton Bridge,23/02/1995 10:05,,,,,,,,,,9.419,,,,,,,,,,0.283,,,,,,,,,,,,,,
29039,O6,Ouse at Clifton Bridge,23/02/1995 16:50,,,<,0.1,,21,,,,,,13,,2.2,,0.903226,,,,,,53,,,,,,1.4,,,,6.4,,8
29039,O6,Ouse at Clifton Bridge,27/02/1995 14:13,,,<,0.1,,55,,2.62,,1.43,,26,,8.6,,4.51613,,,,0.098,,56,,0.109,,0.075,,2.2,,4.23,,12.2,,40
29039,O6,Ouse at Clifton Bridge,07/03/1995 08:40,,,<,0.1,,55,,4.37,,1.296,,39,,8.4,,3.5,,,,0.082,,60,,0.111,,0.068,,2.6,,5.1,,19,,33
29039,O6,Ouse at Clifton Bridge,14/03/1995 08:40,,,,,,,,4.36,,0.931,,,,,,,,,,0.083,,,,0.104,,0.087,,,,4.47,,,,
29039,O6,Ouse at Clifton Bridge,14/03/1995 12:00,,,<,0.1,,49,,,,,,25,,8,,3.27419,,,,,,53,,,,,,2,,,,12.6,,36
29039,O6,Ouse at Clifton Bridge,22/03/1995 13:37,,,<,0.1,,52,,2.39,,0.49,,24,,8.2,,2.93548,,0.016,,0.062,,79,,0.163,,0.132,,2,,3.45,,12.8,,35
29039,O6,Ouse at Clifton Bridge,28/03/1995 11:20,,,<,0.1,,37,,3.8,,1.235,,22,,5.6,,2.14516,,0.015,,0.1,,63,,0.112,,0.069,,1.8,,2.6,,11.8,,22
29039,O6,Ouse at Clifton Bridge,04/04/1995 12:43,,,<,0.1,,64,,3.75,,1.082,,29,,10.6,,3.3871,,0.02,,0.085,,118,,0.186,,0.145,,2.6,,2.8,,15.6,,44
29039,O6,Ouse at Clifton Bridge,11/04/1995 11:30,,0.324,<,0.1,,76,,2.26,,0.591,,32,,13.4,,4.29032,,0.025,,0.081,,141,,0.394,,0.369,,2.8,,2.14,,17.2,,60
29039,O6,Ouse at Clifton Bridge,19/04/1995 12:13,,0.388,<,0.1,,78,,2.89,,0.756,,32,,13.4,,4.17742,,0.03,,0.086,,171,,1.478,,1.432,,3.4,,1.38,,17.6,,63
29039,O6,Ouse at Clifton Bridge,25/04/1995 11:15,,0.685,<,0.1,,80,,2.73,,0.67,,34,,13,,4.06452,,0.033,,0.07,,167,,0.192,,0.171,,3,,0.7,,20,,59
29039,O6,Ouse at Clifton Bridge,02/05/1995 08:40,,0.311,<,0.1,,78,,3.72,,0.8,,34,,14,,4.06452,,0.024,,0.112,,188,,0.254,,0.207,,4,,0.59,,19,,65
29039,O6,Ouse at Clifton Bridge,10/05/1995 08:10,,0.148,<,0.1,,80,,3.02,,1.712,,33,,14,,3.6129,,0.042,,0.264,,167,,0.285,,0.216,,3,,0.18,,18,,71
29039,O6,Ouse at Clifton Bridge,16/05/1995 07:35,<,0.02,<,0.1,,85,,3.13,,3.18,,36,,16,,3.83871,,0.031,,0.552,,126,,0.267,,0.141,,3,,0.04,,20,,80
29039,O6,Ouse at Clifton Bridge,23/05/1995 07:40,<,0.02,<,0.1,,85,,3.09,,3.588,,35,,16,,3.3871,,0.036,,0.794,,109,,0.257,,0.125,,4,,0.07,,20,,72
29039,O6,Ouse at Clifton Bridge,31/05/1995 11:19,,0.34,<,0.1,,75,,3.81,,1.274,,32,,13,,3.3871,,0.059,,0.174,,239,,0.304,,0.256,,3,,1.58,,19,,64
29039,O6,Ouse at Clifton Bridge,06/06/1995 12:25,,0.351,<,0.1,,75,,4.06,,0.856,,31,,13,,3.16129,,0.053,,0.123,,267,,0.439,,0.387,,4,,2.7,,19,,63
29039,O6,Ouse at Clifton Bridge,13/06/1995 13:00,,0.324,<,0.1,,75,,3.22,,0.861,,32,,13,,3.3871,,0.041,,0.084,,251,,1.32,,1.269,,3,,2.74,,18,,65
29039,O6,Ouse at Clifton Bridge,20/06/1995 08:05,,0.094,<,0.1,,83,,3.03,,1.029,,34,,15,,3.83871,,0.057,,0.157,,248,,0.328,,0.289,,3,,3.12,,19,,76
29039,O6,Ouse at Clifton Bridge,27/06/1995 11:53,,0.124,<,0.1,,83,,2.52,,0.777,,35,,16,,3.3871,,0.042,,0.24,,233,,0.311,,0.257,,4,,2.94,,19,,80
29039,O6,Ouse at Clifton Bridge,04/07/1995 11:25,,0.154,<,0.1,,78,,3.24,,0.939,,35,,16,,2.70968,,0.087,,0.153,,261,,0.414,,0.359,,4,,2.82,,20,,78
29039,O6,Ouse at Clifton Bridge,11/07/1995 07:15,<,0.02,<,0.1,,83,,2.96,,2.139,,36,,17,,2.93548,,0.024,,0.389,,224,,0.357,,0.255,,3,,2.2,,20,,86
29039,O6,Ouse at Clifton Bridge,18/07/1995 11:15,,0.192,<,0.1,,80,,3.25,,0.62,,37,,16,,2.70968,,0.066,,0.085,,278,,0.397,,0.337,,4,,1.08,,21,,80
29039,O6,Ouse at Clifton Bridge,25/07/1995 07:15,,0.029,<,0.1,,83,,3.22,,0.937,,35,,17,,2.70968,,0.031,,0.122,,307,,0.383,,0.361,,4,,2.55,,21,,88
29039,O6,Ouse at Clifton Bridge,01/08/1995 11:27,,0.029,<,0.1,,78,,3.19,,0.773,,36,,16,,2.25806,,0.055,,0.163,,338,,0.431,,0.386,,4,,2.64,,20,,78
29039,O6,Ouse at Clifton Bridge,08/08/1995 11:30,,0.105,<,0.1,,78,,3.81,,0.889,,37,,17,,2.25806,,0.077,,0.145,,354,,0.809,,0.761,,4,,3.04,,21,,87
29039,O6,Ouse at Clifton Bridge,15/08/1995 11:55,,0.063,<,0.1,,75,,,,0.69,,37,,17,,2.25806,,0.104,,0.101,,378,,0.462,,0.426,,4,,3.45,,21,,85
29039,O6,Ouse at Clifton Bridge,22/08/1995 11:10,<,0.02,<,0.1,,85,,4,,0.978,,40,,19,,2.25806,,0.071,,0.15,,336,,0.439,,0.356,,4,,0.92,,23,,99
29039,O6,Ouse at Clifton Bridge,30/08/1995 07:40,,0.074,<,0.1,,85,,3.4,,0.443,,40,,19,,2.25806,,0.033,,0.079,,404,,0.469,,0.458,,4,,6.42,,23,,95
29039,O6,Ouse at Clifton Bridge,05/09/1995 10:52,,0.184,<,0.1,,80,,3.53,,0.813,,44,,20,,2.93548,,0.494,,0.138,,942,,1.035,,0.934,,5,,12.84,,29,,105
29039,O6,Ouse at Clifton Bridge,08/09/1995 14:30,,,,0,,85,,,,,,42,,19,,2.70968,,0.087,,,,497,,,,,,4,,,,23,,100
29039,O6,Ouse at Clifton Bridge,12/09/1995 10:50,,0.203,<,0.1,,80,,4.27,,0.629,,37,,15,,4.29032,,0.222,,0.102,,413,,0.732,,0.689,,6,,13.35,,21,,90
29039,O6,Ouse at Clifton Bridge,19/09/1995 11:05,,0.184,<,0.1,,75,,4.25,,0.504,,38,,13,,4.06452,,0.485,,0.086,,687,,0.821,,0.799,,5,,7.95,,23,,78
29039,O6,Ouse at Clifton Bridge,26/09/1995 07:00,,0.038,<,0.1,,83,,3.76,,0.664,,39,,16,,3.83871,,0.027,,0.075,,398,,0.474,,0.448,,4,,1.88,,21,,89
29039,O6,Ouse at Clifton Bridge,03/10/1995 11:31,,0.049,<,0.1,,60,,4.57,,0.584,,28,,11,,2.48387,,0.046,,0.067,,619,,0.717,,0.706,,3,,1.4,,19,,55
29039,O6,Ouse at Clifton Bridge,05/10/1995 09:27,,,<,0.1,,65,,,,,,26,,12,,1.58065,,,,,,239,,,,,,2,,,,15,,65
29039,O6,Ouse at Clifton Bridge,07/10/1995 09:00,,,<,0.1,,45,,,,,,18,,7,,1.12903,,,,,,146,,,,,,2,,,,11,,35
29039,O6,Ouse at Clifton Bridge,10/10/1995 07:58,,0.113,<,0.1,,30,,7.78,,1.351,,15,,5,,0.677419,,0.02,,0.124,,159,,0.229,,0.181,,2,,3.07,,10,,30
29039,O6,Ouse at Clifton Bridge,17/10/1995 12:05,,0.264,<,0.1,,60,,5.85,,0.725,,26,,11,,2.25806,,0.068,,0.094,,325,,0.409,,0.363,,3,,4.33,,16,,57
29039,O6,Ouse at Clifton Bridge,24/10/1995 12:35,,0.184,<,0.1,,60,,3.51,,0.459,,25,,10,,1.58065,,0.024,,0.055,,296,,0.364,,0.315,,3,,3.53,,16,,47
29039,O6,Ouse at Clifton Bridge,31/10/1995 12:00,,0.766,<,0.1,,53,,4.13,,0.743,,24,,9,,1.80645,,0.019,,0.096,,773,,0.535,,0.511,,3,,2.91,,17,,43
29039,O6,Ouse at Clifton Bridge,07/11/1995 08:40,,0.823,<,0.1,,65,,2.81,,0.591,,29,,12,,2.70968,,0.022,,0.063,,457,,0.549,,0.508,,3,,7.96,,18,,64
29039,O6,Ouse at Clifton Bridge,12/11/1995 14:10,,,<,0.1,,75,,6.42,,2,,33,,13,,3.3871,,,,0.139,,505,,0.652,,0.511,,4,,4.57,,18,,78
29039,O6,Ouse at Clifton Bridge,14/11/1995 12:10,,0.522,<,0.1,,35,,8.95,,1.292,,18,,5,,1.12903,,0.064,,0.121,,223,,0.351,,0.267,,2,,3.86,,12,,31
29039,O6,Ouse at Clifton Bridge,17/11/1995 11:11,,,<,0.1,,38,,8.02,,4.039,,17,,6,,1.12903,,,,0.363,,116,,0.277,,0.12,,2,,4.16,,10,,30
29039,O6,Ouse at Clifton Bridge,21/11/1995 13:10,,0.258,<,0.1,,45,,,,,,27,,8,,3.3871,,0.05,,,,207,,,,,,3,,,,15,,47
29039,O6,Ouse at Clifton Bridge,25/11/1995 12:45,,,<,0.1,,53,,5.96,,4.308,,23,,8,,2.03226,,,,0.333,,,,0.313,,0.171,,2,,4.4,,13,,45
29039,O6,Ouse at Clifton Bridge,28/11/1995 12:35,,0.079,<,0.1,,34,,10.42,,1.164,,19,,5,,2.03226,,0.021,,0.118,,214,,0.243,,0.212,,2,,3.96,,11,,33
29039,O6,Ouse at Clifton Bridge,05/12/1995 12:45,,0.154,,0,,60,,8.29,,1.606,,32,,11,,4.96774,,0.061,,0.118,,285,,0.398,,0.327,,3,,5.95,,17,,61
29039,O6,Ouse at Clifton Bridge,12/12/1995 08:10,,0.045,,0,,70,,2.59,,0.939,,39,,11,,4.74194,,0.032,,0.059,,154,,0.193,,0.169,,3,,5.82,,18,,71
29039,O6,Ouse at Clifton Bridge,18/12/1995 12:20,,0.09,,0,,65,,3.95,,0.674,,34,,10,,4.06452,,0.037,,0.056,,337,,0.424,,0.38,,3,,5.75,,20,,66
29039,O6,Ouse at Clifton Bridge,03/01/1996 11:55,,0.379,<,0.1,,75,,3.88,,0.761,,56,,12.4,,4.51613,,0.031,,0.089,,248,,0.395,,0.311,,3.2,,6.39,,30,,72
29039,O6,Ouse at Clifton Bridge,08/01/1996 14:25,,,<,0.1,,45,,9.01,,2.472,,30,,6.8,,5.53226,,,,0.209,,104,,0.345,,0.226,,2.4,,4.88,,15,,39
29039,O6,Ouse at Clifton Bridge,09/01/1996 08:45,,0.097,<,0.1,,43,,8.57,,3.1,,28,,6.8,,5.87097,,0.032,,0.251,,68,,0.205,,0.092,,2.4,,4.64,,13.2,,37
29039,O6,Ouse at Clifton Bridge,16/01/1996 12:50,,0.107,<,0.1,,45,,4.1,,1.038,,24,,6.2,,4.96774,,0.023,,0.08,,100,,0.137,,0.109,,1.6,,8.05,,11.8,,40
29039,O6,Ouse at Clifton Bridge,23/01/1996 08:00,,0.152,<,0.1,,73,,5.12,,0.441,,32,,9.4,,5.53226,,0.033,,0.032,,188,,0.227,,0.21,,2.2,,5.95,,16.4,,61
29039,O6,Ouse at Clifton Bridge,30/01/1996 12:30,,0.499,<,0.1,,73,,3.71,,0.652,,66,,11.8,,5.08065,,0.029,,0.068,,247,,0.393,,0.357,,2.6,,6.33,,36,,67
29039,O6,Ouse at Clifton Bridge,06/02/1996 11:30,,0.271,<,0.1,,88,,3.93,,1.16,,75,,16,,8.58065,,0.04,,0.094,,195,,0.349,,0.325,,3,,6.03,,36,,82
29039,O6,Ouse at Clifton Bridge,11/02/1996 14:25,,,<,0.1,,70,,5.94,,7.654,,81,,11.2,,7.33871,,,,0.677,,100,,0.39,,0.142,,3.2,,4.86,,40,,55
29039,O6,Ouse at Clifton Bridge,12/02/1996 13:28,,0.151,<,0.1,,32.5,,9,,4.251,,31,,5,,5.19355,,0.022,,0.428,,50,,0.275,,0.096,,1.6,,3.66,,15,,26
29039,O6,Ouse at Clifton Bridge,13/02/1996 13:03,,0.227,<,0.1,,37,,17.37,,12.405,,33,,6.2,,7.79032,,0.027,,1.36,,91,,0.588,,0.207,,2.6,,4.48,,15.2,,28
29039,O6,Ouse at Clifton Bridge,20/02/1996 12:00,,0.146,<,0.1,,43,,5.51,,1.726,,32,,6.8,,5.30645,,0.02,,0.132,,49,,0.219,,0.157,,1.6,,4.04,,16,,36
29039,O6,Ouse at Clifton Bridge,27/02/1996 12:30,,0.109,<,0.1,,58,,5.72,,0.807,,40,,9.4,,7,,0.021,,0.077,,75,,0.227,,0.193,,2.2,,4.56,,18.4,,45
29039,O6,Ouse at Clifton Bridge,05/03/1996 11:14,,0.204,<,0.1,,65,,4.05,,0.859,,39,,10,,6.20968,,0.031,,0.074,,175,,0.298,,0.238,,2.4,,3.92,,19.8,,52
29039,O6,Ouse at Clifton Bridge,13/03/1996 11:55,,0.155,<,0.1,,75,,3.66,,1.393,,40,,12.4,,5.98387,,0.026,,0.081,,162,,0.255,,0.229,,2.4,,3.53,,18,,67
29039,O6,Ouse at Clifton Bridge,19/03/1996 08:40,,0.315,<,0.1,,78,,5.1,,1.166,,60,,13,,7.90323,,0.047,,0.101,,132,,0.27,,0.239,,3.6,,3.44,,29,,66
29039,O6,Ouse at Clifton Bridge,25/03/1996 14:25,,0.077,<,0.1,,63,,4.25,,0.727,,36,,9.8,,5.98387,,0.029,,0.096,,92,,0.229,,0.185,,2.4,,3.57,,18,,50
29039,O6,Ouse at Clifton Bridge,01/04/1996 10:50,,0.252,<,0.1,,73,,3.04,,0.352,,36,,11.4,,5.64516,,0.022,,0.028,,190,,0.236,,0.213,,2.6,,2.14,,17.6,,61
29039,O6,Ouse at Clifton Bridge,09/04/1996 10:00,,0.478,<,0.1,,80,,3.95,,0.78,,38,,12.8,,5.19355,,0.03,,0.08,,294,,1.425,,1.382,,3.2,,1.14,,19.8,,73
29039,O6,Ouse at Clifton Bridge,16/04/1996 07:40,,0.189,<,0.1,,75,,3.41,,0.731,,37,,12.4,,4.85484,,0.032,,0.098,,251,,0.324,,0.291,,3,,1.3,,19.6,,69
29039,O6,Ouse at Clifton Bridge,23/04/1996 07:48,,0.299,<,0.1,,55,,3.99,,1.299,,28,,8.4,,2.82258,,0.02,,0.123,,216,,0.283,,0.253,,2.4,,1.05,,16,,44
29039,O6,Ouse at Clifton Bridge,30/04/1996 11:35,,0.233,<,0.1,,63,,5.28,,0.484,,30,,10,,3.3871,,0.018,,0.06,,161,,0.203,,0.171,,2.6,,1.43,,16.8,,51
29039,O6,Ouse at Clifton Bridge,02/05/1996 11:45,,0.088,<,0.1,,65,,3.83,,2.314,,30,,10.8,,3.04839,,0.034,,0.188,,179,,0.289,,0.205,,3,,1.29,,18.2,,52
29039,O6,Ouse at Clifton Bridge,08/05/1996 11:55,,0.407,<,0.1,,65,,5.8,,0.658,,31,,11.4,,4.29032,,0.018,,0.074,,138,,0.205,,0.168,,3,,2.56,,18.8,,50
29039,O6,Ouse at Clifton Bridge,14/05/1996 10:55,,0.41,<,0.1,,75,,3.07,,0.673,,34,,12,,4.17742,,0.025,,0.074,,225,,0.948,,0.888,,3.2,,0.99,,19.4,,64
29039,O6,Ouse at Clifton Bridge,21/05/1996 07:35,,0.092,<,0.1,,73,,4.71,,0.75,,33,,12,,3.6129,,0.021,,0.09,,221,,0.321,,0.264,,3,,0.44,,18.6,,63
29039,O6,Ouse at Clifton Bridge,29/05/1996 11:30,,0.352,<,0.1,,65,,5.14,,1.026,,27,,10,,2.70968,,0.049,,0.077,,235,,0.306,,0.276,,2.6,,2.29,,16.2,,50
29039,O6,Ouse at Clifton Bridge,04/06/1996 12:05,,0.623,<,0.1,,50,,7.39,,,,23,,8,,2.03226,,0.044,,,,274,,0.336,,0.311,,2.2,,4.15,,15,,37
29039,O6,Ouse at Clifton Bridge,11/06/1996 10:30,,0.139,<,0.1,,70,,4.57,,0.825,,32,,11.6,,3.16129,,0.054,,0.111,,301,,0.371,,0.334,,3.2,,2.94,,19,,60
29039,O6,Ouse at Clifton Bridge,18/06/1996 10:58,,0.071,<,0.1,,78,,4.11,,2.26,,35,,12.6,,2.82258,,0.032,,0.345,,226,,0.33,,0.31,,3.4,,0.13,,19,,71
29039,O6,Ouse at Clifton Bridge,25/06/1996 07:40,<,0.02,<,0.1,,83,,4.958,,1.716,,37,,14,,2.82258,,0.025,,0.252,,278,,0.4,,0.3,,3.6,<,0.02,,20,,76
29039,O6,Ouse at Clifton Bridge,02/07/1996 12:00,,,<,0.1,,78,,4.276,,1.983,,38,,14.4,,2.25806,,0.07456,,0.274,,346,,0.53,,0.41,,4,,0.06,,22,,79
29039,O6,Ouse at Clifton Bridge,09/07/1996 07:30,,0.169,<,0.1,,50,,5.982,,1.219,,23,,8,,1.24194,,0.0216,,0.099,,262,,0.35,,0.3,,2.6,,3.26,,14,,34
29039,O6,Ouse at Clifton Bridge,16/07/1996 12:07,,0.115,<,0.1,,65,,6.815,,0.765,,31,,11.6,,2.59677,,0.04728,,0.079,,402,,0.47,,0.42,,3,,3.6,,18.8,,60
29039,O6,Ouse at Clifton Bridge,23/07/1996 10:23,,0.134,,0.15,,78,,4.574,,0.673,,36,,14,,0.564516,,0.03745,,0.084,,353,,0.44,,0.4,,3.6,,1.9,,20,,77
29039,O6,Ouse at Clifton Bridge,30/07/1996 07:25,,0.138,,0.2,,78,,3.552,,1.007,,39,,16,,2.25806,,0.04198,,0.14,,412,,0.6,,0.54,,3.8,,2.07,,22,,85
29039,O6,Ouse at Clifton Bridge,06/08/1996 07:20,,0.237,,0.15,,75,,4.347,,0.645,,38,,15.2,,2.70968,,0.0342,,0.063,,390,,0.48,,0.43,,3.6,,2.71,,21,,83
29039,O6,Ouse at Clifton Bridge,13/08/1996 07:40,,0.119,<,0.1,,78,,5.259,,0.661,,35,,13.8,,2.59677,,0.04401,,0.057,,389,,0.56,,0.49,,3.6,,3.06,,20,,79
29039,O6,Ouse at Clifton Bridge,20/08/1996 11:04,,0.087,<,0.1,,68,,4.82,,0.904,,33,,12.2,,2.03226,,0.041,,0.199,,381,,0.5,,0.46,,3.8,,2.12,,20,,58
29039,O6,Ouse at Clifton Bridge,27/08/1996 12:05,,0.233,<,0.1,,80,,4.111,,0.571,,36,,14.4,,2.37097,,0.057,,0.075,,427,,0.56,,0.53,,4.4,,4.59,,21,,81
29039,O6,Ouse at Clifton Bridge,03/09/1996 07:25,,0.106,<,0.1,,43,,12.936,,0.809,,20,,6.8,,1.35484,,0.028,,0.075,,220,,0.32,,0.3,,2.4,,5.16,,12.4,,35
29039,O6,Ouse at Clifton Bridge,11/09/1996 12:15,,0.002,<,0.1,,68,,6.18,,0.827,,32,,11.8,,2.93548,,0.06,,0.074,,555,,0.64,,0.594,,4.2,,6.25,,21,,65
29039,O6,Ouse at Clifton Bridge,17/09/1996 11:05,,0.141,<,0.1,,73,,4.11,,0.622,,35,,12.8,,2.37097,,0.044,,0.076,,875,,1.008,,0.951,,4.2,,6.25,,23,,74
29039,O6,Ouse at Clifton Bridge,24/09/1996 11:35,,0.109,,0.15,,80,,3.42,,0.682,,36,,14.6,,3.27419,,0.026,,0.094,,612,,0.727,,0.662,,4.2,,4.38,,23,,81
29039,O6,Ouse at Clifton Bridge,30/09/1996 12:20,,0.041,<,0.1,,48,,6.97,,3.566,,19,,5.8,,1.35484,,0.01,,0.306,,82,,0.253,,0.14,,2.4,,1.54,,11.2,,29
29039,O6,Ouse at Clifton Bridge,08/10/1996 11:00,,0.12,<,0.1,,31.5,,13.74,,1.093,,18,,5,,1.80645,,0.028,,0.09,,498,,0.59,,0.549,,2.4,,4.06,,13,,28
29039,O6,Ouse at Clifton Bridge,15/10/1996 07:25,,0.148,<,0.1,,63,,8.03,,0.46,,25,,9.6,,2.48387,,,,0.041,,357,,0.424,,0.396,,3.2,,5.09,,16.2,,49
29039,O6,Ouse at Clifton Bridge,20/10/1996 08:10,,0.048,<,0.1,,68,,4.82,,0.719,,26,,9.8,,2.48387,,,,0.062,,354,,0.393,,0.356,,3,,4.19,,16.2,,48
29039,O6,Ouse at Clifton Bridge,27/10/1996 11:30,,0.077,<,0.1,,53,,11.147,,3.052,,21,,8,,2.03226,,0.018,,0.197,,197,,0.351,,0.243,,2.4,,4.21,,12.4,,44
29039,O6,Ouse at Clifton Bridge,28/10/1996 11:00,,,<,0.1,,24,,20.43,,5.135,,12,,3,,1.01613,,0.012,,0.409,,67,,0.255,,0.115,,1.8,,2.87,,7,,15
29039,O6,Ouse at Clifton Bridge,29/10/1996 12:35,,0.028,<,0.1,,38.5,,20.919,,2.237,,12,,2.6,,1.01613,,0.012,,0.139,,98,,0.208,,0.126,,1.2,,2.65,,7.2,,14
29039,O6,Ouse at Clifton Bridge,05/11/1996 12:30,,0.058,<,0.05,,30,,13.473,,1.996,,14.5,,4.2,,0.632258,,0.012,,0.094,,125,,0.235,,0.153,,1.7,,3.82,,8.4,,21
29039,O6,Ouse at Clifton Bridge,07/11/1996 11:25,<,0.00004,<,0.05,,21,,8.219,,8.561,,12,,2.6,,0.948387,,0.014,,0.307,,49,,0.461,,0.106,,2.1,,2.94,,6.9,,11
29039,O6,Ouse at Clifton Bridge,12/11/1996 13:20,,0.069,<,0.05,,41.5,,7.875,,1.039,,21,,6,,1.26452,,0.015,,0.02,,124,,0.211,,0.185,,2.3,,4.85,,11.9,,27
29039,O6,Ouse at Clifton Bridge,19/11/1996 10:40,,0.167,<,0.05,,52,,4.607,,0.636,,25,,7.3,,1.76129,,0.041,,0.025,,158,,0.228,,0.215,,2.9,,5.47,,13.6,,40
29039,O6,Ouse at Clifton Bridge,26/11/1996 12:25,,0.274,,0.05,,58,,5.199,,1.882,,74,,8.8,,4.01935,,0.029,,0.106,,165,,0.289,,0.205,,4,,5.24,,42,,43
29039,O6,Ouse at Clifton Bridge,03/12/1996 12:30,,0.161,<,0.05,,22,,11.836,,3.353,,19,,3.1,,1.08387,,0.014,,0.191,,61,,0.218,,0.113,,1.5,,3.26,,10.3,,15
29039,O6,Ouse at Clifton Bridge,10/12/1996 11:15,,0.168,<,0.05,,57,,4.513,,0.419,,28,,7.9,,3.92903,,0.022,,0.049,,121,,0.158,,0.138,,2.5,,5.48,,14.9,,41
29039,O6,Ouse at Clifton Bridge,16/12/1996 09:35,,0.578,<,0.05,,56,,5.521,,0.766,,28,,8.7,,3.70323,,0.032,,0.075,,267,,0.348,,0.316,,3.1,,5.77,,16,,47
29040,D7,Derwent at Bubwith,07/09/1993 08:35,,,,0.15,,97.6,,2.4,,0.298,,40,,8.5,,3.74839,,,,0.096,,,,0.138,,0.12,,2.9,,6.17,,20.3,,100
29040,D7,Derwent at Bubwith,14/09/1993 09:05,,,,0.1,,86.2,,4.11,,1.704,,33,,7.8,,3.47742,,,,0.213,,,,0.225,,0.168,,4.6,,7.51,,19.6,,74
29040,D7,Derwent at Bubwith,21/09/1993 09:10,,,,0.05,,85.5,,6.5,,1.252,,35,,6.9,,4.29032,,,,0.024,,,,0.103,,0.074,,3.8,,8.19,,15.4,,86
29040,D7,Derwent at Bubwith,28/09/1993 08:50,,,,0.1,,98.2,,4.21,,0.873,,35,,8.2,,3.83871,,,,0.06,,,,0.109,,0.062,,3,,8.44,,17.5,,92
29040,D7,Derwent at Bubwith,05/10/1993 08:45,,,,0.05,,68.7,,5.31,,1.246,,29,,6.3,,2.52903,,,,0.054,,,,0.14,,0.086,,2.9,,7.36,,14.2,,68
29040,D7,Derwent at Bubwith,11/10/1993 08:50,,,,0.1,,87.6,,4.53,,0.946,,33,,7.6,,4.33548,,,,0.055,,,,0.114,,0.065,,3.3,,8.02,,15.9,,78
29040,D7,Derwent at Bubwith,18/10/1993 09:05,,,,0.1,,94.1,,4.46,,0.828,,38,,8.5,,4.74194,,,,0.057,,,,0.083,,0.082,,3.2,,8.24,,17.3,,99
29040,D7,Derwent at Bubwith,25/10/1993 09:30,,,,0.05,,86.7,,4.86,,0.78,,37,,7.8,,3.92903,,,,0.023,,,,0.09,,0.068,,3.2,,7.79,,17.8,,90
29040,D7,Derwent at Bubwith,01/11/1993 10:50,,,,0.1,,103.3,,2.33,,0.485,,38,,9.1,,4.24516,,,,0.043,,,,0.101,,0.076,,3.2,,8.28,,19.1,,105
29040,D7,Derwent at Bubwith,08/11/1993 09:50,,,,0.1,,107.4,,2.96,,0.637,,39,,9.4,,4.29032,,,,0.071,,,,0.128,,0.092,,3.5,,8.65,,20,,105
29040,D7,Derwent at Bubwith,15/11/1993 12:25,,,,0.05,,87.6,,6.64,,5.321,,40,,7.8,,5.87097,,,,0.441,,,,0.467,,0.153,,5.3,,7.74,,16.9,,72
29040,D7,Derwent at Bubwith,22/11/1993 09:40,,,,0.1,,114.2,,18.49,,1.234,,46,,10.1,,6.09677,,,,0.118,,,,0.11,,0.055,,3.9,,8.1,,21,,111
29040,D7,Derwent at Bubwith,29/11/1993 11:35,,,,0.1,,111.2,,4.82,,1.81,,45,,9.5,,5.64516,,,,0.114,,,,0.11,,0.053,,3.1,,8,,20.3,,105
29040,D7,Derwent at Bubwith,06/12/1993 12:10,,,,0.1,,102.4,,6.62,,1.375,,40,,9.2,,5.19355,,,,0.103,,,,0.1,,0.056,,3.2,,7.79,,18.7,,90
29040,D7,Derwent at Bubwith,13/12/1993 11:55,,,,0.1,,95.7,,6.04,,2.9,,43,,9.2,,6.32258,,,,0.262,,,,0.191,,0.086,,3.7,,8.96,,19.2,,84
29040,D7,Derwent at Bubwith,20/12/1993 12:13,,,,0.1,,93.6,,4.19,,5.414,,40,,8.7,,6.32258,,,,0.484,,,,0.314,,0.086,,3.7,,7.48,,17.7,,78
29040,D7,Derwent at Bubwith,04/01/1994 14:20,,,,0.05,,91.1,,5.02,,5.195,,44,,8.8,,6.32258,,,,0.391,,,,0.282,,0.115,,4.3,,6.75,,21,,68
29040,D7,Derwent at Bubwith,10/01/1994 13:00,,,,0.05,,80.6,,4.21,,1.915,,35,,7.3,,5.41935,,,,0.148,,,,0.107,,0.052,,3.4,,5.69,,19.9,,68
29040,D7,Derwent at Bubwith,17/01/1994 11:30,,,,0.1,,105.9,,4.24,,1.105,,42,,8.7,,6.77419,,,,0.063,,,,0.095,,0.06,,6.2,,6.71,,18.3,,87
29040,D7,Derwent at Bubwith,24/01/1994 12:55,,,,0.1,,106.8,,63.82,,1.965,,40,,9.1,,6.54839,,,,0.153,,,,0.131,,0.051,,3.3,,7.55,,19,,86
29040,D7,Derwent at Bubwith,31/01/1994 12:40,,,,0.1,,110.9,,2.99,,1.415,,43,,9.4,,6.54839,,,,0.099,,,,0.108,,0.045,,4.2,,7.21,,20.1,,90
29040,D7,Derwent at Bubwith,07/02/1994 09:30,,,,0.1,,104.9,,3.89,,1.934,,40,,8.8,,6.32258,,,,0.296,,,,0.121,,0.047,,3.2,,7.92,,18.7,,88
29040,D7,Derwent at Bubwith,14/02/1994 09:30,,,,0.1,,101.9,,3.27,,2.799,,38,,9,,6.09677,,,,0.203,,,,0.165,,0.075,,3.1,,7,,17.8,,86
29040,D7,Derwent at Bubwith,21/02/1994 09:55,,,<,0.1,,113,,2.83,,2.659,,44,,10,,6.77419,,,,0.209,,,,0.148,,0.035,,3.2,,6.68,,20.8,,110
29040,D7,Derwent at Bubwith,28/02/1994 14:20,,,<,0.1,,70,,5.34,,1.643,,46,,5.8,,13.5484,,,,0.552,,,,0.299,,0.104,,4,,5.34,,17.2,,61
29040,D7,Derwent at Bubwith,08/03/1994 08:00,,,<,0.1,,98,,3.2,,1.263,,38,,9.8,,6.43548,,,,0.163,,,,0.112,,0.036,,3,,6.54,,19,,89
29040,D7,Derwent at Bubwith,14/03/1994 14:30,,,<,0.1,,128,,5.35,,1.801,,39,,10,,6.54839,,,,0.148,,,,0.751,,0.4,,2.8,,6.11,,19,,95
29040,D7,Derwent at Bubwith,22/03/1994 08:25,,,<,0.1,,110,,2.24,,0.747,,38,,9,,6.09677,,,,0.034,,,,0.127,,0.057,,2.8,,6.52,,18.2,,91
29040,D7,Derwent at Bubwith,29/03/1994 08:05,,,<,0.1,,120,,1.78,,0.689,,40,,9.6,,6.54839,,,,0.047,,,,0.056,,0.021,,2.8,,6.01,,19.2,,105
29040,D7,Derwent at Bubwith,05/04/1994 07:30,,,<,0.1,,90,,4.29,,0.749,,34,,8,,5.53226,,,,0.078,,,,0.092,,0.05,,2.8,,5.8,,17,,86
29040,D7,Derwent at Bubwith,12/04/1994 08:40,,,,0.1,,110,,3.53,,0.815,,40,,9.4,,6.20968,,,,0.11,,,,0.129,,0.074,,3.6,,5.28,,19.8,,90
29040,D7,Derwent at Bubwith,19/04/1994 11:15,,,<,0.1,,155,,2.37,,0.4,,38,,12.8,,5.64516,,,,0.057,,,,0.092,,0.066,,3.2,,4.76,,23,,102
29040,D7,Derwent at Bubwith,26/04/1994 07:30,,,,0.1,,118,,2.86,,,,42,,10.4,,5.64516,,,,,,,,0.145,,0.096,,3.8,,4.39,,21,,100
29040,D7,Derwent at Bubwith,03/05/1994 12:45,,,<,0.1,,143,,2.6,,0.725,,43,,12,,5.41935,,,,0.111,,,,0.124,,0.097,,3.8,,2.95,,25,,110
29040,D7,Derwent at Bubwith,10/05/1994 07:08,,,,0.1,,143,,2.48,,0.538,,45,,12,,5.64516,,,,0.077,,,,0.156,,0.12,,3.6,,3.03,,26.2,,115
29040,D7,Derwent at Bubwith,17/05/1994 07:15,,,<,0.1,,128,,3.11,,0.621,,40,,11.2,,5.41935,,,,0.083,,,,0.132,,0.102,,3.6,,2.86,,24,,100
29040,D7,Derwent at Bubwith,24/05/1994 07:05,,,,0.1,,108,,2.59,,0.592,,39,,9,,6.09677,,,,0.068,,,,0.167,,0.13,,3.2,,4.73,,20.6,,92
29040,D7,Derwent at Bubwith,01/06/1994 06:53,,,<,0.1,,100,,2.45,,0.387,,37,,9,,4.85484,,,,0.054,,,,0.153,,0.126,,3,,4.31,,18.8,,99
29040,D7,Derwent at Bubwith,07/06/1994 06:45,,,<,0.1,,103,,2.59,,0.55,,38,,9.2,,5.19355,,,,0.083,,,,0.175,,0.139,,3.4,,3.62,,21,,95
29040,D7,Derwent at Bubwith,14/06/1994 07:30,,,<,0.1,,103,,2.35,,0.361,,35,,8.8,,4.17742,,,,0.061,,,,0.164,,0.122,,3,,2.75,,19.2,,94
29040,D7,Derwent at Bubwith,21/06/1994 07:55,,,<,0.1,,108,,2.34,,0.486,,37,,8,,4.51613,,,,0.072,,,,0.224,,0.185,,3.6,,4.96,,22,,99
29040,D7,Derwent at Bubwith,27/06/1994 06:53,,,<,0.1,,100,,4.21,,1.33,,43,,8.6,,3.83871,,,,0.182,,109,,0.087,,0.047,,3,,5.48,,19.6,,90
29040,D7,Derwent at Bubwith,05/07/1994 14:00,,,<,0.1,,103,,2.61,,1.005,,46,,8.8,,3.95161,,,,0.143,,90,,0.122,,0.081,,3,,5.16,,20,,98
29040,D7,Derwent at Bubwith,12/07/1994 07:25,,,<,0.1,,98,,2.75,,0.996,,35,,8.8,,3.72581,,,,0.166,,198,,0.222,,0.169,,4.8,,4.86,,20,,100
29040,D7,Derwent at Bubwith,19/07/1994 06:30,,,<,0.1,,95,,2.67,,0.583,,35,,8.6,,3.72581,,,,0.065,,175,,0.216,,0.202,,3.6,,4.79,,22,,95
29040,D7,Derwent at Bubwith,25/07/1994 06:45,,,<,0.1,,108,,1.83,,0.454,,35,,8.8,,3.95161,,,,0.054,,204,,0.22,,0.194,,3.4,,4.63,,20,,100
29040,D7,Derwent at Bubwith,02/08/1994 07:30,,,<,0.1,,100,,2.18,,0.483,,35,,7.6,,3.5,,,,0.085,,226,,0.293,,0.272,,4,,4.7,,20,,93
29040,D7,Derwent at Bubwith,08/08/1994 07:00,,,<,0.1,,103,,4.01,,0.5,,35,,8.8,,3.16129,,,,0.059,,176,,0.319,,0.308,,4.2,,6.67,,22,,86
29040,D7,Derwent at Bubwith,17/08/1994 12:05,,,<,0.1,,115,,2.48,,0.541,,35,,9,,3.3871,,,,0.082,,215,,0.276,,0.252,,3.6,,5.58,,24,,105
29040,D7,Derwent at Bubwith,23/08/1994 07:43,,,<,0.1,,98,,3.01,,,,35,,9.2,,3.5,,,,,,166,,0.288,,0.259,,3.4,,5.38,,20,,99
29040,D7,Derwent at Bubwith,30/08/1994 07:20,,,<,0.1,,98,,7.13,,0.342,,37,,9,,3.72581,,,,0.034,,158,,0.244,,0.23,,3.6,,4.45,,20,,98
29040,D7,Derwent at Bubwith,06/09/1994 13:50,,,<,0.1,,103,,2.22,,0.281,,35,,9,,3.72581,,,,0.038,,180,,0.233,,0.216,,3.8,,5.06,,20,,91
29040,D7,Derwent at Bubwith,12/09/1994 15:14,,,<,0.1,,95,,,,0.321,,34,,8.8,,3.3871,,,,0.016,,195,,,,,,4,,,,20,,99
29040,D7,Derwent at Bubwith,13/09/1994 12:20,,,<,0.1,,98,,2.87,,0.415,,37,,8.8,,3.6129,,,,0.035,,202,,0.281,,0.257,,4.2,,5.69,,22,,98
29040,D7,Derwent at Bubwith,16/09/1994 09:30,,,<,0.1,,100,,,,0.426,,36,,8.8,,3.95161,,,,0.039,,162,,,,,,4,,,,21,,92
29040,D7,Derwent at Bubwith,20/09/1994 07:30,,,<,0.1,,70,,4.01,,0.676,,32,,7.4,,3.16129,,,,0.06,,174,,0.215,,0.177,,4,,8.32,,19,,76
29040,D7,Derwent at Bubwith,27/09/1994 07:30,,,<,0.1,,75,,4.47,,0.735,,33,,7.4,,3.16129,,,,0.087,,138,,0.303,,0.258,,3.8,,8.11,,18.4,,83
29040,D7,Derwent at Bubwith,04/10/1994 07:34,,,,0.15,,88,,3.76,,0.574,,34,,8.4,,12.4194,,,,0.063,,156,,0.213,,0.179,,3.8,,8.04,,19,,99
29040,D7,Derwent at Bubwith,11/10/1994 07:45,,,<,0.1,,90,,3.91,,0.63,,33,,7.8,,2.93548,,,,0.062,,133,,0.178,,0.141,,3.8,,7.78,,19,,88
29040,D7,Derwent at Bubwith,18/10/1994 07:50,,,<,0.1,,98,,2.7,,0.616,,37,,9.2,,3.72581,,,,0.058,,221,,0.274,,0.227,,3.8,,7.99,,20,,105
29040,D7,Derwent at Bubwith,25/10/1994 08:25,,,<,0.1,,63,,3.9,,1.91,,28,,6,,2.70968,,,,0.149,,92,,0.194,,0.112,,3.6,,8.1,,15.6,,57
29040,D7,Derwent at Bubwith,01/11/1994 08:45,,,<,0.1,,83,,3.24,,0.508,,33,,7.8,,3.5,,,,0.051,,104,,0.181,,0.127,,3.4,,8.51,,18,,79
29040,D7,Derwent at Bubwith,08/11/1994 08:50,,,<,0.1,,73,,7.35,,1.711,,41,,6.6,,4.85484,,,,0.186,,87,,0.191,,0.118,,3.8,,8.05,,15.4,,77
29040,D7,Derwent at Bubwith,14/11/1994 10:25,,,<,0.1,,65,,4.05,,2.02,,34,,6.4,,4.06452,,,,0.136,,111,,0.204,,0.063,,3.4,,8.59,,17.4,,67
29040,D7,Derwent at Bubwith,22/11/1994 08:45,,,<,0.1,,75,,5.91,,4.479,,37,,6.4,,5.75806,,,,0.399,,87,,0.287,,0.094,,9.4,,8.13,,14,,60
29040,D7,Derwent at Bubwith,29/11/1994 15:40,,,<,0.1,,98,,3.43,,1.138,,33,,7.4,,3.95161,,,,0.161,,55,,0.258,,0.198,,2.8,,8.69,,16.6,,83
29040,D7,Derwent at Bubwith,06/12/1994 14:00,,,<,0.1,,63,,5.69,,7.348,,31,,5.6,,5.53226,,,,0.64,,151,,0.472,,0.128,,3.8,,8.1,,13.8,,55
29040,D7,Derwent at Bubwith,13/12/1994 15:50,,,,0.15,,90,,4.18,,1.881,,39,,8.6,,4.74194,,,,0.18,,70,,0.152,,0.088,,3.6,,8.76,,19,,95
29040,D7,Derwent at Bubwith,20/12/1994 11:35,,,<,0.1,,98,,4.44,,1.567,,46,,9.2,,6.43548,,,,0.132,,77,,0.178,,0.094,,3.8,,8.05,,19,,94
29040,D7,Derwent at Bubwith,04/01/1995 12:30,,,,0.1,,103,,4.4,,2.361,,45,,9.2,,7.22581,,,,0.193,,48,,0.191,,0.086,,3.4,,8.48,,19.8,,110
29040,D7,Derwent at Bubwith,10/01/1995 12:15,,,<,0.1,,70,,3.82,,2.208,,36,,6.4,,4.85484,,,,0.195,,42,,0.127,,0.044,,2.6,,6.96,,16,,74
29040,D7,Derwent at Bubwith,17/01/1995 16:20,,,,0.1,,100,,3.03,,2.346,,48,,8.6,,5.75806,,,,0.206,,77,,0.15,,0.055,,9,,7.8,,18.8,,92
29040,D7,Derwent at Bubwith,24/01/1995 09:22,,,<,0.1,,70,,4.36,,2.915,,38,,6.6,,5.87097,,,,0.257,,26,,0.171,,0.061,,2.8,,6.82,,16.8,,75
29040,D7,Derwent at Bubwith,29/01/1995 11:40,,,<,0.1,,95,,4.89,,1.744,,50,,8.4,,7.56452,,,,0.125,,57,,0.154,,0.056,,3.8,,6.72,,21,,85
29040,D7,Derwent at Bubwith,01/02/1995 10:20,,,<,0.1,,73,,4.17,,2.36,,37,,6.6,,5.64516,,,,0.126,,30,,0.179,,0.05,,3,,6.64,,17.4,,68
29040,D7,Derwent at Bubwith,07/02/1995 15:00,,,,0.1,,93,,,,,,40,,7.6,,7,,,,,,43,,,,,,3.6,,,,17.8,,91
29040,D7,Derwent at Bubwith,12/02/1995 14:45,,,<,0.1,,65,,4.28,,5.495,,35,,5.6,,5.75806,,,,0.571,,110,,0.412,,0.111,,3.6,,7.81,,17.2,,61
29040,D7,Derwent at Bubwith,14/02/1995 08:55,,,<,0.1,,83,,4.69,,1.868,,34,,6.2,,5.98387,,,,0.181,,47,,0.286,,0.174,,3.2,,7.37,,15.2,,70
29040,D7,Derwent at Bubwith,21/02/1995 13:20,,,<,0.1,,105,,4.01,,1.337,,39,,7.6,,6.66129,,,,0.107,,42,,0.149,,0.084,,3.4,,7.84,,17.2,,82
29040,D7,Derwent at Bubwith,23/02/1995 10:05,,,<,0.1,,110,,,,,,39,,6.8,,6.66129,,,,,,30,,,,,,3,,,,16.8,,82
29040,D7,Derwent at Bubwith,23/02/1995 10:50,,,,,,,,,,1.736,,,,,,,,,,0.086,,,,,,,,,,,,,,
29040,D7,Derwent at Bubwith,27/02/1995 12:38,,,<,0.1,,103,,3.24,,2.242,,38,,6.6,,5.87097,,,,0.157,,31,,1.604,,1.457,,3.2,,6.6,,16.6,,85
29040,D7,Derwent at Bubwith,07/03/1995 13:55,,,<,0.1,,90,,4.29,,2.538,,45,,7.8,,5.64516,,,,0.241,,44,,0.205,,0.089,,3.2,,8.04,,21,,83
29040,D7,Derwent at Bubwith,14/03/1995 13:55,,,,,,,,3.83,,1.104,,,,,,,,,,0.086,,,,0.219,,0.236,,,,6.2,,,,
29040,D7,Derwent at Bubwith,14/03/1995 14:00,,,,0.1,,105,,,,,,46,,8.6,,6.09677,,,,,,42,,,,,,2.8,,,,21,,90
29040,D7,Derwent at Bubwith,22/03/1995 08:35,,,,0.1,,100,,3,,0.632,,37,,8.6,,5.08065,,0.02,,0.062,,45,,0.104,,0.05,,2.8,,6.44,,18.2,,86
29040,D7,Derwent at Bubwith,28/03/1995 09:50,,,,0.2,,108,,2.06,,0.61,,40,,9,,5.64516,,0.028,,0.074,,99,,0.102,,0.065,,2.8,,5.64,,19.6,,91
29040,D7,Derwent at Bubwith,04/04/1995 08:45,,,<,0.1,,100,,3.34,,1.628,,37,,9,,5.08065,,0.026,,0.135,,44,,0.133,,0.075,,2.8,,13.32,,18.4,,88
29040,D7,Derwent at Bubwith,11/04/1995 08:28,<,0.02,,0.2,,98,,8.19,,0.547,,36,,8.4,,4.85484,,0.025,,0.075,,58,,0.105,,0.068,,2.6,,6.04,,16.8,,86
29040,D7,Derwent at Bubwith,19/04/1995 10:40,<,0.02,,0.15,,108,,2.19,,0.824,,38,,9,,5.53226,,0.028,,0.117,,65,,0.118,,0.076,,2.6,,4.12,,17.8,,93
29040,D7,Derwent at Bubwith,25/04/1995 08:49,,0.079,,0,,98,,2.48,,0.721,,36,,8,,4.96774,,0.031,,0.073,,60,,0.121,,0.078,,3,,4.28,,19,,81
29040,D7,Derwent at Bubwith,02/05/1995 07:35,,0.04,<,0.1,,98,,2.32,,0.551,,36,,8,,4.74194,,0.026,,0.064,,61,,0.103,,0.068,,3,,3.12,,18,,87
29040,D7,Derwent at Bubwith,10/05/1995 07:45,,0.026,<,0.1,,103,,2.21,,0.877,,36,,9,,4.29032,,0.036,,0.086,,73,,0.118,,0.107,,3,,1.46,,18,,96
29040,D7,Derwent at Bubwith,16/05/1995 11:05,<,0.02,,0,,103,,2.26,,1.255,,35,,8,,4.74194,,0.025,,0.191,,63,,0.499,,0.458,,2,,2.5,,18,,90
29040,D7,Derwent at Bubwith,23/05/1995 08:55,<,0.02,<,0.1,,100,,2.33,,0.358,,34,,9,,4.06452,,0.028,,0.095,,75,,0.117,,0.091,,3,,1.88,,19,,89
29040,D7,Derwent at Bubwith,31/05/1995 10:30,,0.051,<,0.1,,98,,2.65,,0.558,,36,,8,,4.06452,,0.047,,0.112,,97,,0.161,,0.123,,3,,2.34,,20,,88
29040,D7,Derwent at Bubwith,06/06/1995 08:15,,0.098,<,0.1,,90,,2.89,,0.369,,34,,8,,3.83871,,0.065,,0.056,,112,,0.169,,0.129,,3,,4.92,,18,,80
29040,D7,Derwent at Bubwith,13/06/1995 07:36,,0.074,<,0.1,,90,,2.65,,0.476,,36,,8,,4.06452,,0.052,,0.03,,119,,0.182,,0.151,,2,,5.31,,19,,85
29040,D7,Derwent at Bubwith,20/06/1995 11:45,,0.064,,0,,93,,3.13,,0.76,,36,,8,,3.83871,,0.045,,0.107,,128,,0.182,,0.146,,3,,5.07,,19,,87
29040,D7,Derwent at Bubwith,27/06/1995 11:35,,0.071,<,0.1,,95,,2.17,,1.062,,36,,9,,3.6129,,0.048,,0.044,,143,,0.176,,0.152,,3,,5.2,,19,,96
29040,D7,Derwent at Bubwith,04/07/1995 06:10,,0.044,,0,,103,,2.34,,0.569,,36,,9,,3.83871,,0.042,,0.082,,138,,0.178,,0.163,,3,,5.44,,20,,98
29040,D7,Derwent at Bubwith,11/07/1995 07:40,,0.047,<,0.1,,100,,2.67,,0.319,,36,,9,,3.3871,,0.041,,0.06,,146,,0.188,,0.166,,3,,4.12,,20,,95
29040,D7,Derwent at Bubwith,18/07/1995 07:30,,0.093,<,0.1,,98,,2.36,,0.219,,37,,9,,3.6129,,0.053,,0.031,,156,,0.226,,0.194,,3,,4.84,,19,,94
29040,D7,Derwent at Bubwith,25/07/1995 11:25,,0.044,<,0.1,,98,,3.05,,0.465,,36,,9,,3.16129,,0.062,,0.138,,182,,0.778,,0.775,,4,,5.88,,20,,95
29040,D7,Derwent at Bubwith,01/08/1995 08:45,,0.044,<,0.1,,95,,2.64,,0.299,,35,,8,,2.70968,,0.06,,0.069,,147,,0.229,,0.214,,3,,4.65,,19,,94
29040,D7,Derwent at Bubwith,08/08/1995 11:40,,0.034,,0,,98,,2.92,,0.365,,40,,10,,2.70968,,0.059,,0.074,,153,,0.207,,0.183,,4,,4.77,,21,,105
29040,D7,Derwent at Bubwith,15/08/1995 08:00,<,0.02,<,0.1,,93,,,,0.274,,39,,9,,2.48387,,0.043,,0.041,,131,,0.18,,0.157,,4,,3.78,,22,,99
29040,D7,Derwent at Bubwith,22/08/1995 07:40,,0.024,<,0.1,,95,,3.67,,0.605,,39,,9,,2.93548,,0.051,,0.084,,180,,0.522,,0.498,,4,,3.45,,23,,101
29040,D7,Derwent at Bubwith,30/08/1995 09:10,,0.075,<,0.1,,108,,2.93,,0.335,,39,,10,,2.70968,,0.058,,0.062,,186,,0.354,,0.345,,4,,9.48,,22,,105
29040,D7,Derwent at Bubwith,05/09/1995 07:50,,0.046,<,0.1,,100,,2.38,,0.203,,41,,10,,3.16129,,0.034,,0.055,,225,,0.28,,0.265,,4,,12.63,,22,,105
29040,D7,Derwent at Bubwith,12/09/1995 08:10,<,0.02,<,0.1,,83,,3.4,,0.448,,34,,7,,3.3871,,0.085,,0.057,,309,,0.398,,0.354,,4,,16.7,,19,,78
29040,D7,Derwent at Bubwith,19/09/1995 08:15,,0.098,<,0.1,,78,,4.52,,0.4,,33,,7,,3.3871,,0.062,,0.059,,185,,0.347,,0.315,,4,,8.85,,19,,96
29040,D7,Derwent at Bubwith,26/09/1995 07:38,,0.022,<,0.1,,85,,2.97,,0.589,,33,,8,,2.70968,,0.037,,0.103,,179,,0.299,,0.268,,3,,6.25,,19,,93
29040,D7,Derwent at Bubwith,03/10/1995 08:05,<,0.02,<,0.1,,100,,2.55,,0.35,,37,,9,,3.16129,,0.033,,0.048,,233,,0.299,,0.291,,3,,1.76,,20,,105
29040,D7,Derwent at Bubwith,10/10/1995 07:55,,0.034,<,0.1,,95,,2.83,,0.536,,32,,9,,3.16129,,0.047,,0.054,,196,,0.258,,0.233,,3,,6.93,,19,,99
29040,D7,Derwent at Bubwith,17/10/1995 10:40,,0.054,<,0.1,,93,,3.86,,0.359,,35,,9,,2.48387,,0.036,,0.042,,210,,0.272,,0.236,,4,,9.62,,19,,100
29040,D7,Derwent at Bubwith,24/10/1995 08:34,,0.027,,0,,100,,2.89,,0.34,,38,,10,,3.3871,,0.035,,0.05,,224,,0.448,,0.405,,4,,8.29,,20,,115
29040,D7,Derwent at Bubwith,31/10/1995 08:39,,0.054,,0,,100,,4.3,,0.361,,41,,10,,3.3871,,0.037,,0.044,,232,,0.404,,0.387,,4,,8.05,,22,,110
29040,D7,Derwent at Bubwith,07/11/1995 09:00,,0.036,<,0.1,,100,,12.42,,0.643,,40,,10,,3.3871,,0.034,,0.09,,242,,0.34,,0.315,,4,,8.63,,22,,110
29040,D7,Derwent at Bubwith,14/11/1995 11:05,,0.141,<,0.1,,95,,2.83,,0.367,,39,,8,,3.6129,,0.044,,0.041,,287,,0.369,,0.332,,4,,8.91,,20,,100
29040,D7,Derwent at Bubwith,20/11/1995 10:02,,,,,,,,,,,,,,,,,,,,,,100,,,,,,,,,,,,
29040,D7,Derwent at Bubwith,21/11/1995 11:00,,0.088,<,0.1,,65,,,,,,47,,6,,3.6129,,0.042,,,,94,,,,,,4,,,,22,,91
29040,D7,Derwent at Bubwith,28/11/1995 08:55,,0.066,<,0.1,,70,,4.83,,1.789,,35,,7,,2.93548,,0.041,,0.136,,96,,0.176,,0.135,,2,,8.54,,18,,85
29040,D7,Derwent at Bubwith,05/12/1995 08:31,,0.067,,0,,73,,5.26,,3.607,,35,,7,,4.51613,,0.048,,0.338,,137,,0.351,,0.185,,3,,9.15,,18,,74
29040,D7,Derwent at Bubwith,12/12/1995 09:37,,0.086,<,0.1,,80,,1.47,,1.611,,40,,7,,5.41935,,0.033,,0.179,,49,,0.198,,0.121,,2,,8.33,,19,,95
29040,D7,Derwent at Bubwith,18/12/1995 09:15,,0.076,,0,,68,,3.24,,1.603,,33,,7,,3.83871,,0.032,,0.141,,62,,0.156,,0.08,,2,,8.04,,17,,82
29040,D7,Derwent at Bubwith,03/01/1996 09:16,,0.169,,0.2,,83,,3.37,,1.52,,51,,7.2,,4.29032,,0.028,,0.09,,69,,0.433,,0.337,,2.4,,8.84,,25,,84
29040,D7,Derwent at Bubwith,09/01/1996 08:40,,0.089,<,0.1,,75,,5.55,,2.724,,40,,7,,6.32258,,0.039,,0.217,,43,,0.192,,0.065,,2.8,,7.94,,17.8,,84
29040,D7,Derwent at Bubwith,16/01/1996 08:37,,0.087,<,0.1,,80,,3.83,,1.387,,37,,5.8,,5.87097,,0.035,,0.113,,52,,0.369,,0.304,,2,,8.68,,17.2,,100
29040,D7,Derwent at Bubwith,23/01/1996 09:05,,0.043,,0.35,,90,,3.9,,1.214,,37,,5.4,,5.19355,,0.029,,0.088,,62,,0.224,,0.152,,2,,8.68,,17.2,,96
29040,D7,Derwent at Bubwith,30/01/1996 09:15,,0.221,<,0.1,,85,,2.56,,1.164,,58,,7.6,,4.29032,,0.026,,0.093,,85,,0.205,,0.13,,2,,8.68,,30,,91
29040,D7,Derwent at Bubwith,06/02/1996 08:15,,0.11,,0.3,,103,,3.27,,1.321,,55,,9.4,,6.77419,,0.031,,0.129,,83,,0.185,,0.109,,2.4,,8.13,,25,,105
29040,D7,Derwent at Bubwith,11/02/1996 13:10,,,,0.2,,93,,6.4,,4.967,,59,,7.8,,7.33871,,,,0.391,,91,,0.303,,0.139,,2.8,,7.51,,26,,90
29040,D7,Derwent at Bubwith,13/02/1996 09:25,,0.164,<,0.1,,63,,13.66,,8.136,,40,,6.6,,8.69355,,0.03,,0.873,,67,,0.535,,0.21,,2.8,,5.5,,17.8,,60
29040,D7,Derwent at Bubwith,20/02/1996 08:34,,0.057,<,0.1,,83,,4.49,,1.92,,41,,7,,7.56452,,0.029,,0.165,,37,,0.219,,0.12,,2,,7.7,,17.8,,88
29040,D7,Derwent at Bubwith,27/02/1996 09:35,,0.07,<,0.1,,83,,4.08,,1.537,,43,,7.2,,6.8871,,0.024,,0.124,,37,,0.323,,0.227,,2.2,,7.06,,18.6,,78
29040,D7,Derwent at Bubwith,05/03/1996 09:12,,0.065,<,0.1,,50,,3.71,,2.524,,33,,4.2,,3.5,,0.02,,0.222,,225,,0.323,,0.145,,5,,6.64,,14.2,,48
29040,D7,Derwent at Bubwith,13/03/1996 09:15,,0.095,,0.15,,90,,2.61,,0.799,,39,,7.6,,5.53226,,0.023,,0.059,,53,,0.137,,0.079,,2,,7.04,,18.6,,93
29040,D7,Derwent at Bubwith,19/03/1996 09:40,,0.111,<,0.1,,90,,2.51,,0.753,,39,,7.6,,5.41935,,0.024,,0.088,,57,,0.279,,0.108,,2.4,,7.07,,18.6,,93
29040,D7,Derwent at Bubwith,26/03/1996 10:00,,0.095,<,0.1,,88,,3.1,,0.742,,40,,7.6,,5.87097,,0.031,,0.087,,62,,0.357,,0.299,,2.6,,6.45,,18.8,,92
29040,D7,Derwent at Bubwith,01/04/1996 11:30,,0.083,,0.2,,93,,1.89,,0.438,,39,,7.6,,5.19355,,0.025,,0.029,,70,,0.13,,0.093,,2.4,,5.69,,19.4,,94
29040,D7,Derwent at Bubwith,09/04/1996 10:50,,0.041,,0.15,,90,,2.63,,0.479,,39,,7.4,,4.62903,,0.023,,0.046,,272,,0.168,,0.106,,4.6,,4.35,,18.2,,96
29040,D7,Derwent at Bubwith,16/04/1996 12:30,,0.06,,0.15,,93,,2.39,,0.565,,38,,7.6,,4.62903,,0.035,,0.054,,97,,0.158,,0.116,,2.8,,4.51,,19.6,,100
29040,D7,Derwent at Bubwith,23/04/1996 09:00,,0.075,<,0.1,,95,,3.03,,0.992,,39,,7.6,,4.29032,,0.039,,0.136,,110,,0.374,,0.306,,3.2,,3.52,,18,,100
29040,D7,Derwent at Bubwith,30/04/1996 09:00,,0.043,<,0.1,,95,,2.2,,0.652,,36,,8.4,,3.6129,,0.03,,0.086,,112,,0.258,,0.211,,2.8,,2.49,,19,,90
29040,D7,Derwent at Bubwith,08/05/1996 08:55,,0.022,<,0.1,,90,,4.71,,1.1,,37,,8.8,,3.3871,,0.026,,0.131,,106,,0.298,,0.248,,3.2,,3.91,,20,,93
29040,D7,Derwent at Bubwith,14/05/1996 11:25,,0.032,<,0.1,,93,,2.44,,0.504,,38,,7.6,,3.72581,,0.034,,0.046,,107,,1.771,,1.713,,3,,1.13,,19,,91
29040,D7,Derwent at Bubwith,21/05/1996 10:20,,0.039,,0.3,,70,,3.67,,0.417,,36,,12.8,,3.83871,,0.037,,0.047,,282,,0.183,,0.153,,2.6,,4.93,,21,,63
29040,D7,Derwent at Bubwith,29/05/1996 07:20,,0.081,<,0.1,,93,,2.31,,0.67,,36,,8,,3.27419,,0.044,,0.041,,163,,0.213,,0.171,,3.2,,3.15,,19,,87
29040,D7,Derwent at Bubwith,04/06/1996 07:37,,0.077,<,0.1,,95,,4.52,,0.86,,38,,8.2,,3.16129,,0.066,,0.142,,187,,0.376,,0.339,,3.2,,4.58,,22,,93
29040,D7,Derwent at Bubwith,11/06/1996 08:45,,0.047,<,0.1,,95,,3.18,,0.834,,40,,8,,3.04839,,0.072,,0.156,,184,,0.333,,0.284,,3,,3.25,,20,,97
29040,D7,Derwent at Bubwith,18/06/1996 07:45,<,0.02,<,0.1,,93,,3.395,,0.447,,39,,7.6,,3.16129,,0.047,,0.059,,168,,0.29,,0.25,,3,,3.34,,20,,99
29040,D7,Derwent at Bubwith,25/06/1996 07:20,,0.065,<,0.1,,100,,3.675,,0.386,,41,,8.4,,3.27419,,0.06,,0.023,,189,,0.27,,0.22,,3.4,,4.31,,22,,105
29040,D7,Derwent at Bubwith,02/07/1996 07:25,,,<,0.1,,100,,3.199,,0.377,,41,,8,,2.82258,,0.07512,,0.039,,210,,0.25,,0.23,,3.6,,3.53,,22,,100
29040,D7,Derwent at Bubwith,09/07/1996 07:30,,0.038,<,0.1,,95,,3.721,,0.386,,44,,7.6,,2.37097,,0.0971,,0.02,,230,,0.36,,0.33,,3.4,,5.57,,23,,89
29040,D7,Derwent at Bubwith,16/07/1996 09:03,,0.045,<,0.1,,93,,4.417,,0.278,,37,,8.4,,2.48387,,0.05474,,0.035,,208,,0.65,,0.43,,3,,4.17,,19,,105
29040,D7,Derwent at Bubwith,23/07/1996 08:25,,0.03,,,,,,3.206,,0.589,,,,,,,,0.046,,0.086,,190,,0.25,,0.23,,,,0.83,,,,
29040,D7,Derwent at Bubwith,23/07/1996 08:35,,0.03,,0.1,,95,,,,,,38,,8.4,,1.35484,,0.04571,,,,190,,,,,,3,,,,21,,105
29040,D7,Derwent at Bubwith,30/07/1996 08:35,,0.039,<,0.1,,100,,2.876,,0.411,,42,,9.2,,2.25806,,0.04779,,0.036,,241,,0.29,,0.27,,4,,2.21,,22,,115
29040,D7,Derwent at Bubwith,06/08/1996 07:25,,0.026,<,0.1,,98,,3.662,,0.338,,43,,8.8,,2.48387,,0.05082,,0.029,,263,,0.32,,0.31,,3.6,,2.07,,23,,110
29040,D7,Derwent at Bubwith,13/08/1996 08:19,,0.038,,0.15,,98,,3.422,,0.385,,39,,8.6,,3.04839,,0.05564,,0.028,,281,,0.38,,0.37,,4,,5.72,,21,,110
29040,D7,Derwent at Bubwith,20/08/1996 10:40,,0.019,,0.15,,98,,4.148,,0.374,,39,,8.6,,2.14516,,0.04,,0.098,,250,,0.29,,0.28,,4,,1.33,,21,,115
29040,D7,Derwent at Bubwith,27/08/1996 07:40,,0.056,,0.1,,100,,2.48,,0.325,,39,,8.6,,2.59677,,0.04,,0.051,,253,,0.32,,0.31,,4.6,,5.41,,22,,105
29040,D7,Derwent at Bubwith,03/09/1996 08:30,,0.044,<,0.1,,95,,3.358,,0.3,,36,,8.2,,1.80645,,0.027,,0.023,,300,,0.34,,0.33,,4,,5.9,,20,,98
29040,D7,Derwent at Bubwith,11/09/1996 07:55,,,<,0.1,,98,,3.17,,0.333,,39,,8.8,,2.48387,,0.038,,0.032,,283,,0.333,,0.313,,4.2,,4.56,,22,,110
29040,D7,Derwent at Bubwith,17/09/1996 07:34,,0.016,,0.1,,100,,2.59,,0.151,,41,,8.6,,2.03226,,0.023,,0.021,,295,,0.461,,0.439,,3.8,,4.56,,23,,115
29040,D7,Derwent at Bubwith,24/09/1996 08:45,,0.047,<,0.1,,103,,2.36,,0.576,,43,,9,,2.93548,,0.027,,0.088,,264,,0.517,,0.486,,4.6,,5.23,,26,,115
29040,D7,Derwent at Bubwith,30/09/1996 13:15,,0.055,<,0.1,,110,,2.88,,0.219,,46,,9.4,,3.27419,,0.04,,0.02,,286,,0.353,,0.339,,4.8,,5.35,,26,,125
29040,D7,Derwent at Bubwith,08/10/1996 07:55,,0.022,<,0.1,,105,,2.8,,0.236,,42,,8.8,,3.3871,,0.035,,0.024,,290,,0.344,,0.318,,4.6,,7.02,,24,,110
29040,D7,Derwent at Bubwith,15/10/1996 08:03,,0.028,<,0.1,,105,,2.87,,0.401,,42,,9.2,,3.27419,,,,0.06,,314,,0.436,,0.401,,5,,7.04,,25,,110
29040,D7,Derwent at Bubwith,20/10/1996 12:30,,0.121,<,0.1,,108,,3.79,,0.364,,45,,9.2,,3.5,,,,0.04,,370,,0.418,,0.369,,5.4,,7.33,,26,,115
29040,D7,Derwent at Bubwith,29/10/1996 09:50,,0.032,<,0.1,,103,,3.696,,0.448,,39,,9,,3.6129,,0.036,,0.032,,304,,0.442,,0.403,,4.8,,7.55,,22,,105
29040,D7,Derwent at Bubwith,05/11/1996 09:10,,0.069,,0.1,,99,,11.39,,0.336,,38,,9.3,,3.34194,,0.046,,0.008,,276,,0.331,,0.298,,4.7,,8.2,,22,,90
29040,D7,Derwent at Bubwith,07/11/1996 09:35,<,0.00004,,0.05,,93,,2.728,,0.381,,38,,8.8,,2.66452,,0.049,,0,,265,,0.334,,0.296,,4.8,,6.24,,23,,90
29040,D7,Derwent at Bubwith,12/11/1996 09:40,,0.02,,0.05,,100,,3.473,,0.458,,41,,9.6,,2.75484,,0.04,,0.006,,271,,0.346,,0.319,,5,,9.17,,24,,102
29040,D7,Derwent at Bubwith,19/11/1996 08:30,,0.153,<,0.05,,67,,4.348,,0.68,,40,,6.8,,1.80645,,0.047,,0.046,,171,,0.269,,0.233,,4.4,,8.69,,22,,72
29040,D7,Derwent at Bubwith,26/11/1996 10:00,,0.272,,0.1,,78,,5.308,,0.906,,59,,8.3,,5.19355,,0.042,,0.066,,137,,0.243,,0.186,,5.9,,7.32,,27,,99
29040,D7,Derwent at Bubwith,03/12/1996 10:00,,0.142,,0.05,,59,,5.731,,1.063,,44,,6.4,,3.43226,,0.027,,0.076,,66,,0.238,,0.17,,3.2,,7.96,,22,,68
29040,D7,Derwent at Bubwith,10/12/1996 08:40,,0.185,,0.05,,76,,4.979,,0.533,,43,,7.7,,4.01935,,0.037,,0.043,,86,,0.158,,0.11,,3.4,,8.1,,20,,99
29040,D7,Derwent at Bubwith,16/12/1996 10:00,,0.216,,0.05,,85,,3.935,,0.476,,39,,8.5,,4.10968,,0.046,,0.03,,125,,0.19,,0.145,,3.3,,8.57,,20,,96
29041,A8,Aire at Beal Bridge,07/09/1993 09:15,,,,1.3,,66.7,,9.55,,1.863,,170,,14.4,,8.12903,,,,0.157,,,,1.599,,1.456,,17.4,,8.35,,139.8,,165
29041,A8,Aire at Beal Bridge,14/09/1993 10:15,,,,0.15,,27.7,,7.19,,12.085,,33,,5.4,,3.11613,,,,1.305,,,,0.882,,0.261,,5.4,,5.81,,25.1,,50
29041,A8,Aire at Beal Bridge,21/09/1993 10:20,,,,0.5,,51.9,,7.26,,2.037,,76,,11.4,,4.51613,,,,0.156,,,,0.67,,0.55,,9.6,,7.74,,64.5,,112
29041,A8,Aire at Beal Bridge,28/09/1993 09:50,,,,1,,62,,8.23,,2.167,,104,,13.5,,5.19355,,,,0.122,,,,0.899,,0.713,,13.2,,8.25,,91.4,,140
29041,A8,Aire at Beal Bridge,05/10/1993 09:25,,,,0.3,,52.8,,7.03,,2.031,,60,,11.8,<,0.112903,,,,0.204,,,,0.691,,0.554,,8.7,,7.76,,52.7,,96
29041,A8,Aire at Beal Bridge,11/10/1993 09:30,,,,0.6,,60.7,,8.11,,1.584,,74,,13.6,,5.19355,,,,0.109,,,,0.686,,0.583,,10.9,,8.46,,70.3,,120
29041,A8,Aire at Beal Bridge,18/10/1993 09:49,,,,0.75,,59.6,,7.94,,1.611,,88,,14,,5.41935,,,,0.113,,,,0.7,,0.62,,11.6,,8.56,,80.2,,152
29041,A8,Aire at Beal Bridge,25/10/1993 10:40,,,,1.4,,65.8,,10.23,,1.549,,110,,15.6,,5.87097,,,,0.107,,,,0.996,,0.817,,14.9,,8.81,,106.1,,170
29041,A8,Aire at Beal Bridge,01/11/1993 11:26,,,,1.4,,69.2,,9.41,,1.671,,120,,16.6,,5.64516,,,,0.159,,,,1.283,,1.122,,16.7,,9.32,,115,,185
29041,A8,Aire at Beal Bridge,08/11/1993 10:42,,,,1.6,,73.4,,10.09,,2.177,,130,,18.1,,4.42581,,,,0.218,,,,1.531,,1.329,,19.3,,9.7,,130.3,,195
29041,A8,Aire at Beal Bridge,15/11/1993 11:45,,,,0.35,,45.6,,6.11,,6.459,,63,,9.7,,4.06452,,,,0.589,,,,0.879,,0.486,,9.5,,7.12,,51.3,,96
29041,A8,Aire at Beal Bridge,22/11/1993 10:20,,,,0.55,,66.4,,9.9,,2.18,,110,,15.6,,4.96774,,,,0.191,,,,1.125,,0.947,,14.3,,8.68,,106.4,,165
29041,A8,Aire at Beal Bridge,29/11/1993 11:18,,,,1.05,,71.1,,12.57,,2.408,,150,,16.7,,6.54839,,,,0.204,,,,1.206,,1.019,,18.1,,8.88,,137,,195
29041,A8,Aire at Beal Bridge,06/12/1993 11:35,,,,0.4,,60.3,,8.06,,2.473,,112,,11,,4.2,,,,0.231,,,,0.879,,0.79,,12.4,,7.75,,92.3,,116
29041,A8,Aire at Beal Bridge,13/12/1993 11:20,,,,0.35,,44.9,,4.6,,4.382,,99,,9.5,,4.42581,,,,0.508,,,,0.599,,0.361,,6.7,,8.18,,69.6,,75
29041,A8,Aire at Beal Bridge,20/12/1993 11:35,,,,0.1,,31.5,,4.56,,7.012,,40,,5.9,,2.48387,,,,0.597,,,,0.522,,0.216,,4.5,,5.22,,27.4,,47
29041,A8,Aire at Beal Bridge,04/01/1994 13:10,,,,0.2,,37.5,,3.13,,6.022,,60,,7.5,,3.65806,,,,0.557,,,,0.571,,0.221,,4.5,,5.69,,42.5,,50
29041,A8,Aire at Beal Bridge,10/01/1994 12:10,,,,0.6,,59.2,,5.27,,2.476,,102,,13.9,,4.74194,,,,0.194,,,,0.505,,0.383,,8,,7.66,,76.3,,108
29041,A8,Aire at Beal Bridge,17/01/1994 12:40,,,,0.45,,55.9,,6.12,,2.097,,78,,12.2,,4.24516,,,,0.151,,,,0.516,,0.39,,8.2,,7.12,,61.3,,96
29041,A8,Aire at Beal Bridge,24/01/1994 12:15,,,,0.15,,33.2,,5.2,,6.716,,44,,6.2,,2.34839,,,,0.559,,,,0.597,,0.265,,4.7,,5.17,,34.3,,48
29041,A8,Aire at Beal Bridge,31/01/1994 11:50,,,,0.4,,49.9,,4.27,,2.591,,74,,10.5,,2.98065,,,,0.246,,,,0.42,,0.292,,6.4,,6.48,,55.1,,80
29041,A8,Aire at Beal Bridge,07/02/1994 10:10,,,,0.55,,53.7,,4.93,,2.214,,81,,12.3,,2.39355,,,,,,,,0.463,,0.337,,8.1,,8.06,,61.2,,96
29041,A8,Aire at Beal Bridge,14/02/1994 10:14,,,,0.6,,61.8,,6.87,,2.291,,105,,15.2,,3.68065,,,,0.22,,,,0.687,,0.538,,11.2,,7.95,,84.5,,135
29041,A8,Aire at Beal Bridge,21/02/1994 10:35,,,,0.8,,75,,8.32,,1.255,,225,,17.8,,4.17742,,,,0.111,,,,0.783,,0.585,,14.4,,8.07,,149,,210
29041,A8,Aire at Beal Bridge,28/02/1994 13:40,,,<,0.1,,38.5,,5.45,,0.8,,90,,8,,3.04839,,,,0.637,,,,0.852,,0.222,,6,,5.19,,51,,77
29041,A8,Aire at Beal Bridge,08/03/1994 13:30,,,,0.75,,63,,5.73,,2.563,,105,,14.6,,4.62903,,,,0.261,,,,0.651,,0.493,,9.4,,6.83,,88,,110
29041,A8,Aire at Beal Bridge,14/03/1994 12:50,,,,0.25,,53,,2.22,,4.248,,100,,10.6,,3.6129,,,,0.296,,,,0.14,,0.051,,7.8,,6.52,,75,,85
29041,A8,Aire at Beal Bridge,22/03/1994 09:25,,,,0.35,,55,,5.52,,0.916,,93,,12.2,,3.83871,,,,0.058,,,,0.549,,0.421,,8.8,,6.03,,74,,105
29041,A8,Aire at Beal Bridge,29/03/1994 09:00,,,,0.5,,45,,5.15,,1.344,,85,,10.4,,3.95161,,,,0.106,,,,0.554,,0.379,,7.6,,6.16,,61,,98
29041,A8,Aire at Beal Bridge,05/04/1994 08:55,,,,0.35,,43,,4.44,,2.713,,74,,9,,3.6129,,,,0.298,,,,0.543,,0.394,,6.8,,5.85,,55,,74
29041,A8,Aire at Beal Bridge,12/04/1994 09:35,,,,0.4,,48,,4.84,,1.624,,82,,10,,3.3871,,,,0.229,,,,0.441,,0.357,,7.2,,5.1,,68,,76
29041,A8,Aire at Beal Bridge,19/04/1994 10:30,,,,0.7,,80,,6.69,,1.661,,115,,19,,4.51613,,,,0.174,,,,0.643,,0.551,,13.4,,6.08,,98,,120
29041,A8,Aire at Beal Bridge,26/04/1994 08:20,,,,0.95,,66,,7.31,,,,115,,15.2,,5.19355,,,,,,,,1.025,,0.824,,13.2,,6.08,,118,,145
29041,A8,Aire at Beal Bridge,03/05/1994 11:30,,,,1.1,,83,,8.35,,2.679,,130,,19.6,,5.87097,,,,0.326,,,,1.175,,0.951,,18.2,,5.7,,128,,170
29041,A8,Aire at Beal Bridge,10/05/1994 08:00,,,,1.95,,90,,9.65,,2.456,,150,,22,,7.45161,,,,0.298,,,,1.235,,1.042,,23,,5.56,,148,,205
29041,A8,Aire at Beal Bridge,17/05/1994 08:10,,,,0.9,,75,,9.13,,2.852,,140,,18.8,,6.77419,,,,0.301,,,,1.131,,0.963,,19.6,,5.38,,144,,180
29041,A8,Aire at Beal Bridge,24/05/1994 08:00,,,,0.9,,70,,8.92,,2.221,,120,,15.6,,7.1129,,,,0.236,,,,1.156,,1.018,,15.6,,6.22,,118,,180
29041,A8,Aire at Beal Bridge,01/06/1994 07:35,,,,1.2,,70,,8.75,,2.517,,140,,17.4,,7.22581,,,,0.309,,,,1.235,,1.037,,16,,6.97,,124,,190
29041,A8,Aire at Beal Bridge,07/06/1994 07:30,,,,1.45,,75,,8.27,,1.463,,130,,18,,8.69355,,,,0.176,,,,1.369,,1.135,,17,,6.64,,120,,190
29041,A8,Aire at Beal Bridge,14/06/1994 08:20,,,,1.7,,80,,8.75,,1.874,,130,,17.8,,9.48387,,,,0.257,,,,1.457,,1.291,,17,,6.64,,124,,190
29041,A8,Aire at Beal Bridge,21/06/1994 08:55,,,,1.15,,80,,10.26,,1.785,,130,,17.2,,9.03226,,,,0.206,,,,1.71,,1.487,,20,,7.68,,138,,210
29041,A8,Aire at Beal Bridge,27/06/1994 07:39,,,,0.85,,60,,9.72,,2.801,,120,,15,,7.22581,,,,0.287,,1165,,1.382,,1.279,,18,,7.89,,116,,180
29041,A8,Aire at Beal Bridge,05/07/1994 13:00,,,,1.2,,70,,11.06,,1.684,,150,,16.6,,7.56452,,,,0.171,,1130,,1.642,,1.542,,19.4,,8.6,,142,,200
29041,A8,Aire at Beal Bridge,12/07/1994 08:10,,,,1.35,,75,,11.79,,2.011,,150,,17,,8.46774,,,,0.251,,1285,,1.732,,1.606,,20,,8.76,,146,,220
29041,A8,Aire at Beal Bridge,19/07/1994 07:20,,,,1.15,,75,,10.23,,1.561,,160,,17,,7.90323,,,,0.188,,1550,,1.869,,1.391,,22,,9.19,,154,,230
29041,A8,Aire at Beal Bridge,25/07/1994 07:30,,,,1.6,,70,,9.79,,3.733,,140,,16.4,,8.12903,,,,0.291,,2400,,2.014,,1.804,,20,,8.39,,148,,200
29041,A8,Aire at Beal Bridge,02/08/1994 08:20,,,,0.7,,55,,7.55,,2.193,,110,,12.6,,6.54839,,,,0.263,,1137,,1.522,,1.288,,17.4,,8.61,,98,,150
29041,A8,Aire at Beal Bridge,08/08/1994 07:33,,,,0.95,,60,,7.64,,1.936,,100,,13.8,,7.1129,,,,0.234,,982,,2.868,,2.724,,15.8,,8.44,,102,,140
29041,A8,Aire at Beal Bridge,17/08/1994 11:15,,,,1.7,,70,,5.49,,1.956,,120,,15.2,,8.58065,,,,0.234,,1479,,1.726,,1.537,,18.6,,9,,130,,170
29041,A8,Aire at Beal Bridge,23/08/1994 07:23,,,,1.9,,75,,10.46,,,,150,,15.2,,8.58065,,,,,,1652,,3.577,,3.372,,19.2,,8.83,,138,,220
29041,A8,Aire at Beal Bridge,30/08/1994 08:16,,,,1.5,,70,,10.2,,2.357,,120,,13.8,,7.45161,,,,0.251,,1229,,2.8,,2.761,,18,,8.23,,120,,190
29041,A8,Aire at Beal Bridge,01/09/1994 11:00,,,,1.5,,70,,9.95,,2.036,,140,,14.4,,7.45161,,,,0.204,,1078,,3.358,,3.103,,18.8,,8.29,,130,,200
29041,A8,Aire at Beal Bridge,06/09/1994 13:00,,,,1.65,,70,,8.99,,1.697,,120,,13.8,,6.66129,,,,0.137,,1301,,1.539,,1.43,,19.2,,5.08,,128,,190
29041,A8,Aire at Beal Bridge,12/09/1994 16:45,,,,0.9,,60,,,,2.54,,100,,12.6,,5.75806,,,,0.156,,1228,,,,,,16.6,,,,106,,150
29041,A8,Aire at Beal Bridge,13/09/1994 11:30,,,,0.65,,55,,7.03,,3.419,,97,,11,,4.85484,,,,0.267,,913,,1.227,,1.017,,13.6,,7.34,,90,,120
29041,A8,Aire at Beal Bridge,16/09/1994 06:50,,,,0.5,,45,,,,11.802,,74,,8.2,,3.16129,,,,0.907,,253,,,,,,10.4,,,,70,,95
29041,A8,Aire at Beal Bridge,20/09/1994 08:30,,,,0.7,,50,,6.81,,2.58,,87,,10.4,,3.83871,,,,0.234,,534,,0.743,,0.577,,10.8,,7.14,,70,,100
29041,A8,Aire at Beal Bridge,27/09/1994 08:15,,,,0.75,,60,,8.41,,1.571,,95,,11,,4.62903,,,,0.169,,589,,1.051,,0.885,,13,,7.38,,80,,120
29041,A8,Aire at Beal Bridge,04/10/1994 08:34,,,,0.7,,50,,7.47,,3.591,,82,,10.6,,4.29032,,,,0.377,,697,,2.931,,2.529,,11.4,,7.83,,74,,110
29041,A8,Aire at Beal Bridge,11/10/1994 08:35,,,,1,,55,,8.65,,2.219,,80,,12.8,,4.85484,,,,0.216,,1458,,1.031,,0.839,,15.6,,7.83,,84,,120
29041,A8,Aire at Beal Bridge,18/10/1994 08:40,,,,0.95,,65,,8.75,,1.59,,100,,12.4,,5.64516,,,,0.175,,1363,,1.186,,1.031,,14.8,,8.27,,98,,160
29041,A8,Aire at Beal Bridge,25/10/1994 09:21,,,,0.65,,55,,6.87,,3.103,,83,,11.4,,4.74194,,,,0.259,,581,,0.809,,0.689,,12,,7.85,,70,,100
29041,A8,Aire at Beal Bridge,01/11/1994 09:30,,,,0.6,,55,,6.4,,4.032,,67,,9.4,,4.06452,,,,0.355,,499,,0.73,,0.579,,9,,7.68,,54,,82
29041,A8,Aire at Beal Bridge,06/11/1994 17:00,,,,0.35,,50,,6.89,,4.26,,70,,8.4,,4.17742,,,,0.441,,293,,0.56,,0.315,,7.2,,6.99,,40,,78
29041,A8,Aire at Beal Bridge,08/11/1994 09:40,,,,0.5,,50,,6.92,,2.321,,73,,9.2,,4.51613,,,,0.239,,329,,0.554,,0.429,,7.4,,7.11,,42,,92
29041,A8,Aire at Beal Bridge,13/11/1994 11:40,,,,0.55,,45,,6.56,,5.946,,56,,90,,3.27419,,,,0.513,,274,,0.619,,0.257,,7.6,,8.01,,44,,78
29041,A8,Aire at Beal Bridge,14/11/1994 11:40,,,,0.4,,28,,5.78,,25.035,,49,,7.6,,3.5,,,,1.986,,163,,1.642,,0.26,,6.2,,7.43,,38,,66
29041,A8,Aire at Beal Bridge,14/11/1994 16:40,,,,0.15,,24,,5,,34.109,,39,,5.8,,2.82258,,,,2.691,,196,,2.423,,0.204,,5.4,,6.71,,28,,48
29041,A8,Aire at Beal Bridge,22/11/1994 09:30,,,,0.3,,40,,5.8,,2.845,,42,,7.4,,3.16129,,,,0.264,,228,,0.404,,0.292,,5.8,,13.49,,30,,55
29041,A8,Aire at Beal Bridge,29/11/1994 09:33,,,,0.8,,60,,6.79,,2.634,,74,,11.2,,3.83871,,,,0.277,,371,,0.607,,0.496,,9.2,,8.18,,58,,100
29041,A8,Aire at Beal Bridge,05/12/1994 11:20,,,,0.65,,60,,7.92,,5.71,,89,,10.8,,4.29032,,,,0.481,,480,,0.951,,0.597,,11.2,,8.32,,76,,110
29041,A8,Aire at Beal Bridge,06/12/1994 09:15,,,,0.45,,38,,6.31,,5.078,,65,,9,,3.95161,,,,0.477,,417,,0.734,,0.503,,7.6,,7.91,,44,,79
29041,A8,Aire at Beal Bridge,13/12/1994 15:07,,,,0.4,,27.5,,5.42,,2.28,,46,,8.8,,2.82258,,,,0.212,,312,,0.499,,0.414,,5.4,,7.29,,34,,70
29041,A8,Aire at Beal Bridge,20/12/1994 09:49,,,,0.3,,40,,6,,2.263,,50,,8.6,,3.83871,,,,0.208,,361,,0.494,,0.387,,6.4,,6.95,,40,,71
29041,A8,Aire at Beal Bridge,04/01/1995 10:15,,,,0.55,,45,,4.35,,1.763,,57,,9.8,,3.95161,,,,0.17,,239,,0.431,,0.325,,5.6,,7.51,,38,,75
29041,A8,Aire at Beal Bridge,10/01/1995 09:06,,,,0.8,,50,,4.45,,2.902,,80,,10,,4.29032,,,,0.289,,,,0.515,,0.347,,7.4,,7.54,,56,,97
29041,A8,Aire at Beal Bridge,17/01/1995 15:32,,,,0.8,,55,,5.08,,2.264,,87,,11,,4.29032,,,,0.242,,374,,0.617,,0.45,,7.8,,7.51,,62,,96
29041,A8,Aire at Beal Bridge,22/01/1995 11:45,,,,0.35,,50,,,,8.395,,87,,9.2,,3.95161,,,,0.721,,270,,,,,,6.8,,,,60,,80
29041,A8,Aire at Beal Bridge,24/01/1995 10:14,,,,0.4,,35,,4.24,,7.861,,100,,7.8,,3.72581,,,,0.618,,193,,0.633,,0.251,,5.8,,6.64,,64,,64
29041,A8,Aire at Beal Bridge,29/01/1995 12:30,,,,0.15,,31,,3.88,,11.54,,82,,6.6,,3.16129,,,,0.8,,72,,0.657,,0.094,,4.6,,5.33,,50,,46
29041,A8,Aire at Beal Bridge,01/02/1995 17:00,,,<,0.1,,26,,,,,,48,,5.4,,2.25806,,,,,,,,,,,,3.6,,,,30,,38
29041,A8,Aire at Beal Bridge,07/02/1995 12:55,,,,0.3,,45,,4.08,,2.035,,79,,11.8,,4.40323,,,,0.249,,177,,0.371,,0.246,,6.6,,9.25,,50,,90
29041,A8,Aire at Beal Bridge,12/02/1995 12:10,,,,0.15,,22,,4.49,,11.309,,56,,5.2,,2.37097,,,,0.884,,135,,0.634,,0.168,,4.8,,6.24,,36,,50
29041,A8,Aire at Beal Bridge,14/02/1995 09:40,,,,0.25,,37,,4.18,,3.531,,58,,8.2,,3.04839,,,,0.313,,172,,0.932,,0.708,,5.2,,6.71,,38,,60
29041,A8,Aire at Beal Bridge,21/02/1995 12:38,,,,0.5,,32,,4.18,,2.521,,47,,8,,3.27419,,,,0.232,,130,,0.387,,0.227,,4.6,,6.71,,36,,61
29041,A8,Aire at Beal Bridge,23/02/1995 10:50,,,,0.35,,39,,,,,,52,,6.6,,2.70968,,,,,,183,,,,,,10,,,,34,,54
29041,A8,Aire at Beal Bridge,23/02/1995 11:25,,,,,,,,,,11.16,,,,,,,,,,0.75,,,,,,,,,,,,,,
29041,A8,Aire at Beal Bridge,27/02/1995 09:30,,,,0.6,,45,,3.51,,2.195,,62,,10.8,,3.95161,,,,0.172,,204,,0.407,,0.327,,7,,6.51,,44,,93
29041,A8,Aire at Beal Bridge,07/03/1995 13:30,,,,0.3,,45,,5.01,,2.491,,88,,9.2,,3.3871,,,,0.228,,223,,2.069,,1.936,,6.2,,6.88,,58,,73
29041,A8,Aire at Beal Bridge,14/03/1995 08:58,,,,0.65,,43,,,,,,80,,9.8,,3.04839,,,,,,323,,,,,,6,,,,56,,87
29041,A8,Aire at Beal Bridge,14/03/1995 13:30,,,,,,,,4.66,,1.756,,,,,,,,,,0.198,,,,0.569,,0.438,,,,6.48,,,,
29041,A8,Aire at Beal Bridge,22/03/1995 09:35,,,,1,,55,,2.74,,1.543,,100,,12.4,,3.95161,,0.094,,0.192,,212,,0.542,,0.41,,8.6,,6.96,,77,,100
29041,A8,Aire at Beal Bridge,28/03/1995 09:10,,,,1.35,,58,,5.95,,3.459,,100,,12.2,,3.95161,,0.144,,0.381,,464,,0.787,,0.595,,11.4,,6.96,,87,,110
29041,A8,Aire at Beal Bridge,04/04/1995 09:35,,,,0.7,,55,,5.99,,2.375,,100,,12.6,,3.83871,,0.119,,0.275,,444,,0.77,,0.619,,10,,11.04,,84,,115
29041,A8,Aire at Beal Bridge,11/04/1995 09:23,,1.615,,1.6,,60,,9.27,,1.945,,105,,14.6,,4.85484,,0.193,,0.231,,783,,1.103,,0.937,,12.6,,7.04,,94,,150
29041,A8,Aire at Beal Bridge,19/04/1995 09:15,,1.681,,2.15,,65,,9.25,,2.135,,130,,16.6,,5.98387,,0.188,,0.285,,849,,1.259,,1.055,,15.8,,5.8,,118,,170
29041,A8,Aire at Beal Bridge,25/04/1995 09:42,,1.864,,2,,60,,8.79,,2.559,,120,,14,,4.96774,,0.157,,0.249,,651,,2.63,,2.418,,15,,4.92,,108,,140
29041,A8,Aire at Beal Bridge,02/05/1995 08:25,,2.1,,2,,75,,11.04,,2.347,,160,,18,,6.77419,,0.232,,0.267,,792,,1.163,,1.023,,16,,5.88,,132,,190
29041,A8,Aire at Beal Bridge,10/05/1995 08:40,,2.071,,2,,75,,11.09,,2.885,,150,,18,,6.09677,,0.43,,0.316,,1273,,1.7,,1.348,,19,,5.04,,148,,200
29041,A8,Aire at Beal Bridge,16/05/1995 09:55,,1.963,,3,,75,,11.75,,3.467,,150,,18,,7.67742,,0.29,,0.468,,1065,,1.584,,1.334,,16,,5.16,,144,,180
29041,A8,Aire at Beal Bridge,23/05/1995 08:10,,1.582,,1,,70,,10.36,,0.901,,120,,17,,5.64516,,0.261,,0.161,,855,,1.139,,1.006,,16,,5.92,,124,,170
29041,A8,Aire at Beal Bridge,31/05/1995 09:35,,1.855,,1,,60,,10.76,,0.774,,140,,16,,5.64516,,0.236,,0.11,,1157,,1.539,,1.344,,16,,6.12,,120,,170
29041,A8,Aire at Beal Bridge,06/06/1995 09:15,,1.594,,1,,65,,8.6,,0.763,,120,,16,,8.35484,,0.526,,0.098,,1229,,1.597,,1.409,,16,,6.6,,116,,160
29041,A8,Aire at Beal Bridge,13/06/1995 08:31,,1.673,,2,,75,,10.2,,1.622,,150,,15,,7.67742,,0.506,,0.207,,1017,,3.543,,3.232,,16,,7.48,,128,,190
29041,A8,Aire at Beal Bridge,20/06/1995 10:35,,2.131,,2,,80,,11.75,,1.632,,180,,18,,8.12903,,0.486,,0.202,,1263,,1.696,,1.546,,18,,7.08,,160,,230
29041,A8,Aire at Beal Bridge,27/06/1995 10:15,,2.145,,2,,70,,12.33,,2.342,,170,,17,,7.22581,,0.58,,0.262,,1490,,1.861,,1.724,,20,,7.8,,154,,200
29041,A8,Aire at Beal Bridge,04/07/1995 07:10,,2.332,,2,,85,,12.64,,1.384,,210,,20,,8.12903,,0.646,,0.189,,1642,,1.888,,1.737,,24,,7.64,,186,,230
29041,A8,Aire at Beal Bridge,11/07/1995 08:40,,1.177,,3,,80,,12.08,,1.85,,200,,22,,9.25806,,0.595,,0.269,,1750,,2.045,,1.847,,24,,6.36,,82,,240
29041,A8,Aire at Beal Bridge,18/07/1995 08:42,,2.081,,3,,65,,12.58,,1.169,,160,,18,,7.90323,,0.554,,0.166,,1942,,3.837,,3.666,,18,,6.68,,156,,220
29041,A8,Aire at Beal Bridge,25/07/1995 10:50,,1.254,,2,,70,,12.71,,1.589,,180,,17,,10.6129,,0.68,,0.31,,1867,,2.093,,2.038,,20,,9.2,,160,,200
29041,A8,Aire at Beal Bridge,01/08/1995 09:50,,1.254,,3,,70,,11.24,,1.738,,180,,17,,9.03226,,0.799,,0.307,,1703,,2.244,,2.059,,20,,7.92,,160,,200
29041,A8,Aire at Beal Bridge,08/08/1995 10:50,,0.801,,2,,75,,11.27,,1.5,,190,,19,,9.25806,,0.636,,0.226,,1649,,1.922,,1.806,,20,,8.88,,172,,220
29041,A8,Aire at Beal Bridge,15/08/1995 08:45,,0.793,,2,,65,,,,1.528,,170,,17,,10.1613,,0.54,,0.241,,1779,,2.059,,1.888,,18,,4.35,,154,,200
29041,A8,Aire at Beal Bridge,22/08/1995 08:43,,0.654,,2,,70,,12.9,,2.084,,160,,17,,10.8387,,0.453,,0.355,,1484,,2.435,,2.353,,20,,7.68,,160,,210
29041,A8,Aire at Beal Bridge,30/08/1995 10:15,,0.597,,3,,80,,12.28,,1.451,,190,,17,,11.2903,,0.417,,0.217,,1945,,2.374,,2.079,,20,,6.28,,182,,200
29041,A8,Aire at Beal Bridge,05/09/1995 08:30,,0.749,,3,,70,,12.6,,1.447,,200,,18,,10.6129,,0.463,,0.214,,1876,,2.168,,2.073,,20,,17.5,,188,,230
29041,A8,Aire at Beal Bridge,08/09/1995 08:44,,,,2,,65,,12.63,,2.23,,160,,16,,8.35484,,0.427,,0.428,,1620,,2.175,,1.888,,18,,24.5,,156,,200
29041,A8,Aire at Beal Bridge,11/09/1995 09:25,,1.112,,1,,60,,9.3,,2.405,,120,,14,,5.64516,,,,0.299,,1130,,1.607,,1.368,,17,,34.72,,120,,170
29041,A8,Aire at Beal Bridge,19/09/1995 09:03,,1.637,,2,,55,,9.88,,1.545,,120,,13,,7.67742,,0.277,,0.208,,1277,,1.676,,1.525,,15,,18.4,,112,,140
29041,A8,Aire at Beal Bridge,26/09/1995 08:35,,0.903,,2,,60,,11.27,,1.847,,160,,15,,9.25806,,0.425,,0.211,,1748,,2.237,,2.086,,19,,3,,152,,170
29041,A8,Aire at Beal Bridge,03/10/1995 08:57,,0.997,,3,,70,,11.65,,1.707,,190,,17,,9.25806,,0.379,,0.194,,1755,,2.237,,1.99,,14,,4.56,,170,,200
29041,A8,Aire at Beal Bridge,10/10/1995 09:00,,1.739,,3,,70,,11.32,,2.042,,190,,17,,9.70968,,0.341,,0.245,,1759,,2.128,,1.963,,19,,8.95,,168,,200
29041,A8,Aire at Beal Bridge,17/10/1995 09:20,,0.781,,3,,75,,11.74,,1.619,,170,,17,,9.93548,,0.429,,0.182,,1905,,2.237,,2.079,,20,,10.04,,156,,200
29041,A8,Aire at Beal Bridge,24/10/1995 09:36,,0.856,,4,,75,,13.32,,1.562,,200,,19,,10.8387,,0.392,,0.191,,2250,,2.332,,2.271,,18,,10.43,,184,,220
29041,A8,Aire at Beal Bridge,31/10/1995 10:02,,0.865,,1,,70,,,,1.871,,190,,18,,10.6129,,0.293,,0.235,,2008,,2.319,,0.041,,18,,0.13,,170,,210
29041,A8,Aire at Beal Bridge,07/11/1995 09:50,,1.327,,3,,80,,15.23,,1.722,,190,,18,,11.2903,,0.346,,0.201,,2059,,2.367,,2.175,,20,,8.42,,180,,240
29041,A8,Aire at Beal Bridge,10/11/1995 11:50,,,,,,,,,,,,,,,,,,,,,,2041,,,,,,,,,,,,
29041,A8,Aire at Beal Bridge,11/11/1995 12:10,,,,,,,,,,,,,,,,,,,,,,1915,,,,,,,,,,,,
29041,A8,Aire at Beal Bridge,12/11/1995 11:45,,,,2,,70,,15.44,,2.564,,160,,15,,9.03226,,,,0.233,,2268,,2.592,,2.223,,18,,10.47,,148,,210
29041,A8,Aire at Beal Bridge,13/11/1995 11:50,,,,,,,,,,,,,,,,,,,,,,1822,,,,,,,,,,,,
29041,A8,Aire at Beal Bridge,14/11/1995 12:10,,1.938,,2,,60,,14.39,,1.904,,160,,13,,5.87097,,0.327,,0.226,,1687,,2.456,,1.977,,16,,9.39,,148,,190
29041,A8,Aire at Beal Bridge,15/11/1995 12:25,,,,,,,,,,,,,,,,,,,,,,1631,,,,,,,,,,,,
29041,A8,Aire at Beal Bridge,16/11/1995 11:50,,,,,,,,,,,,,,,,,,,,,,1674,,,,,,,,,,,,
29041,A8,Aire at Beal Bridge,17/11/1995 12:00,,,,,,,,,,,,,,,,,,,,,,1501,,,,,,,,,,,,
29041,A8,Aire at Beal Bridge,21/11/1995 10:20,,1.263,,2,,70,,,,,,140,,14,,7.22581,,0.356,,,,1427,,,,,,16,,,,134,,190
29041,A8,Aire at Beal Bridge,28/11/1995 09:40,,2.502,,2,,85,,15.93,,1.517,,180,,17,,8.35484,,0.384,,0.166,,1534,,1.915,,1.744,,16,,9.65,,154,,230
29041,A8,Aire at Beal Bridge,04/12/1995 10:40,,,,2,,70,,15.83,,2.201,,160,,16,,8.80645,,,,0.223,,1335,,2.059,,1.819,,16,,10.27,,142,,190
29041,A8,Aire at Beal Bridge,12/12/1995 10:35,,1.687,,2,,75,,15.4,,1.992,,200,,16,,7.90323,,0.279,,0.193,,1372,,1.696,,1.594,,19,,10.01,,166,,210
29041,A8,Aire at Beal Bridge,18/12/1995 10:05,,1.568,,2,,75,,14.75,,1.543,,220,,16,,8.12903,,0.229,,0.143,,1727,,2.093,,1.936,,16,,10.3,,182,,200
29041,A8,Aire at Beal Bridge,03/01/1996 10:20,,2.603,,1.4,,75,,9.99,,2.151,,160,,15.6,,9.03226,,0.271,,0.225,,1275,,1.655,,1.423,,16.4,,9.68,,130,,150
29041,A8,Aire at Beal Bridge,09/01/1996 09:30,,1.649,,0.75,,58,,11.57,,3.38,,110,,11.2,,6.66129,,0.174,,0.362,,732,,1.156,,0.917,,11.6,,8.25,,86,,110
29041,A8,Aire at Beal Bridge,16/01/1996 09:47,,1.589,,1.2,,55,,9.92,,3.316,,110,,9.6,,6.77419,,0.153,,0.211,,963,,1.176,,1.088,,14,,8.81,,86,,130
29041,A8,Aire at Beal Bridge,23/01/1996 09:50,,1.923,,1.25,,70,,18.11,,1.838,,140,,12.8,,7.90323,,0.223,,0.188,,1289,,1.648,,1.532,,16.2,,9.68,,116,,180
29041,A8,Aire at Beal Bridge,30/01/1996 10:10,,2.713,,1.9,,70,,18.32,,2.183,,190,,15.2,,8.24194,,0.194,,0.222,,1486,,2.367,,2.175,,17.6,,10.01,,154,,180
29041,A8,Aire at Beal Bridge,06/02/1996 09:05,,3.68,,3.05,,70,,15.71,,1.899,,370,,18,,7.79032,,0.195,,0.141,,1670,,2.025,,1.895,,14,,10.27,,284,,200
29041,A8,Aire at Beal Bridge,11/02/1996 12:30,,,,2.6,,70,,15.64,,9.384,,400,,15.4,,6.54839,,,,0.852,,1240,,2.469,,1.471,,16,,9.25,,288,,160
29041,A8,Aire at Beal Bridge,12/02/1996 10:20,,1.878,,0.8,,55,,11.89,,19.215,,210,,9,,7.33871,,0.104,,1.977,,247,,1.792,,0.383,,8.8,,7.2,,142,,99
29041,A8,Aire at Beal Bridge,13/02/1996 10:20,,1.293,,0.55,,45,,11.64,,29.905,,100,,8,,7.45161,,0.072,,2.979,,161,,2.196,,0.308,,5.8,,5.11,,64,,74
29041,A8,Aire at Beal Bridge,20/02/1996 09:15,,0.926,,0.6,,50,,7.66,,4.409,,93,,7.6,,7.67742,,0.065,,0.426,,325,,1.43,,1.183,,5.4,,6.38,,56,,78
29041,A8,Aire at Beal Bridge,27/02/1996 10:40,,1.54,,0.95,,65,,8.84,,1.901,,150,,10.8,,6.66129,,0.094,,0.166,,578,,0.951,,0.8,,8.6,,7.63,,108,,110
29041,A8,Aire at Beal Bridge,05/03/1996 09:57,,2.499,,1.7,,65,,11.41,,1.827,,155,,13.8,,6.32258,,0.213,,0.198,,97,,1.436,,1.252,,13,,8.55,,116,,145
29041,A8,Aire at Beal Bridge,13/03/1996 10:30,,2.585,,1.75,,70,,14.25,,2.407,,180,,15.8,,7.22581,,0.206,,0.198,,1405,,1.908,,1.683,,17.2,,8.78,,134,,180
29041,A8,Aire at Beal Bridge,19/03/1996 10:20,,3.37,,1.8,,70,,13.58,,2.923,,250,,14.2,,6.54839,,0.151,,0.249,,893,,1.491,,1.19,,17.4,,7.97,,176,,160
29041,A8,Aire at Beal Bridge,26/03/1996 10:50,,2.338,,1.75,,70,,11.49,,3.23,,170,,14.4,,7.1129,,0.206,,0.194,,970,,1.382,,1.259,,14,,7.59,,126,,160
29041,A8,Aire at Beal Bridge,01/04/1996 10:45,,2.427,,1.8,,75,,12.21,,1.654,,170,,15.4,,7.67742,,0.185,,0.146,,1273,,1.537,,1.404,,17,,8.17,,128,,180
29041,A8,Aire at Beal Bridge,09/04/1996 09:15,,2.567,,2.45,,80,,15.09,,1.815,,180,,16.4,,7.22581,,0.217,,0.185,,1542,,1.703,,1.504,,20,,7.79,,142,,200
29041,A8,Aire at Beal Bridge,16/04/1996 11:10,,2.726,,1.8,,70,,12.89,,1.914,,180,,15.8,,7.90323,,0.323,,0.176,,1533,,1.83,,1.663,,18.2,,7.38,,138,,190
29041,A8,Aire at Beal Bridge,23/04/1996 10:00,,2.098,,1.35,,70,,13.56,,4.084,,170,,15.2,,7.1129,,0.336,,0.348,,1619,,2.009,,1.783,,19.4,,6.74,,140,,180
29041,A8,Aire at Beal Bridge,30/04/1996 10:00,,1.269,,1,,65,,12.37,,2.084,,120,,13.2,,6.32258,,0.214,,0.289,,1139,,1.47,,1.297,,14.6,,5.93,,106,,140
29041,A8,Aire at Beal Bridge,02/05/1996 11:05,,1.828,,0.85,,60,,10.38,,6.948,,100,,12.4,,5.53226,,0.277,,0.727,,1018,,1.504,,1.025,,14.8,,5.61,,94,,120
29041,A8,Aire at Beal Bridge,08/05/1996 09:45,,1.025,,0.9,,75,,12.21,,2.31,,120,,16.8,,6.8871,,0.182,,0.269,,869,,1.217,,1.044,,15.2,,5.97,,110,,140
29041,A8,Aire at Beal Bridge,14/05/1996 09:40,,1.997,,1.35,,70,,14.05,,2.243,,140,,15.6,,7.33871,,0.26,,0.246,,1224,,1.723,,1.517,,17,,5.25,,122,,160
29041,A8,Aire at Beal Bridge,17/05/1996 07:45,,,,,,,,,,,,,,,,,,,,,,1397,,,,,,,,,,,,
29041,A8,Aire at Beal Bridge,18/05/1996 07:55,,,,,,,,,,,,,,,,,,,,,,1411,,,,,,,,,,,,
29041,A8,Aire at Beal Bridge,19/05/1996 07:50,,,,,,,,,,,,,,,,,,,,,,1377,,,,,,,,,,,,
29041,A8,Aire at Beal Bridge,20/05/1996 07:55,,,,,,,,,,,,,,,,,,,,,,1559,,,,,,,,,,,,
29041,A8,Aire at Beal Bridge,21/05/1996 08:10,,2.278,,1.9,,85,,17.46,,2.046,,180,,17.2,,8.35484,,0.406,,0.21,,1585,,2.169,,1.916,,20,,5.73,,156,,200
29041,A8,Aire at Beal Bridge,22/05/1996 07:20,,,,,,,,,,,,,,,,,,,,,,1621,,,,,,,,,,,,
29041,A8,Aire at Beal Bridge,23/05/1996 07:50,,,,,,,,,,,,,,,,,,,,,,1560,,,,,,,,,,,,
29041,A8,Aire at Beal Bridge,24/05/1996 07:40,,,,,,,,,,,,,,,,,,,,,,1575,,,,,,,,,,,,
29041,A8,Aire at Beal Bridge,29/05/1996 08:10,,1.622,,1.4,,80,,13.7,,2.387,,160,,16.8,,7.22581,,0.363,,0.223,,1597,,1.883,,1.71,,18,,5.82,,154,,180
29041,A8,Aire at Beal Bridge,04/06/1996 08:44,,1.588,,1.4,,75,,11.98,,1.985,,140,,14.8,,7.79032,,0.478,,0.204,,1633,,1.976,,1.83,,17,,7.13,,128,,160
29041,A8,Aire at Beal Bridge,11/06/1996 09:45,,1.334,,1.25,,65,,14.25,,2.602,,150,,13.6,,5.87097,,0.368,,0.334,,1500,,1.963,,1.73,,18,,6.14,,136,,180
29041,A8,Aire at Beal Bridge,18/06/1996 08:30,,1.259,,2.25,,80,,12.922,,1.943,,190,,14.4,,7.22581,,0.247,,0.226,,1783,,2.2,,1.89,,18,,7.26,,164,,200
29041,A8,Aire at Beal Bridge,25/06/1996 08:15,,2.219,,1.6,,80,,14.706,,1.616,,200,,17,,8.46774,,0.439,,0.161,,2093,,2.5,,2.3,,20,,7.88,,182,,220
29041,A8,Aire at Beal Bridge,02/07/1996 08:10,,,,1.4,,75,,17.353,,4.13,,190,,16.2,,4.51613,,0.46205,,0.378,,1943,,2.49,,2.2,,22,,7.85,,182,,210
29041,A8,Aire at Beal Bridge,09/07/1996 08:29,,1.127,,1.05,,60,,12.638,,2.266,,140,,13.6,,5.87097,,0.357,,0.241,,1560,,2.02,,1.88,,17.4,,7.66,,128,,160
29041,A8,Aire at Beal Bridge,16/07/1996 07:46,,1.935,,1.5,,75,,13.792,,2.022,,200,,16.2,,7.56452,,0.43679,,0.234,,2045,,2.5,,2.27,,18,,8.52,,170,,210
29041,A8,Aire at Beal Bridge,23/07/1996 09:40,,2.294,,1.65,,70,,15.273,,2.395,,190,,16.8,,0.451613,,0.39797,,0.32,,2378,,2.82,,2.67,,20,,9.07,,178,,230
29041,A8,Aire at Beal Bridge,30/07/1996 09:25,,2.104,,1.5,,70,,15.463,,2.136,,220,,17.6,,8.91935,,0.36171,,0.202,,2579,,2.97,,2.77,,22,,8.69,,192,,240
29041,A8,Aire at Beal Bridge,06/08/1996 08:15,,1.339,,2.25,,75,,14.958,,1.758,,200,,15.8,,10.3871,,0.44742,,0.186,,2316,,2.67,,2.53,,18,,7.91,,176,,220
29041,A8,Aire at Beal Bridge,13/08/1996 09:11,,0.775,,1.2,,60,,13.233,,2.071,,110,,12,,8.35484,,0.34661,,0.197,,1836,,2.24,,2.02,,15.8,,8.11,,104,,140
29041,A8,Aire at Beal Bridge,20/08/1996 09:30,,0.689,,1.65,,75,,11.183,,1.446,,150,,13,,9.03226,,0.502,,0.248,,1845,,2.1,,2.02,,17.2,,8.03,,130,,200
29041,A8,Aire at Beal Bridge,27/08/1996 08:30,,2.098,,0.75,,38.5,,9.242,,3.143,,66,,7,,3.72581,,0.184,,0.329,,640,,0.97,,0.73,,11.2,,7.1,,60,,82
29041,A8,Aire at Beal Bridge,03/09/1996 09:40,,0.635,,1.4,,70,,11.453,,1.533,,130,,10.8,,5.30645,,0.276,,0.143,,1059,,1.26,,1.13,,13.8,,8.47,,108,,140
29041,A8,Aire at Beal Bridge,11/09/1996 08:30,,1.051,,1.85,,85,,13.26,,1.685,,160,,14.8,,7.90323,,0.392,,0.176,,1607,,1.889,,1.75,,19.6,,10.01,,152,,210
29041,A8,Aire at Beal Bridge,17/09/1996 08:34,,1.006,,1.7,,80,,13.33,,1.65,,210,,15.4,,9.70968,,0.348,,0.202,,2069,,2.781,,2.415,,20,,10.01,,182,,220
29041,A8,Aire at Beal Bridge,24/09/1996 10:00,,1.201,,2.5,,80,,15.59,,1.806,,230,,17.6,,10.8387,,0.378,,0.258,,2173,,2.754,,2.648,,24,,9.89,,196,,240
29041,A8,Aire at Beal Bridge,01/10/1996 08:30,,1.622,,3.2,,65,,16.12,,2.401,,180,,13,,7.56452,,0.475,,0.264,,1836,,2.202,,2.076,,24,,8.11,,166,,200
29041,A8,Aire at Beal Bridge,08/10/1996 08:45,,0.845,,2.3,,60,,14.95,,1.6,,120,,10.2,,5.75806,,0.337,,0.141,,1436,,1.683,,1.557,,18.8,,7.91,,120,,160
29041,A8,Aire at Beal Bridge,15/10/1996 08:47,,0.758,,1.45,,70,,13.76,,1.928,,140,,13.2,,7.22581,,,,0.209,,1736,,2.082,,1.989,,18.2,,8.73,,128,,160
29041,A8,Aire at Beal Bridge,20/10/1996 07:44,,0.984,,2.3,,70,,14.65,,1.961,,150,,12.8,,8.24194,,,,0.25,,2184,,2.521,,2.362,,20,,8.48,,140,,190
29041,A8,Aire at Beal Bridge,28/10/1996 11:27,,,,1.7,,70,,15.451,,1.848,,130,,11.8,,8.46774,,0.304,,0.136,,1987,,1.69,,1.497,,15.6,,7.87,,118,,140
29041,A8,Aire at Beal Bridge,29/10/1996 11:00,,0.931,,1.75,,70,,13.472,,1.279,,100,,9.6,,6.54839,,0.224,,0.133,,1233,,1.524,,1.351,,15.2,,7.91,,94,,120
29041,A8,Aire at Beal Bridge,05/11/1996 10:05,,0.816,,0.85,,51,,11.186,,4.637,,87,,8.8,,5.64516,,0.219,,0.336,,993,,1.424,,1.124,,12.4,,8.2,,79,,108
29041,A8,Aire at Beal Bridge,05/11/1996 18:25,<,0.00004,,0.7,,47,,8.612,,9.275,,76,,7.9,,4.74194,,0.199,,0.754,,880,,1.843,,0.938,,9.9,,7.34,,63,,86
29041,A8,Aire at Beal Bridge,06/11/1996 10:45,<,0.00004,,0.4,,38,,10.069,,36.945,,50,,5.6,,4.96774,,0.138,,2.678,,278,,3.067,,0.379,,7,,6.81,,39,,58
29041,A8,Aire at Beal Bridge,07/11/1996 10:50,<,0.00004,,0.3,,34,,11.03,,7.66,,44,,5,,4.38065,,0.016,,0.567,,163,,1.098,,0.246,,5.9,,11.65,,32,,49
29041,A8,Aire at Beal Bridge,12/11/1996 11:20,,0.534,,0.75,,51,,8.212,,2.742,,78,,8.1,,5.87097,,0.097,,0.113,,459,,0.725,,0.566,,7.7,,6.94,,58,,80
29041,A8,Aire at Beal Bridge,19/11/1996 09:25,,1.295,,1.05,,52,,8.865,,1.471,,111,,9.3,,3.65806,,0.197,,0.12,,703,,0.958,,0.818,,12,,8.48,,85,,105
29041,A8,Aire at Beal Bridge,26/11/1996 10:50,,0.713,,0.3,,40.5,,7.635,,8.919,,129,,6.9,,3.47742,,0.07,,0.766,,249,,0.805,,0.333,,6,,6.2,,88,,50
29041,A8,Aire at Beal Bridge,03/12/1996 11:00,,1.193,,0.35,,43,,7.524,,1.726,,92,,7.9,,4.74194,,0.098,,0.133,,382,,0.719,,0.539,,6.5,,7.7,,64,,72
29041,A8,Aire at Beal Bridge,10/12/1996 09:55,,1.29,,0.65,,54,,8.141,,0.957,,99,,10.6,,5.41935,,0.139,,0.091,,494,,0.712,,0.605,,8.9,,8.85,,71,,102
29041,A8,Aire at Beal Bridge,16/12/1996 11:00,,1.907,,0.95,,61,,10.756,,0.791,,117,,12.6,,6.32258,,0.172,,0.075,,727,,1.018,,0.865,,13.4,,9.17,,92,,132
29041,A8,Aire at Beal Bridge,19/12/1996 08:15,,0.00076,,0.7,,56,,,,,,126,,11.3,,5.19355,,,,,,,,,,,,10.3,,,,93,,111
29041,A8,Aire at Beal Bridge,19/12/1996 20:45,,0.00074,,0.6,,46,,,,,,99,,9.4,,1.9871,,,,,,,,,,,,10.6,,,,74,,96
29041,A8,Aire at Beal Bridge,20/12/1996 10:45,,0.00018,,0.15,,35.5,,,,,,54,,6.7,,4.2,,,,,,,,,,,,5.7,,,,35,,54
29041,A8,Aire at Beal Bridge,20/12/1996 14:00,,0.00006,,0.15,,37,,,,,,62,,7.3,,4.74194,,,,,,,,,,,,5.8,,,,39,,56
29041,A8,Aire at Beal Bridge,21/12/1996 00:45,,0.00028,,0.15,,38,,,,,,64,,7.4,,5.41935,,,,,,,,,,,,5.5,,,,39,,56
29041,A8,Aire at Beal Bridge,07/01/1997 10:25,,0.00166,,1,,70,,8.94,,1.384,,400,,15.5,,8.35484,,0.16,,0.125,,627,,1.357,,1.151,,12.3,,9.47,,223,,155
29041,A8,Aire at Beal Bridge,14/01/1997 08:48,,0.00168,,2,,64,,13.444,,0.794,,215,,14.5,,6.32258,,0.192,,0.067,,643,,1.058,,0.133,,16.1,,10.63,,155,,170
29041,A8,Aire at Beal Bridge,21/01/1997 10:20,,0.00086,,1.55,,65,,13.935,,1.205,,180,,14.9,,6.32258,,0.212,,0.131,,818,,1.484,,1.344,,15,,10.16,,134,,170
29041,A8,Aire at Beal Bridge,28/01/1997 09:10,,0.0022,,1.35,,66,,14.656,,1.606,,235,,15.3,,6.77419,,0.207,,0.154,,873,,1.557,,1.39,,16.5,,9.46,,169,,180
29041,A8,Aire at Beal Bridge,04/02/1997 10:25,,0.00288,,1.35,,69,,13.922,,2.078,,180,,16.1,,6.77419,,0.208,,0.204,,902,,1.756,,1.557,,18.6,,9.59,,154,,200
29041,A8,Aire at Beal Bridge,11/02/1997 09:28,<,0.00004,,1.35,,52,,10.933,,3.539,,120,,10,,4.51613,,0.167,,0.289,,493,,1.164,,0.905,,12.3,,7.82,,92,,108
29042,D10,Don at Sprotborough Bridge,07/09/1993 10:05,,,,1.65,,70.6,,5.66,,2.139,,240,,25.8,,9.48387,,,,0.195,,,,2.174,,1.93,,12.6,,8.17,,171.6,,170
29042,D10,Don at Sprotborough Bridge,14/09/1993 11:15,,,,0.2,,48.8,,6.79,,9.859,,56,,15.4,,5.87097,,,,1.019,,,,0.819,,0.231,,7.8,,7.87,,42.3,,96
29042,D10,Don at Sprotborough Bridge,21/09/1993 11:05,,,,0.7,,62.6,,5.28,,1.463,,128,,23.4,,4.74194,,,,0.141,,,,0.866,,0.677,,9.1,,9.23,,90.7,,148
29042,D10,Don at Sprotborough Bridge,28/09/1993 10:30,,,,1,,66.6,,5.39,,2.418,,156,,24.9,,7.45161,,,,0.122,,,,1.257,,1.018,,10.4,,9.97,,117.4,,160
29042,D10,Don at Sprotborough Bridge,05/10/1993 10:05,,,,0.4,,56.8,,5.35,,1.608,,84,,20.4,,1.08387,,,,0.104,,,,0.845,,0.634,,8.4,,8.88,,66.8,,128
29042,D10,Don at Sprotborough Bridge,11/10/1993 10:08,,,,0.5,,63.5,,4.54,,1.453,,100,,24,,7.22581,,,,0.092,,,,0.735,,0.571,,8.8,,9.5,,74.9,,140
29042,D10,Don at Sprotborough Bridge,18/10/1993 10:08,,,,0.65,,65.8,,5.07,,1.483,,120,,24.8,,7.67742,,,,0.075,,,,0.788,,0.559,,8.9,,10,,85,,168
29042,D10,Don at Sprotborough Bridge,25/10/1993 11:15,,,,0.9,,71.5,,6.76,,1.53,,165,,28,,8.58065,,,,0.063,,,,1.286,,1.001,,11,,10.41,,118.5,,185
29042,D10,Don at Sprotborough Bridge,01/11/1993 13:50,,,,1,,75.1,,4.95,,1.089,,175,,28.9,,7.67742,,,,0.099,,,,1.361,,1.038,,11.7,,10.42,,127,,190
29042,D10,Don at Sprotborough Bridge,08/11/1993 11:30,,,,1,,75.6,,5.24,,1.997,,190,,29.3,,8.58065,,,,0.194,,,,1.595,,1.23,,13,,11.11,,138.9,,195
29042,D10,Don at Sprotborough Bridge,15/11/1993 10:30,,,,0.25,,50.7,,6.76,,7.57,,63,,16.1,,5.87097,,,,0.505,,,,0.932,,0.407,,8,,8.37,,45.1,,108
29042,D10,Don at Sprotborough Bridge,22/11/1993 10:55,,,,0.85,,68.3,,6.6,,2.219,,175,,25.6,,8.58065,,,,0.219,,,,1.322,,1.04,,11.3,,9.6,,125.5,,170
29042,D10,Don at Sprotborough Bridge,29/11/1993 10:05,,,,0.8,,72,,6.51,,1.341,,185,,26.8,,9.25806,,,,0.135,,,,1.277,,1.036,,11.8,,9.75,,134.2,,165
29042,D10,Don at Sprotborough Bridge,06/12/1993 10:30,,,,0.9,,69.3,,5.5,,2.223,,160,,26.6,,5.87097,,,,0.264,,,,1.219,,1.018,,10.2,,9.65,,126.8,,152
29042,D10,Don at Sprotborough Bridge,13/12/1993 10:07,,,,0.25,,49.2,,4.48,,8.087,,132,,16.6,,6.32258,,,,0.715,,,,0.751,,0.33,,6.4,,9.29,,85.1,,102
29042,D10,Don at Sprotborough Bridge,20/12/1993 10:19,,,,0.25,,44.4,,4.44,,6.731,,63,,15.5,,4.74194,,,,0.521,,,,0.64,,0.279,,6.1,,7.01,,45,,90
29042,D10,Don at Sprotborough Bridge,04/01/1994 11:10,,,,0.2,,41.6,,3.4,,10.384,,69,,14.3,,4.74194,,,,0.851,,,,0.793,,0.251,,5.7,,6.66,,49.1,,81
29042,D10,Don at Sprotborough Bridge,10/01/1994 10:55,,,,0.5,,68.6,,3.64,,2.526,,128,,27.1,,6.77419,,,,0.18,,,,0.571,,0.345,,8.4,,9.09,,88.8,,156
29042,D10,Don at Sprotborough Bridge,17/01/1994 14:40,,,,0.55,,67.3,,4.65,,1.99,,108,,26.2,,7.67742,,,,0.148,,,,0.701,,0.463,,11.5,,8.9,,76.1,,152
29042,D10,Don at Sprotborough Bridge,24/01/1994 10:50,,,,0.3,,39.5,,4.24,,6.591,,74,,14.5,,4.74194,,,,0.518,,,,0.737,,0.289,,5.7,,6.57,,52.5,,86
29042,D10,Don at Sprotborough Bridge,31/01/1994 10:10,,,,0.45,,55.9,,3.65,,2.444,,102,,21.2,,6.09677,,,,0.154,,,,0.578,,0.395,,6.9,,8.11,,70.9,,123
29042,D10,Don at Sprotborough Bridge,07/02/1994 12:34,,,,0.4,,57.3,,4.17,,4.891,,105,,21.9,,4.74194,,,,0.399,,,,0.826,,0.046,,7.6,,9.14,,75.8,,126
29042,D10,Don at Sprotborough Bridge,14/02/1994 10:53,,,,0.8,,68.6,,4.07,,2.051,,144,,28.4,,5.19355,,,,0.181,,,,0.756,,0.544,,9.6,,9.49,,103.7,,168
29042,D10,Don at Sprotborough Bridge,21/02/1994 11:15,,,,0.95,,75,,4.72,,1.291,,215,,32,,7,,,,0.127,,,,0.947,,0.645,,12.8,,6.37,,138,,245
29042,D10,Don at Sprotborough Bridge,28/02/1994 11:35,,,,0.15,,45,,5.06,,9.786,,90,,15,,6.32258,,,,0.707,,,,0.92,,0.195,,6.2,,6.46,,50,,105
29042,D10,Don at Sprotborough Bridge,08/03/1994 11:15,,,,0.55,,68,,4.07,,2.345,,110,,28,,6.43548,,,,0.261,,,,0.754,,0.499,,8.8,,8.39,,89,,155
29042,D10,Don at Sprotborough Bridge,14/03/1994 10:55,,,,0.45,,68,,3.72,,1.587,,125,,28,,6.43548,,,,0.1,,,,0.734,,0.462,,9.4,,7.98,,100,,150
29042,D10,Don at Sprotborough Bridge,22/03/1994 11:40,,,,0.55,,63,,5.25,,1.775,,125,,26,,6.32258,,,,0.116,,,,0.793,,0.628,,8.6,,6.72,,90,,155
29042,D10,Don at Sprotborough Bridge,29/03/1994 09:45,,,,0.4,,55,,4.72,,1.918,,105,,21,,5.98387,,,,0.16,,,,0.925,,0.715,,7.4,,7.27,,77,,135
29042,D10,Don at Sprotborough Bridge,05/04/1994 12:05,,,,0.25,,53,,3.75,,2.292,,89,,19.2,,5.41935,,,,0.239,,,,0.65,,0.462,,6.8,,6.49,,69,,110
29042,D10,Don at Sprotborough Bridge,12/04/1994 12:20,,,,0.3,,55,,3.75,,1.86,,95,,20.4,,6.32258,,,,0.235,,,,0.774,,0.641,,7.8,,6.3,,67,,120
29042,D10,Don at Sprotborough Bridge,19/04/1994 07:55,,,,0.7,,80,,4.34,,1.613,,115,,33,,8.24194,,,,0.189,,,,1.32,,1.047,,12.8,,7.22,,98,,150
29042,D10,Don at Sprotborough Bridge,26/04/1994 09:05,,,,0.6,,68,,4.59,,,,140,,28,,7.33871,,,,,,,,1.243,,1,,10.4,,6.41,,112,,155
29042,D10,Don at Sprotborough Bridge,03/05/1994 09:30,,,,1.15,,90,,5.01,,2.435,,170,,36,,7.56452,,,,0.387,,,,1.565,,1.315,,14.6,,4.34,,142,,190
29042,D10,Don at Sprotborough Bridge,10/05/1994 08:48,,,,0.85,,80,,5.35,,2.091,,150,,34,,7,,,,0.296,,,,1.599,,1.289,,14.4,,5.11,,142,,190
29042,D10,Don at Sprotborough Bridge,17/05/1994 10:20,,,,1,,70,,5.26,,2.483,,110,,28,,6.43548,,,,0.329,,,,1.154,,0.923,,11.8,,6.28,,108,,160
29042,D10,Don at Sprotborough Bridge,24/05/1994 08:45,,,,0.45,,56,,5.09,,2.292,,81,,19.2,,7.1129,,,,0.206,,,,0.622,,0.501,,7.6,,7.43,,58,,120
29042,D10,Don at Sprotborough Bridge,01/06/1994 08:28,,,,1.2,,65,,4.75,,2.077,,110,,26,,8.01613,,,,0.259,,,,1.262,,1.036,,9.8,,7.58,,88,,160
29042,D10,Don at Sprotborough Bridge,07/06/1994 09:55,,,,2.25,,66,,5.34,,3.843,,130,,28,,7.45161,,,,0.598,,,,1.409,,1.112,,10.6,,5.87,,106,,160
29042,D10,Don at Sprotborough Bridge,14/06/1994 10:40,,,,1.95,,75,,5.21,,3.213,,160,,30,,9.14516,,,,0.569,,,,1.888,,1.479,,14,,5.56,,132,,190
29042,D10,Don at Sprotborough Bridge,21/06/1994 10:05,,,,1.35,,80,,5.24,,2.198,,170,,32,,8.35484,,,,0.31,,,,2.114,,1.852,,16,,6.99,,136,,190
29042,D10,Don at Sprotborough Bridge,27/06/1994 08:33,,,,0.8,,60,,6.22,,2.588,,140,,24,,6.20968,,,,0.283,,1780,,1.985,,1.869,,12.4,,7.17,,104,,150
29042,D10,Don at Sprotborough Bridge,05/07/1994 10:45,,,,2,,70,,6.18,,3.218,,180,,26,,7.33871,,,,0.485,,1466,,2.069,,1.819,,14.8,,4.92,,136,,180
29042,D10,Don at Sprotborough Bridge,12/07/1994 11:15,,,,2.45,,70,,6.29,,3.1,,180,,26,,6.8871,,,,0.441,,1670,,2.074,,1.843,,15.4,,6.07,,134,,180
29042,D10,Don at Sprotborough Bridge,19/07/1994 08:05,,,,2,,70,,5.51,,2.533,,170,,26,,7.33871,,,,0.273,,1770,,2.291,,2.061,,14.8,,6.57,,134,,170
29042,D10,Don at Sprotborough Bridge,25/07/1994 08:44,,,,1,,65,,5.57,,3.87,,150,,24,,7.1129,,,,0.347,,2000,,2.663,,2.244,,14.6,,6.62,,126,,170
29042,D10,Don at Sprotborough Bridge,02/08/1994 11:00,,,,0.45,,55,,4.68,,2.804,,100,,22,,5.53226,,,,0.339,,1324,,1.71,,1.336,,9.8,,6.64,,84,,150
29042,D10,Don at Sprotborough Bridge,08/08/1994 08:51,,,,1.25,,65,,5.11,,2.844,,140,,26,,5.75806,,,,0.256,,1326,,1.582,,1.3,,12.6,,9.41,,126,,140
29042,D10,Don at Sprotborough Bridge,17/08/1994 09:25,,,,1.25,,65,,5.11,,2.697,,160,,26,,7.56452,,,,0.27,,2164,,2.291,,1.965,,14.4,,8.8,,144,,160
29042,D10,Don at Sprotborough Bridge,23/08/1994 09:39,,,,1.3,,75,,7.11,,,,210,,28,,7.33871,,,,,,1723,,2.038,,1.809,,15,,7.75,,166,,190
29042,D10,Don at Sprotborough Bridge,30/08/1994 09:17,,,,1.3,,75,,7.31,,2.411,,210,,2.6,,8.12903,,,,0.26,,1814,,2.247,,2.002,,15,,7.37,,158,,190
29042,D10,Don at Sprotborough Bridge,01/09/1994 10:21,,,,1.15,,65,,5.01,,3.227,,190,,24,,9.59677,,,,0.265,,892,,2.792,,2.22,,12.4,,7.55,,144,,170
29042,D10,Don at Sprotborough Bridge,06/09/1994 10:45,,,,0.85,,65,,4.62,,1.504,,160,,22,,7.45161,,,,0.106,,1511,,1.837,,1.647,,12.4,,8.41,,126,,150
29042,D10,Don at Sprotborough Bridge,13/09/1994 09:00,,,,0.7,,50,,4.01,,3.63,,100,,17,,5.53226,,,,0.358,,777,,1.353,,1.002,,8.4,,7.15,,90,,110
29042,D10,Don at Sprotborough Bridge,20/09/1994 09:32,,,,0.7,,70,,4.65,,2.057,,140,,25,,7.79032,,,,0.202,,977,,1.419,,1.105,,12,,9.93,,112,,180
29042,D10,Don at Sprotborough Bridge,27/09/1994 11:05,,,,0.4,,55,,4.99,,0.907,,93,,17.8,,6.20968,,,,0.1,,535,,0.99,,0.754,,8,,8.42,,64,,110
29042,D10,Don at Sprotborough Bridge,04/10/1994 09:25,,,,0.4,,50,,5.38,,4.47,,93,,17.4,,4.74194,,,,0.425,,762,,0.934,,0.824,,7.6,,8.3,,74,,120
29042,D10,Don at Sprotborough Bridge,11/10/1994 11:20,,,,0.8,,70,,5.22,,1.885,,130,,24,,7,,,,0.169,,2034,,1.397,,1.122,,12,,9.66,,110,,150
29042,D10,Don at Sprotborough Bridge,18/10/1994 09:25,,,,1.35,,75,,6.2,,1.18,,190,,30,,8.46774,,,,0.11,,1810,,1.664,,1.443,,14.8,,9.56,,152,,200
29042,D10,Don at Sprotborough Bridge,25/10/1994 10:26,,,,1.05,,60,,4.76,,1.745,,110,,22,,6.32258,,,,0.17,,964,,1.298,,1.065,,10.2,,9.6,,94,,130
29042,D10,Don at Sprotborough Bridge,01/11/1994 11:40,,,,0.8,,60,,5.43,,2.639,,100,,20,,5.41935,,,,0.311,,1469,,1.395,,1.271,,10.2,,9.01,,86,,130
29042,D10,Don at Sprotborough Bridge,08/11/1994 10:20,,,,0.75,,65,,4.69,,2.212,,100,,20,,8.24194,,,,0.236,,663,,0.793,,0.628,,8.2,,9.51,,68,,140
29042,D10,Don at Sprotborough Bridge,13/11/1994 14:45,,,,0.2,,85,,5.46,,,,48,,14.2,,6.54839,,,,,,245,,0.571,,0.262,,6.8,,8.75,,30,,100
29042,D10,Don at Sprotborough Bridge,14/11/1994 14:49,,,,0.3,,45,,4.76,,12.028,,59,,13.6,,5.98387,,,,0.856,,301,,0.812,,0.398,,6.2,,8.74,,42,,97
29042,D10,Don at Sprotborough Bridge,22/11/1994 12:10,,,,0.5,,55,,4.87,,2.734,,78,,19.8,,5.87097,,,,0.234,,585,,0.782,,0.638,,7.8,,9.59,,58,,110
29042,D10,Don at Sprotborough Bridge,29/11/1994 10:47,,,,1.55,,75,,4.98,,2.341,,130,,26,,8.24194,,,,0.286,,919,,3.011,,2.606,,9.8,,10.81,,104,,160
29042,D10,Don at Sprotborough Bridge,06/12/1994 11:40,,,,0.35,,60,,5.41,,6.669,,75,,17.8,,5.64516,,,,0.644,,648,,1.139,,0.65,,7.4,,9.16,,52,,110
29042,D10,Don at Sprotborough Bridge,13/12/1994 11:30,,,,0.85,,60,,4.11,,2.401,,100,,22,,7,,,,0.198,,684,,0.925,,0.749,,8.4,,9.62,,72,,140
29042,D10,Don at Sprotborough Bridge,20/12/1994 11:29,,,,0.7,,55,,4.94,,3.829,,97,,20,,6.77419,,,,0.328,,639,,0.898,,0.674,,7.5,,8.93,,66,,120
29042,D10,Don at Sprotborough Bridge,04/01/1995 13:30,,,,0.35,,55,,3.92,,1.947,,81,,20,,7.56452,,,,0.14,,582,,0.922,,0.71,,7.8,,8.4,,60,,140
29042,D10,Don at Sprotborough Bridge,10/01/1995 11:53,,,,0.8,,55,,4.59,,1.266,,95,,20,,7.1129,,,,0.134,,583,,0.954,,0.771,,8.2,,9.45,,68,,150
29042,D10,Don at Sprotborough Bridge,17/01/1995 12:45,,,,0.85,,58,,4.15,,2.575,,110,,22,,6.77419,,,,0.226,,785,,1.293,,1.012,,8,,9.24,,82,,140
29042,D10,Don at Sprotborough Bridge,24/01/1995 12:10,,,,0.2,,36,,3.78,,11.164,,61,,13.2,,4.29032,,,,0.832,,195,,0.814,,0.216,,5,,6.95,,40,,74
29042,D10,Don at Sprotborough Bridge,29/01/1995 12:45,,,,0.15,,36,,3.56,,17.582,,58,,11.8,,4.62903,,,,0.969,,38,,1.012,,0.062,,5,,6.25,,34,,69
29042,D10,Don at Sprotborough Bridge,01/02/1995 16:05,,,,0.2,,40,,,,,,63,,16,,5.64516,,,,,,,,,,,,5.4,,,,38,,100
29042,D10,Don at Sprotborough Bridge,07/02/1995 12:08,,,,0.35,,60,,3.17,,1.513,,99,,24,,7.33871,,,,0.174,,361,,2.531,,2.312,,8.2,,9.97,,66,,160
29042,D10,Don at Sprotborough Bridge,12/02/1995 13:00,,,,0.2,,26,,4.05,,10.749,,54,,11.4,,3.6129,,,,0.809,,137,,0.694,,0.18,,5.6,,7.76,,36,,85
29042,D10,Don at Sprotborough Bridge,14/02/1995 10:30,,,,0.25,,45,,3.74,,3.339,,75,,19.2,,5.75806,,,,0.295,,271,,0.575,,0.345,,6.4,,8.75,,46,,110
29042,D10,Don at Sprotborough Bridge,21/02/1995 11:48,,,,0.5,,45,,3.82,,4.134,,69,,13.4,,5.08065,,,,0.328,,202,,2.081,,1.732,,7.8,,8.48,,48,,110
29042,D10,Don at Sprotborough Bridge,23/02/1995 10:35,,,,0.55,,40,,,,,,70,,16.6,,4.51613,,,,,,198,,,,,,5.8,,,,46,,100
29042,D10,Don at Sprotborough Bridge,23/02/1995 17:23,,,,,,,,,,12.032,,,,,,,,,,0.68,,,,,,,,,,,,,,
29042,D10,Don at Sprotborough Bridge,27/02/1995 12:10,,,,0.8,,65,,3.42,,2.059,,100,,26,,7.1129,,,,0.151,,408,,1.12,,0.913,,7.8,,8.82,,70,,160
29042,D10,Don at Sprotborough Bridge,07/03/1995 09:24,,,,0.6,,55,,4.4,,2.896,,110,,20,,5.41935,,,,0.268,,375,,0.691,,0.486,,7.2,,9.64,,82,,130
29042,D10,Don at Sprotborough Bridge,14/03/1995 09:24,,,,,,,,1.52,,1.961,,,,,,,,,,0.2,,,,1.011,,0.79,,,,9.6,,,,
29042,D10,Don at Sprotborough Bridge,14/03/1995 11:48,,,,0.75,,58,,,,,,115,,24,,6.20968,,,,,,642,,,,,,7.6,,,,90,,155
29042,D10,Don at Sprotborough Bridge,22/03/1995 12:00,,,,0.8,,66,,6.24,,1.802,,115,,25,,6.32258,,0.138,,0.241,,587,,0.992,,0.752,,8.4,,8.68,,93,,160
29042,D10,Don at Sprotborough Bridge,28/03/1995 12:12,,,,1.1,,60,,4.36,,2.09,,110,,23,,6.77419,,0.18,,0.299,,835,,1.39,,1.156,,8.8,,8.16,,91,,150
29042,D10,Don at Sprotborough Bridge,04/04/1995 10:45,,,,0.85,,75,,4.73,,2.639,,125,,29,,7.33871,,0.219,,0.308,,1087,,3.564,,3.229,,10.2,,1.4,,106,,185
29042,D10,Don at Sprotborough Bridge,11/04/1995 10:20,,1.243,,2,,60,,4.68,,2.543,,110,,24,,5.75806,,0.221,,0.39,,946,,1.407,,1.127,,9.6,,7.48,,98,,180
29042,D10,Don at Sprotborough Bridge,19/04/1995 10:35,,1.768,,1.15,,65,,5.61,,4.46,,130,,26,,9.03226,,0.206,,0.529,,1170,,1.816,,1.433,,10.8,,6.08,,118,,210
29042,D10,Don at Sprotborough Bridge,25/04/1995 08:27,,1.236,,1,,50,,4.72,,2.992,,106,,20,,3.16129,,0.157,,0.392,,201,,1.204,,0.9,,9,,5.44,,82,,130
29042,D10,Don at Sprotborough Bridge,02/05/1995 10:35,,1.321,,1,,70,,5.49,,4.858,,140,,28,,7.22581,,0.269,,0.8,,1102,,1.645,,1.276,,11,,1.35,,124,,210
29042,D10,Don at Sprotborough Bridge,10/05/1995 10:10,,1.427,,2,,70,,5.85,,4.498,,120,,28,,8.80645,,0.491,,0.469,,1506,,1.922,,1.621,,12,,3.52,,116,,190
29042,D10,Don at Sprotborough Bridge,16/05/1995 10:30,,1.247,,1,,70,,5.76,,2.369,,100,,28,,9.25806,,0.345,,0.372,,1387,,3.43,,3.15,,12,,5.78,,104,,170
29042,D10,Don at Sprotborough Bridge,23/05/1995 09:50,,1.259,,1,,70,,5.68,,1.752,,110,,26,,8.58065,,0.276,,0.367,,1137,,1.631,,1.334,,12,,6.96,,108,,160
29042,D10,Don at Sprotborough Bridge,31/05/1995 08:15,,0.88,,2,,60,,5.41,,2.016,,120,,24,,6.77419,,0.208,,0.308,,1286,,1.686,,1.45,,10,,6.44,,104,,170
29042,D10,Don at Sprotborough Bridge,06/06/1995 08:50,,1.003,,2,,65,,5.45,,2.097,,130,,26,,7,,0.369,,0.387,,1398,,1.912,,1.57,,12,,5.08,,120,,170
29042,D10,Don at Sprotborough Bridge,13/06/1995 10:10,,0.268,,3,,65,,5.31,,2.794,,130,,26,,7.45161,,0.226,,0.375,,1510,,1.994,,1.696,,12,,5.24,,116,,190
29042,D10,Don at Sprotborough Bridge,20/06/1995 10:11,,0.267,,2,,70,,6.15,,2.4,,140,,28,,8.12903,,0.285,,0.348,,1644,,3.81,,3.728,,13,,6.32,,124,,200
29042,D10,Don at Sprotborough Bridge,27/06/1995 08:30,,0.189,,2,,65,,5.97,,1.96,,140,,24,,7.45161,,0.289,,0.388,,1634,,2.312,,1.84,,14,,5.48,,132,,200
29042,D10,Don at Sprotborough Bridge,04/07/1995 11:20,,0.292,,1,,65,,6.14,,2.959,,140,,26,,8.58065,,0.272,,0.436,,2130,,4.213,,3.981,,13,,3.32,,130,,190
29042,D10,Don at Sprotborough Bridge,11/07/1995 10:00,,0.043,,2,,70,,5.91,,4.263,,150,,28,,7.67742,,0.295,,0.662,,2321,,2.852,,2.497,,14,,1.8,,138,,210
29042,D10,Don at Sprotborough Bridge,18/07/1995 12:20,,0.291,,4,,65,,6.46,,3.225,,140,,26,,7,,0.248,,0.463,,1838,,2.668,,2.032,,13,,4.14,,134,,200
29042,D10,Don at Sprotborough Bridge,25/07/1995 10:49,,0.123,,2,,70,,6.19,,3.712,,140,,26,,7.45161,,0.232,,0.518,,2340,,4.036,,4.008,,15,,4.2,,132,,200
29042,D10,Don at Sprotborough Bridge,01/08/1995 10:20,,0.123,,2,,65,,5.92,,2.676,,160,,28,,6.54839,,0.242,,0.394,,2284,,2.791,,2.476,,15,,4.11,,142,,210
29042,D10,Don at Sprotborough Bridge,08/08/1995 10:40,,0.153,,2,,60,,5.73,,3.539,,120,,24,,6.09677,,0.17,,0.46,,2060,,2.497,,2.339,,12,,4.71,,118,,180
29042,D10,Don at Sprotborough Bridge,15/08/1995 10:15,,0.129,,2,,60,,,,2.573,,140,,24,,6.09677,,0.157,,0.362,,2425,,2.969,,2.681,,13,,5.07,,130,,200
29042,D10,Don at Sprotborough Bridge,30/08/1995 10:22,,0.339,,2,,65,,6.8,,1.396,,130,,24,,8.35484,,0.316,,0.163,,2680,,3.174,,2.982,,15,,5.48,,132,,170
29042,D10,Don at Sprotborough Bridge,05/09/1995 10:30,,0.232,,2,,60,,6.82,,1.307,,140,,24,,8.35484,,0.197,,0.197,,2661,,2.948,,2.757,,14,,11.2,,136,,190
29042,D10,Don at Sprotborough Bridge,08/09/1995 07:30,,,,1,,65,,6.43,,4.073,,130,,20,,8.58065,,0.254,,0.41,,2123,,2.839,,2.114,,12,,19.6,,112,,160
29042,D10,Don at Sprotborough Bridge,11/09/1995 10:30,,0.613,,1,,55,,4.58,,2.231,,96,,17,,5.64516,,,,0.228,,1618,,2.257,,1.799,,10,,25.12,,76,,120
29042,D10,Don at Sprotborough Bridge,19/09/1995 10:45,,0.789,,1,,70,,5.81,,1.695,,140,,24,,8.35484,,0.234,,0.234,,2130,,2.654,,2.387,,12,,14.16,,122,,170
29042,D10,Don at Sprotborough Bridge,26/09/1995 10:06,,0.33,,1,,65,,6.15,,1.556,,140,,24,,8.35484,,0.307,,0.132,,2370,,2.77,,2.517,,13,,3,,126,,170
29042,D10,Don at Sprotborough Bridge,03/10/1995 10:21,,0.792,,1,,65,,7.88,,1.699,,140,,24,,7,,0.332,,0.19,,2246,,2.681,,2.449,,13,,3.6,,128,,180
29042,D10,Don at Sprotborough Bridge,10/10/1995 11:38,,0.377,,2,,60,,5.45,,1.693,,130,,22,,7.45161,,0.182,,0.182,,2040,,2.442,,2.257,,11,,8.92,,130,,170
29042,D10,Don at Sprotborough Bridge,17/10/1995 10:07,,0.427,,2,,65,,6.6,,1.573,,140,,24,,8.35484,,0.295,,0.173,,2572,,3.058,,2.736,,12,,8.99,,130,,170
29042,D10,Don at Sprotborough Bridge,24/10/1995 11:00,,0.492,,3,,65,,6.19,,1.344,,160,,28,,11.2903,,0.242,,0.166,,2509,,2.763,,2.647,,14,,9.83,,142,,200
29042,D10,Don at Sprotborough Bridge,31/10/1995 10:20,,0.766,,3,,60,,5.82,,1.465,,120,,20,,10.3871,,0.235,,,,1994,,2.305,,2.107,,13,,9.41,,110,,160
29042,D10,Don at Sprotborough Bridge,07/11/1995 11:44,,0.896,,2,,60,,5.99,,1.431,,130,,22,,10.8387,,0.305,,0.201,,2969,,3.352,,3.187,,13,,8.05,,120,,170
29042,D10,Don at Sprotborough Bridge,10/11/1995 10:40,,,,,,,,,,,,,,,,,,,,,,2724,,,,,,,,,,,,
29042,D10,Don at Sprotborough Bridge,11/11/1995 10:35,,,,,,,,,,,,,,,,,,,,,,2502,,,,,,,,,,,,
29042,D10,Don at Sprotborough Bridge,12/11/1995 10:30,,,,1,,45,,7.78,,4.607,,100,,17,,5.64516,,,,0.477,,1194,,1.573,,1.218,,9,,8.91,,92,,130
29042,D10,Don at Sprotborough Bridge,13/11/1995 10:30,,,,,,,,,,,,,,,,,,,,,,1247,,,,,,,,,,,,
29042,D10,Don at Sprotborough Bridge,14/11/1995 11:20,,0.809,,1,,45,,6.32,,2.801,,87,,17,,4.74194,,0.202,,0.299,,1281,,1.71,,1.436,,9,,8.71,,72,,130
29042,D10,Don at Sprotborough Bridge,15/11/1995 11:00,,,,,,,,,,,,,,,,,,,,,,1354,,,,,,,,,,,,
29042,D10,Don at Sprotborough Bridge,16/11/1995 10:40,,,,,,,,,,,,,,,,,,,,,,1331,,,,,,,,,,,,
29042,D10,Don at Sprotborough Bridge,17/11/1995 10:40,,,,,,,,,,,,,,,,,,,,,,1483,,,,,,,,,,,,
29042,D10,Don at Sprotborough Bridge,21/11/1995 11:15,,0.867,,7,,55,,,,,,110,,22,,7.67742,,0.206,,,,2018,,,,,,11,,,,98,,150
29042,D10,Don at Sprotborough Bridge,28/11/1995 11:05,,1.427,,5,,65,,8.54,,1.45,,160,,24,,9.48387,,0.26,,0.155,,2488,,2.469,,2.298,,13,,10.5,,132,,190
29042,D10,Don at Sprotborough Bridge,04/12/1995 11:25,,,,2,,40,,8.26,,18.02,,96,,16,,5.87097,,,,2.235,,1201,,3.249,,1.306,,8,,8.74,,82,,130
29042,D10,Don at Sprotborough Bridge,12/12/1995 11:12,,0.95,,3,,65,,6.13,,2.117,,180,,20,,9.70968,,0.159,,0.201,,1339,,1.772,,1.621,,11,,11.06,,142,,180
29042,D10,Don at Sprotborough Bridge,18/12/1995 11:25,,1.187,,2,,65,,6.98,,1.364,,140,,22,,10.3871,,0.163,,0.148,,1767,,2.244,,2.031,,12,,10.9,,114,,170
29042,D10,Don at Sprotborough Bridge,03/01/1996 11:45,,2.089,,1.25,,60,,6.38,,1.822,,220,,22,,8.91935,,0.159,,0.19,,1605,,2.326,,2.079,,10.6,,10.61,,176,,160
29042,D10,Don at Sprotborough Bridge,09/01/1996 10:45,,1.038,,0.75,,60,,8.69,,5.729,,100,,18.8,,10.1613,,0.151,,0.604,,776,,1.416,,0.903,,7.8,,9.2,,68,,130
29042,D10,Don at Sprotborough Bridge,16/01/1996 11:28,,1.455,,2.2,,60,,6.15,,1.808,,100,,17.6,,10.9516,,0.17,,0.167,,1343,,1.518,,1.347,,8,,10,,80,,140
29042,D10,Don at Sprotborough Bridge,23/01/1996 11:03,,1.405,,2.8,,70,,8.78,,1.906,,140,,26,,10.7258,,0.241,,0.208,,1644,,2.086,,1.833,,11.2,,10.78,,110,,180
29042,D10,Don at Sprotborough Bridge,30/01/1996 11:50,,12.208,,2.6,,70,,8.86,,1.308,,330,,24,,11.2903,,0.219,,0.365,,1844,,2.408,,2.127,,12.2,,10.7,,236,,190
29042,D10,Don at Sprotborough Bridge,06/02/1996 10:57,,2.579,,2.85,,70,,6.84,,2.854,,230,,24,,9.03226,,0.22,,0.31,,1782,,2.962,,2.715,,11.6,,10.77,,170,,180
29042,D10,Don at Sprotborough Bridge,12/02/1996 11:18,,1.313,,0.65,,55,,9.25,,48.08,,130,,15.8,,9.82258,,0.128,,4.587,,546,,4.145,,0.54,,6,,7.98,,88,,110
29042,D10,Don at Sprotborough Bridge,13/02/1996 09:35,,0.754,,0.6,,55,,13.28,,19.66,,110,,15.6,,10.1613,,0.074,,1.681,,225,,0.958,,0.342,,5.4,,5.79,,66,,100
29042,D10,Don at Sprotborough Bridge,20/02/1996 11:00,,1.108,,0.8,,60,,5.68,,5.284,,110,,18,,10.1613,,0.111,,0.516,,624,,1.183,,0.787,,6.2,,8.44,,76,,120
29042,D10,Don at Sprotborough Bridge,27/02/1996 11:32,,1.04,,1,,70,,6.12,,1.286,,170,,22,,10.0484,,0.148,,0.1,,811,,1.176,,1.026,,7.2,,9.12,,112,,140
29042,D10,Don at Sprotborough Bridge,05/03/1996 11:30,,1.397,,1.7,,70,,5.3,,1.329,,140,,26,,10.5,,0.168,,0.146,,1323,,1.744,,1.546,,9.6,,9.57,,116,,180
29042,D10,Don at Sprotborough Bridge,13/03/1996 10:50,,2.193,,1.6,,65,,7.31,,2.867,,160,,24,,10.6129,,0.3,,0.263,,1657,,2.278,,1.963,,9.8,,9.66,,120,,170
29042,D10,Don at Sprotborough Bridge,19/03/1996 10:00,,2.074,,1.8,,65,,6.45,,2.504,,210,,24,,9.48387,,0.245,,0.23,,1079,,1.785,,1.423,,8.8,,8.72,,152,,170
29042,D10,Don at Sprotborough Bridge,26/03/1996 10:57,,1.126,,1.3,,65,,5.34,,1.794,,120,,22,,10.7258,,0.178,,0.192,,796,,1.218,,1.04,,7.6,,8.34,,90,,150
29042,D10,Don at Sprotborough Bridge,01/04/1996 09:28,,2.221,,3.25,,70,,5.51,,1.623,,150,,26,,9.70968,,0.173,,0.166,,1263,,1.603,,1.404,,11.4,,8.35,,106,,170
29042,D10,Don at Sprotborough Bridge,09/04/1996 10:10,,2.289,,2.2,,70,,7.05,,1.947,,140,,28,,9.37097,,0.198,,0.236,,1383,,1.736,,1.47,,12.4,,6.82,,114,,200
29042,D10,Don at Sprotborough Bridge,16/04/1996 10:05,,1.621,,3.1,,60,,6.31,,2.682,,160,,24,,8.46774,,0.199,,0.283,,1485,,1.956,,1.823,,9.4,,7.51,,116,,170
29042,D10,Don at Sprotborough Bridge,23/04/1996 10:05,,0.787,,2.45,,70,,7.05,,5.577,,150,,26,,9.37097,,0.218,,0.582,,2128,,2.648,,2.269,,14,,4.25,,128,,200
29042,D10,Don at Sprotborough Bridge,30/04/1996 09:50,,1.107,,2.3,,80,,6.08,,2.968,,140,,28,,9.25806,,0.222,,0.382,,1856,,2.355,,2.016,,14,,4,,128,,180
29042,D10,Don at Sprotborough Bridge,08/05/1996 10:18,,0.845,,2.2,,75,,7.51,,3.341,,140,,30,,10.8387,,0.192,,0.376,,1872,,3.925,,3.666,,12.6,,3.62,,130,,180
29042,D10,Don at Sprotborough Bridge,14/05/1996 10:00,,0.949,,3.25,,70,,6.71,,1.626,,130,,26,,11.1774,,0.214,,0.225,,2280,,2.768,,2.535,,14.2,,3.36,,116,,180
29042,D10,Don at Sprotborough Bridge,17/05/1996 10:05,,,,,,,,,,,,,,,,,,,,,,2692,,,,,,,,,,,,
29042,D10,Don at Sprotborough Bridge,18/05/1996 10:10,,,,,,,,,,,,,,,,,,,,,,2564,,,,,,,,,,,,
29042,D10,Don at Sprotborough Bridge,19/05/1996 10:05,,,,,,,,,,,,,,,,,,,,,,2511,,,,,,,,,,,,
29042,D10,Don at Sprotborough Bridge,20/05/1996 10:15,,,,,,,,,,,,,,,,,,,,,,2432,,,,,,,,,,,,
29042,D10,Don at Sprotborough Bridge,21/05/1996 10:20,,1.186,,5.05,,75,,9.62,,2.174,,160,,26,,11.2903,,0.322,,0.26,,2552,,3.3,,2.954,,13.2,,4.92,,136,,200
29042,D10,Don at Sprotborough Bridge,22/05/1996 09:45,,,,,,,,,,,,,,,,,,,,,,2329,,,,,,,,,,,,
29042,D10,Don at Sprotborough Bridge,23/05/1996 10:20,,,,,,,,,,,,,,,,,,,,,,2495,,,,,,,,,,,,
29042,D10,Don at Sprotborough Bridge,24/05/1996 10:15,,,,,,,,,,,,,,,,,,,,,,2736,,,,,,,,,,,,
29042,D10,Don at Sprotborough Bridge,29/05/1996 09:50,,1.166,,3.55,,80,,6.06,,2.61,,140,,28,,10.1613,,0.203,,0.339,,2260,,2.595,,2.302,,14,,4.88,,132,,180
29042,D10,Don at Sprotborough Bridge,04/06/1996 10:05,,0.526,,3.9,,80,,9.28,,2.334,,160,,30,,10.5,,0.317,,0.277,,3168,,3.493,,3.273,,15.8,,6.75,,148,,200
29042,D10,Don at Sprotborough Bridge,11/06/1996 10:07,,0.419,,1.5,,65,,7.97,,2.091,,120,,22,,7.22581,,0.142,,0.3,,2320,,2.628,,2.481,,12.4,,4.73,,110,,170
29042,D10,Don at Sprotborough Bridge,18/06/1996 10:40,,0.403,,2.6,,75,,8.394,,2.371,,170,,26,,10.5,,0.311,,0.352,,2837,,3.34,,3.09,,14.2,,5.65,,154,,210
29042,D10,Don at Sprotborough Bridge,25/06/1996 09:52,,1.028,,3.4,,85,,7.54,,1.616,,160,,28,,10.9516,,0.362,,0.165,,2985,,2.46,,2.44,,16.4,,6.36,,148,,210
29042,D10,Don at Sprotborough Bridge,02/07/1996 10:00,,,,7.6,,70,,8.275,,1.83,,140,,24,,9.37097,,0.42238,,0.232,,2699,,3.01,,2.83,,14.8,,6.55,,118,,180
29042,D10,Don at Sprotborough Bridge,09/07/1996 10:05,,0.193,,9.5,,70,,7.374,,2.393,,160,,24,,9.93548,,0.3298,,0.338,,2494,,2.89,,2.67,,13.6,,6.35,,142,,190
29042,D10,Don at Sprotborough Bridge,16/07/1996 10:40,,,,4.85,,70,,8.115,,3.241,,160,,26,,9.70968,,0.31431,,0.513,,3035,,3.41,,3.03,,17.4,,4.02,,146,,200
29042,D10,Don at Sprotborough Bridge,23/07/1996 10:20,,0.163,,2.15,,75,,10.074,,2.366,,180,,26,,7,,0.26592,,0.421,,3320,,3.78,,3.59,,17.8,,4.03,,158,,220
29042,D10,Don at Sprotborough Bridge,30/07/1996 10:05,,0.367,,4.15,,70,,7.508,,3.188,,190,,22,,8.69355,,0.30415,,0.382,,2902,,3.41,,3.11,,18.6,,6.69,,144,,200
29042,D10,Don at Sprotborough Bridge,06/08/1996 10:30,,0.19,,2.15,,70,,8.523,,2.903,,170,,26,,9.25806,,0.25876,,0.401,,3174,,3.71,,3.47,,16,,6.28,,148,,210
29042,D10,Don at Sprotborough Bridge,13/08/1996 09:39,,0.458,,2.25,,65,,9.621,,2.206,,140,,24,,7.79032,,0.30233,,0.173,,2466,,3.11,,2.67,,13.4,,7.47,,140,,190
29042,D10,Don at Sprotborough Bridge,20/08/1996 10:05,,0.049,,4.95,,70,,7.917,,2.994,,170,,24,,7.90323,,0.282,,0.575,,2954,,3.44,,3.28,,14.8,,6.05,,156,,210
29042,D10,Don at Sprotborough Bridge,27/08/1996 10:15,,0.545,,1.4,,60,,5.967,,2.691,,100,,17,,7.22581,,0.207,,0.324,,1977,,2.41,,2.23,,10.6,,7.4,,92,,130
29042,D10,Don at Sprotborough Bridge,03/09/1996 10:20,,0.264,,2.3,,65,,7.216,,1.691,,130,,19.2,,7.67742,,0.169,,0.199,,2040,,2.41,,2.18,,12.8,,8.31,,114,,160
29042,D10,Don at Sprotborough Bridge,11/09/1996 09:34,,0.382,,4.4,,70,,6.1,,1.736,,170,,24,,10.7258,,0.261,,0.19,,3048,,3.479,,3.127,,15,,9.76,,156,,200
29042,D10,Don at Sprotborough Bridge,17/09/1996 10:03,,0.331,,7.5,,70,,7.56,,1.349,,190,,24,,11.1774,,0.232,,0.164,,3505,,4.118,,3.719,,15.6,,9.76,,176,,220
29042,D10,Don at Sprotborough Bridge,24/09/1996 09:53,,0.509,,3.85,,75,,7.67,,2.354,,180,,24,,9.70968,,0.3,,0.303,,3335,,3.686,,3.533,,17.8,,8.82,,160,,210
29042,D10,Don at Sprotborough Bridge,01/10/1996 10:05,,0.344,,3.45,,75,,8.31,,2.621,,190,,26,,9.37097,,0.292,,0.33,,3099,,3.446,,3.26,,15,,8.99,,172,,220
29042,D10,Don at Sprotborough Bridge,08/10/1996 10:05,,0.314,,1.35,,70,,8.46,,1.531,,170,,22,,8.69355,,0.238,,0.156,,3032,,3.413,,3.213,,14.6,,9.55,,156,,210
29042,D10,Don at Sprotborough Bridge,15/10/1996 10:00,,0.374,,1.9,,85,,7.95,,1.511,,160,,26,,9.93548,,,,0.187,,3232,,3.559,,3.386,,17.4,,10.1,,150,,200
29042,D10,Don at Sprotborough Bridge,20/10/1996 08:22,,0.511,,1.85,,75,,7.73,,2.631,,160,,22,,9.93548,,,,0.272,,3475,,3.313,,3.114,,14.8,,8.99,,138,,180
29042,D10,Don at Sprotborough Bridge,29/10/1996 11:00,,0.436,,2.15,,75,,6.331,,1.296,,140,,24,,10.5,,0.239,,0.154,,2733,,3.034,,2.887,,15.6,,9.31,,136,,180
29042,D10,Don at Sprotborough Bridge,05/11/1996 10:50,,0.914,,1.1,,59,,7.428,,1.823,,140,,19.4,,9.25806,,0.247,,0.135,,2571,,3.06,,2.861,,13.2,,10.34,,120,,164
29042,D10,Don at Sprotborough Bridge,12/11/1996 11:05,,0.944,,0.85,,59,,6.224,,1.702,,140,,18.4,,8.58065,,0.203,,0.079,,1685,,2.149,,1.916,,11.7,,9.72,,109,,136
29042,D10,Don at Sprotborough Bridge,19/11/1996 11:30,,1.179,,0.95,,60,,6.396,,1.753,,136,,19.3,,8.58065,,0.257,,0.153,,1733,,2.109,,1.963,,10.4,,9.87,,111,,144
29042,D10,Don at Sprotborough Bridge,26/11/1996 11:17,,0.779,,0.2,,54,,6.803,,8.686,,147,,16,,6.54839,,0.085,,0.75,,424,,1.091,,0.439,,7.3,,7.54,,91,,99
29042,D10,Don at Sprotborough Bridge,03/12/1996 11:20,,1.097,,0.25,,51,,5.828,,2.812,,105,,16.1,,7.22581,,0.096,,0.215,,779,,1.191,,0.865,,7.1,,8.78,,74,,108
29042,D10,Don at Sprotborough Bridge,10/12/1996 00:00,,1.52,,0.5,,61,,,,,,116,,21.8,,10.3871,,,,,,,,,,,,8.9,,,,85,,148
29042,D10,Don at Sprotborough Bridge,10/12/1996 11:00,,,,,,,,6.02,,0.751,,,,,,,,0.158,,0.082,,1090,,1.464,,1.317,,,,10.32,,,,
29042,D10,Don at Sprotborough Bridge,16/12/1996 11:40,,1.97,,1.7,,62,,6.505,,0.541,,140,,23,,8.58065,,0.217,,0.048,,1602,,1.956,,1.77,,11.2,,10.74,,104,,180
29042,D10,Don at Sprotborough Bridge,19/12/1996 03:00,,0.00034,,1.3,,63,,,,,,132,,22,,3.52258,,,,,,,,,,,,10.1,,,,102,,168
29042,D10,Don at Sprotborough Bridge,19/12/1996 18:00,<,0.00004,,0.9,,46.5,,,,,,105,,16.1,,4.74194,,,,,,,,,,,,7.9,,,,73,,120
29042,D10,Don at Sprotborough Bridge,20/12/1996 18:30,,0.00016,,0.15,,41.5,,,,,,62,,12.6,,6.09677,,,,,,,,,,,,5.9,,,,37,,82
29042,D10,Don at Sprotborough Bridge,21/12/1996 10:45,,0.00014,,0.2,,48,,,,,,66,,15.4,,9.03226,,,,,,,,,,,,6.5,,,,39,,99
29042,D10,Don at Sprotborough Bridge,07/01/1997 11:40,<,0.00004,,1,,66,,5.902,,0.921,,245,,26,,9.70968,,0.242,,0.072,,961,,1.823,,1.59,,11,,10.9,,161,,190
29042,D10,Don at Sprotborough Bridge,14/01/1997 11:40,,0.00122,,0.5,,62,,6.668,,0.927,,160,,25,,8.12903,,0.153,,0.075,,854,,1.237,,0.18,,9.1,,10.81,,14,,168
29042,D10,Don at Sprotborough Bridge,21/01/1997 11:00,,0.0002,,1.5,,62,,6.13,,0.908,,145,,24,,7.90323,,0.169,,0.088,,1290,,2.122,,1.936,,9.9,,11.65,,104,,175
29042,D10,Don at Sprotborough Bridge,28/01/1997 11:10,,0.00072,,1.55,,63,,6.271,,0.605,,150,,25,,8.35484,,0.14,,0.075,,1269,,2.209,,1.949,,11.2,,10.12,,111,,180
29042,D10,Don at Sprotborough Bridge,04/02/1997 11:00,<,0.00004,,2.25,,66,,5.448,,1.136,,155,,26,,6.54839,,0.163,,0.088,,1690,,2.329,,2.116,,11.3,,10.67,,122,,195
29042,D10,Don at Sprotborough Bridge,11/02/1997 10:30,<,0.00004,,1.25,,61,,6.259,,1.384,,170,,23,,7.90323,,0.19,,0.12,,1250,,2.295,,2.116,,11.3,,9.67,,131,,185
29043,T11,Trent at Cromwell Lock,07/09/1993 11:10,,,,1.05,,112.6,,4.69,,0.763,,145,,26.1,,9.48387,,,,0.092,,,,2.174,,2.079,,12.8,,5.19,,111.9,,190
29043,T11,Trent at Cromwell Lock,14/09/1993 12:20,,,,0.4,,84.1,,5.41,,5.654,,88,,19.3,,6.54839,,,,0.594,,,,1.616,,1.206,,9.7,,7.48,,72.6,,132
29043,T11,Trent at Cromwell Lock,21/09/1993 12:00,,,,0.65,,95.4,,5.94,,1.206,,84,,19,,7,,,,0.158,,,,1.149,,1.091,,9,,8.34,,58.5,,136
29043,T11,Trent at Cromwell Lock,28/09/1993 11:20,,,,0.9,,98.7,,4.99,,1.143,,96,,21.5,,7,,,,0.067,,,,1.477,,1.38,,9.7,,7.92,,73.9,,160
29043,T11,Trent at Cromwell Lock,05/10/1993 11:15,,,,0.4,,89.9,,5.96,,2.103,,80,,18.6,,2.07742,,,,0.184,,,,1.313,,1.101,,10.1,,7.68,,60.9,,124
29043,T11,Trent at Cromwell Lock,11/10/1993 11:23,,,,0.25,,86.1,,7.43,,3.456,,56,,17.4,,6.09677,,,,0.317,,,,0.911,,0.73,,8.6,,8.71,,40.3,,108
29043,T11,Trent at Cromwell Lock,18/10/1993 11:09,,,,0.3,,103.6,,7.21,,1.737,,66,,21.5,,7.67742,,,,0.103,,,,0.823,,0.703,,8.2,,10.16,,45.8,,152
29043,T11,Trent at Cromwell Lock,25/10/1993 12:10,,,,0.65,,119,,6.24,,0.917,,100,,26,,9.25806,,,,0.073,,,,1.257,,1.195,,9.8,,10.18,,74.3,,200
29043,T11,Trent at Cromwell Lock,01/11/1993 12:55,,,,0.65,,120.4,,4.55,,0.773,,115,,27.2,,7.45161,,,,0.081,,,,1.648,,1.541,,11,,9.8,,84.3,,210
29043,T11,Trent at Cromwell Lock,08/11/1993 12:25,,,,0.75,,126.1,,3.89,,0.852,,125,,28.9,,9.70968,,,,0.101,,,,1.891,,1.811,,12.3,,10.28,,94.5,,215
29043,T11,Trent at Cromwell Lock,15/11/1993 09:35,,,,0.2,,70.1,,8.07,,7.527,,50,,13.4,,6.54839,,,,0.486,,,,1.055,,0.638,,8.9,,7.88,,29.7,,87
29043,T11,Trent at Cromwell Lock,22/11/1993 12:15,,,,0.4,,115.6,,5.6,,1.457,,90,,24.8,,9.25806,,,,0.158,,,,0.961,,0.85,,9,,9.85,,62.2,,185
29043,T11,Trent at Cromwell Lock,29/11/1993 09:15,,,,0.5,,122.2,,8.66,,1.368,,125,,25.9,,9.25806,,,,0.149,,,,1.259,,1.103,,10.5,,9.36,,90.3,,165
29043,T11,Trent at Cromwell Lock,06/12/1993 09:30,,,,0.45,,118.6,,5.23,,1.36,,95,,25.6,,8.35484,,,,0.162,,,,1.086,,1.009,,9.4,,9.57,,68.1,,165
29043,T11,Trent at Cromwell Lock,13/12/1993 09:00,,,,0.2,,79.6,,6.19,,6.876,,56,,15.4,,6.77419,,,,0.616,,,,0.843,,0.499,,6.8,,7.99,,34.7,,93
29043,T11,Trent at Cromwell Lock,20/12/1993 09:27,,,,0.25,,82.3,,4.58,,4.368,,57,,15.6,,6.32258,,,,0.398,,,,0.628,,0.4,,5.9,,7.49,,33.7,,105
29043,T11,Trent at Cromwell Lock,04/01/1994 09:45,,,,0.15,,79.4,,4.4,,5.959,,54,,15.7,,5.64516,,,,0.499,,,,0.729,,0.469,,6.3,,7.29,,35.6,,84
29043,T11,Trent at Cromwell Lock,10/01/1994 09:40,,,,0.25,,105.3,,4.53,,2.094,,64,,21.3,,7.67742,,,,0.183,,,,0.621,,0.515,,7.1,,8.54,,43,,136
29043,T11,Trent at Cromwell Lock,17/01/1994 13:50,,,,0.3,,102.1,,5.42,,2.071,,57,,20.4,,7.22581,,,,0.155,,,,0.631,,0.505,,6.8,,8.56,,37.2,,132
29043,T11,Trent at Cromwell Lock,24/01/1994 09:45,,,,0.35,,101.8,,4.18,,2.847,,78,,21.1,,2.84516,,,,0.236,,,,0.874,,0.684,,7.3,,8.46,,52.8,,132
29043,T11,Trent at Cromwell Lock,31/01/1994 09:10,,,,0.45,,97,,4.43,,2.045,,63,,18.9,,3.07097,,,,0.153,,,,0.617,,0.51,,6.4,,7.13,,42,,120
29043,T11,Trent at Cromwell Lock,07/02/1994 11:43,,,,0.4,,95,,4.47,,2.024,,63,,19.3,,0.903226,,,,0.153,,,,0.684,,0.549,,6.9,,8.75,,42.6,,123
29043,T11,Trent at Cromwell Lock,14/02/1994 12:10,,,,0.25,,95,,4.43,,2.833,,84,,20.8,,6.32258,,,,0.234,,,,0.905,,0.758,,7.9,,8.02,,55.7,,135
29043,T11,Trent at Cromwell Lock,21/02/1994 12:10,,,,0.35,,118,,4.5,,1.343,,125,,25,,0.790323,,,,0.163,,,,0.947,,0.841,,9,,8.22,,75,,195
29043,T11,Trent at Cromwell Lock,28/02/1994 10:40,,,,0.15,,80,,6.78,,5.302,,70,,14.8,,5.30645,,,,0.436,,,,0.782,,0.443,,7.8,,6.32,,39,,100
29043,T11,Trent at Cromwell Lock,08/03/1994 10:05,,,,0.35,,125,,4.44,,2.031,,85,,26,,7.90323,,,,0.195,,,,0.867,,0.729,,8.4,,7.41,,63,,155
29043,T11,Trent at Cromwell Lock,14/03/1994 09:40,,,,0.4,,110,,3.91,,1.368,,82,,25,,8.12903,,,,0.117,,,,1.019,,0.819,,8,,7.04,,58,,145
29043,T11,Trent at Cromwell Lock,22/03/1994 10:45,,,,0.4,,95,,4.35,,1.72,,66,,19.6,,7.67742,,,,0.128,,,,1.091,,0.737,,7,,7.7,,44,,125
29043,T11,Trent at Cromwell Lock,29/03/1994 11:00,,,,0.25,,90,,4.07,,1.221,,70,,20,,6.8871,,,,0.115,,,,0.74,,0.65,,6.8,,6.44,,47,,130
29043,T11,Trent at Cromwell Lock,05/04/1994 11:00,,,,0.2,,103,,4.73,,3.503,,58,,19.4,,7.22581,,,,0.388,,,,0.73,,0.494,,7.2,,6.44,,43,,110
29043,T11,Trent at Cromwell Lock,12/04/1994 10:40,,,,0.15,,95,,4.94,,2.391,,59,,18.2,,6.09677,,,,0.293,,,,0.583,,0.492,,6.8,,5.63,,42,,105
29043,T11,Trent at Cromwell Lock,19/04/1994 06:50,,,,0.4,,165,,4.48,,1.283,,86,,33,,8.91935,,,,0.16,,,,0.925,,0.865,,11.2,,6.47,,83,,165
29043,T11,Trent at Cromwell Lock,26/04/1994 10:00,,,,0.75,,118,,4.67,,,,95,,27,,8.91935,,,,,,,,1.18,,1.106,,10.2,,4.83,,73,,165
29043,T11,Trent at Cromwell Lock,03/05/1994 07:50,,,,0.6,,158,,4.99,,3.837,,115,,35,,9.03226,,,,0.893,,,,1.296,,1.17,,12.4,,0.12,,98,,200
29043,T11,Trent at Cromwell Lock,10/05/1994 10:10,,,,0.65,,140,,5.42,,2.649,,100,,32,,9.48387,,,,0.445,,,,1.554,,1.389,,12.4,,0.13,,94,,200
29043,T11,Trent at Cromwell Lock,17/05/1994 09:20,,,,0.45,,130,,5.43,,1.79,,110,,30,,9.25806,,,,0.275,,,,1.549,,1.414,,12.8,,2.17,,96,,190
29043,T11,Trent at Cromwell Lock,24/05/1994 09:40,,,,0.3,,105,,5.25,,2.001,,97,,22.4,,9.59677,,,,0.243,,,,1.363,,1.189,,10.2,,5.56,,70,,160
29043,T11,Trent at Cromwell Lock,01/06/1994 09:55,,,,0.35,,110,,4.96,,1.876,,98,,24,,9.37097,,,,0.302,,,,1.383,,1.342,,9.6,,5.85,,68,,180
29043,T11,Trent at Cromwell Lock,07/06/1994 09:00,,,,0.95,,114,,5.11,,3.295,,100,,26,,10.1613,,,,0.536,,,,1.943,,1.76,,10.6,,2.94,,78,,190
29043,T11,Trent at Cromwell Lock,14/06/1994 09:40,,,,0.1,,115,,5.48,,3.273,,100,,28,,9.59677,,,,0.543,,,,2.035,,1.729,,11.2,,3.31,,88,,190
29043,T11,Trent at Cromwell Lock,21/06/1994 11:00,,,,0.8,,126,,4.97,,2,,120,,30,,9.93548,,,,0.323,,,,2.013,,1.893,,12,,3.56,,104,,210
29043,T11,Trent at Cromwell Lock,27/06/1994 09:53,,,,0.65,,110,,5.3,,1.994,,130,,26,,9.59677,,,,0.227,,1790,,1.965,,1.819,,11.8,,5.92,,94,,200
29043,T11,Trent at Cromwell Lock,05/07/1994 09:45,,,,0.9,,105,,5.75,,2.269,,110,,24,,8.35484,,,,0.307,,1441,,1.898,,1.794,,11.6,,3.53,,90,,190
29043,T11,Trent at Cromwell Lock,12/07/1994 10:15,,,,1,,106,,5.51,,2.037,,120,,26,,8.91935,,,,0.272,,1794,,2.156,,1.977,,12.6,,5.64,,94,,190
29043,T11,Trent at Cromwell Lock,19/07/1994 09:20,,,,0.75,,110,,5.21,,1.714,,120,,26,,8.69355,,,,0.212,,1820,,2.208,,2.122,,12.6,,5.48,,100,,200
29043,T11,Trent at Cromwell Lock,25/07/1994 10:07,,,,1.3,,110,,4.43,,1.431,,140,,24,,8.24194,,,,0.138,,1828,,2.137,,2.115,,13.4,,5.49,,110,,200
29043,T11,Trent at Cromwell Lock,02/08/1994 09:30,,,,0.8,,90,,5.34,,1.965,,110,,22,,7.56452,,,,0.251,,2107,,2.439,,2.285,,11.8,,5.36,,86,,180
29043,T11,Trent at Cromwell Lock,08/08/1994 09:48,,,,0.65,,105,,5.06,,1.695,,100,,24,,7.33871,,,,0.188,,1570,,3.687,,3.4,,12,,7.88,,90,,150
29043,T11,Trent at Cromwell Lock,17/08/1994 08:15,,,,0.95,,100,,5.1,,1.587,,120,,24,,9.25806,,,,0.164,,2732,,2.788,,2.572,,12.8,,7.58,,102,,160
29043,T11,Trent at Cromwell Lock,23/08/1994 10:48,,,,1.4,,110,,6.01,,,,140,,24,,9.03226,,,,,,2226,,3.869,,3.586,,12.6,,6.35,,100,,180
29043,T11,Trent at Cromwell Lock,30/08/1994 10:19,,,,1.45,,105,,7.55,,1.019,,140,,2.2,,9.59677,,,,0.09,,2343,,3.894,,3.694,,13.2,,5.59,,96,,180
29043,T11,Trent at Cromwell Lock,06/09/1994 09:15,,,,1.05,,105,,5.46,,1.318,,110,,22,,8.01613,,,,0.121,,2160,,2.519,,2.369,,13,,7.1,,94,,180
29043,T11,Trent at Cromwell Lock,13/09/1994 09:55,,,,1.2,,95,,4.56,,1.028,,110,,22,,7.67742,,,,0.105,,1810,,2.136,,1.975,,11.8,,7.03,,88,,160
29043,T11,Trent at Cromwell Lock,16/09/1994 12:00,,,,0.25,,65,,,,11.401,,61,,13,,6.20968,,,,1.177,,841,,,,,,8.2,,,,46,,98
29043,T11,Trent at Cromwell Lock,20/09/1994 10:33,,,,0.4,,90,,6.57,,2.697,,69,,18.2,,8.24194,,,,0.263,,755,,3.395,,3.001,,9.2,,9.7,,46,,140
29043,T11,Trent at Cromwell Lock,27/09/1994 10:15,,,,0.45,,100,,5.36,,0.996,,94,,20,,7.90323,,,,0.119,,984,,1.407,,1.265,,9.4,,9.51,,64,,150
29043,T11,Trent at Cromwell Lock,04/10/1994 10:49,,,,0.55,,90,,5.81,,3.543,,87,,19.6,,7.22581,,,,0.379,,1370,,3.612,,3.067,,10.2,,9.16,,66,,150
29043,T11,Trent at Cromwell Lock,11/10/1994 10:15,,,,0.65,,110,,5.3,,1.297,,98,,22,,8.01613,,,,0.137,,1225,,1.359,,1.277,,10.4,,9.15,,66,,150
29043,T11,Trent at Cromwell Lock,18/10/1994 10:25,,,,1.5,,110,,6.36,,0.711,,110,,28,,8.91935,,,,0.09,,2131,,1.954,,1.943,,11.8,,8.89,,88,,190
29043,T11,Trent at Cromwell Lock,25/10/1994 11:30,,,,0.95,,95,,4.59,,1.572,,100,,20,,7.45161,,,,0.159,,1407,,1.735,,1.628,,11.8,,8.92,,76,,150
29043,T11,Trent at Cromwell Lock,01/11/1994 10:45,,,,0.7,,90,,6.28,,4.594,,79,,17,,5.87097,,,,0.488,,961,,1.601,,1.199,,9.8,,8.55,,56,,120
29043,T11,Trent at Cromwell Lock,08/11/1994 11:20,,,,0.5,,90,,7.1,,2.78,,81,,16.6,,8.80645,,,,0.297,,598,,0.793,,0.65,,7.6,,9.22,,32,,110
29043,T11,Trent at Cromwell Lock,13/11/1994 13:40,,,,0.25,,45,,6.26,,3.551,,50,,13.6,,4.85484,,,,0.264,,396,,0.739,,0.515,,6.8,,9.05,,34,,87
29043,T11,Trent at Cromwell Lock,22/11/1994 10:48,,,,0.3,,90,,4.87,,3.323,,60,,17,,5.75806,,,,0.329,,630,,0.874,,0.706,,7,,9.1,,38,,110
29043,T11,Trent at Cromwell Lock,29/11/1994 12:32,,,,0.55,,120,,4.58,,1.259,,85,,24,,7.56452,,,,0.168,,1029,,1.183,,1.124,,8.8,,10.39,,58,,150
29043,T11,Trent at Cromwell Lock,06/12/1994 10:30,,,,0.4,,90,,5.45,,5.135,,72,,16.2,,6.8871,,,,0.52,,996,,1.395,,0.971,,8.8,,9.08,,44,,110
29043,T11,Trent at Cromwell Lock,13/12/1994 12:35,,,,0.45,,100,,5.07,,1.643,,62,,18.8,,6.09677,,,,0.134,,618,,0.944,,0.816,,6.8,,9.75,,38,,120
29043,T11,Trent at Cromwell Lock,20/12/1994 12:43,,,,0.3,,85,,6.29,,5.01,,57,,15.6,,7.33871,,,,0.428,,582,,0.964,,0.653,,7.2,,8.42,,32,,100
29043,T11,Trent at Cromwell Lock,04/01/1995 12:00,,,,0.25,,95,,4.25,,1.005,,64,,17.8,,7.67742,,,,0.069,,521,,0.722,,0.626,,6.2,,8.04,,36,,130
29043,T11,Trent at Cromwell Lock,10/01/1995 10:55,,,,0.4,,95,,4.59,,1.556,,72,,18,,8.12903,,,,0.166,,498,,2.23,,2.146,,6.8,,9.03,,42,,140
29043,T11,Trent at Cromwell Lock,17/01/1995 10:40,,,,0.45,,100,,4.62,,1.805,,73,,19.2,,6.66129,,,,0.181,,644,,0.833,,0.742,,7,,9.21,,46,,140
29043,T11,Trent at Cromwell Lock,22/01/1995 13:00,,,,0.15,,75,,5.87,,5.748,,54,,13.2,,5.75806,,,,0.433,,315,,0.672,,0.369,,5.6,,7.87,,32,,88
29043,T11,Trent at Cromwell Lock,24/01/1995 13:05,,,,0.1,,75,,,,3.209,,50,,14.6,,6.54839,,,,0.274,,331,,,,,,5.8,,,,28,,91
29043,T11,Trent at Cromwell Lock,01/02/1995 11:55,,,,0.15,,85,,,,,,53,,15.6,,6.43548,,,,,,303,,,,,,5.8,,,,30,,100
29043,T11,Trent at Cromwell Lock,07/02/1995 10:20,,,,0.3,,95,,3.96,,1.494,,66,,18.6,,7.56452,,,,0.196,,481,,0.749,,0.646,,6.6,,10.87,,36,,130
29043,T11,Trent at Cromwell Lock,14/02/1995 12:00,,,,0.15,,80,,4.9,,2.723,,47,,15.2,,6.20968,,,,0.254,,384,,0.645,,0.489,,6,,8.84,,28,,100
29043,T11,Trent at Cromwell Lock,21/02/1995 10:07,,,,0.5,,90,,4.02,,2.11,,55,,13.8,,5.87097,,,,0.165,,804,,0.629,,0.542,,5.6,,8.62,,32,,100
29043,T11,Trent at Cromwell Lock,27/02/1995 11:05,,,,0.4,,95,,5.12,,3.041,,64,,17.6,,6.54839,,,,0.171,,556,,0.824,,0.64,,6.8,,7.02,,40,,110
29043,T11,Trent at Cromwell Lock,07/03/1995 11:03,,,,0.75,,90,,5.07,,1.727,,91,,17.4,,6.77419,,,,0.176,,505,,0.725,,0.602,,6.4,,8,,54,,120
29043,T11,Trent at Cromwell Lock,14/03/1995 10:42,,,,0.8,,93,,,,,,85,,20,,6.66129,,,,,,681,,,,,,6.8,,,,56,,135
29043,T11,Trent at Cromwell Lock,14/03/1995 11:03,,,,,,,,2.16,,2.043,,,,,,,,,,0.209,,,,0.929,,0.797,,,,4.56,,,,
29043,T11,Trent at Cromwell Lock,22/03/1995 11:20,,,,0.85,,98,,4.02,,1.085,,87,,20,,7,,0.095,,0.168,,657,,0.853,,0.752,,7.4,,7.12,,59,,135
29043,T11,Trent at Cromwell Lock,28/03/1995 10:50,,,,1,,105,,4.47,,1.746,,91,,23,,7.56452,,0.117,,0.279,,864,,1.084,,1.055,,7.8,,5.6,,65,,150
29043,T11,Trent at Cromwell Lock,04/04/1995 09:04,,,,0.85,,113,,4.49,,2.39,,97,,24,,7.90323,,0.096,,0.306,,801,,1.053,,0.949,,8.6,,4.52,,70,,160
29043,T11,Trent at Cromwell Lock,11/04/1995 09:15,,0.043,,0.95,,108,,3.12,,2.273,,100,,25,,7.79032,,0.095,,0.39,,1063,,1.277,,1.115,,9.2,,2.56,,75,,175
29043,T11,Trent at Cromwell Lock,19/04/1995 09:45,,0.123,,1.2,,115,,5.21,,2.005,,110,,26,,8.91935,,0.095,,0.268,,1149,,1.512,,1.302,,9.8,,0.6,,78,,190
29043,T11,Trent at Cromwell Lock,25/04/1995 09:43,,0.331,,1,,110,,5.2,,1.931,,101,,26,,8.58065,,0.1,,0.247,,1333,,1.642,,1.481,,10,,1.79,,74,,160
29043,T11,Trent at Cromwell Lock,02/05/1995 09:45,,0.077,,1,,120,,5.29,,3.104,,120,,28,,8.80645,,0.064,,0.486,,1278,,1.676,,1.563,,10,,0.34,,90,,200
29043,T11,Trent at Cromwell Lock,10/05/1995 09:20,,0.234,,2,,125,,5.48,,3.446,,120,,28,,8.80645,,0.128,,0.587,,1571,,2.011,,1.775,,11,,0.14,,92,,190
29043,T11,Trent at Cromwell Lock,16/05/1995 09:11,,0.055,,1,,115,,5.38,,3.261,,100,,28,,9.25806,,0.124,,0.569,,1763,,2.097,,1.874,,11,,1.17,,86,,170
29043,T11,Trent at Cromwell Lock,23/05/1995 09:00,,0.338,,2,,110,,5.42,,1.637,,110,,26,,7.67742,,0.17,,0.402,,1248,,1.546,,1.433,,9,,4.26,,80,,150
29043,T11,Trent at Cromwell Lock,31/05/1995 09:20,,0.189,,1,,95,,5.94,,1.667,,110,,22,,8.35484,,0.089,,0.271,,1913,,2.117,,1.977,,10,,4.47,,88,,180
29043,T11,Trent at Cromwell Lock,06/06/1995 09:52,,0.179,,1,,95,,5.21,,1.103,,90,,24,,7.67742,,0.131,,0.157,,1806,,2.11,,2.018,,10,,4.82,,72,,160
29043,T11,Trent at Cromwell Lock,13/06/1995 08:40,,0.109,,1,,105,,5.05,,1.12,,110,,24,,9.03226,,0.108,,0.162,,1883,,2.185,,2.131,,10,,5.31,,84,,190
29043,T11,Trent at Cromwell Lock,20/06/1995 11:21,,0.054,,2,,105,,5.56,,1.116,,130,,26,,9.93548,,0.137,,0.192,,2060,,2.387,,2.216,,12,,7.17,,100,,200
29043,T11,Trent at Cromwell Lock,27/06/1995 10:05,,0.085,,2,,115,,5.74,,1.235,,150,,28,,9.93548,,0.079,,0.134,,2140,,2.346,,2.264,,13,,5,,112,,210
29043,T11,Trent at Cromwell Lock,04/07/1995 10:00,,0.119,,2,,120,,5.78,,0.857,,160,,28,,10.3871,,0.07,,0.145,,2034,,2.49,,2.401,,13,,5,,120,,210
29043,T11,Trent at Cromwell Lock,11/07/1995 08:45,,0.097,,2,,110,,5.97,,1.122,,150,,28,,9.48387,,0.067,,0.183,,2264,,2.661,,2.503,,14,,4.08,,120,,210
29043,T11,Trent at Cromwell Lock,18/07/1995 11:00,,0.127,,1,,95,,6.11,,1.425,,120,,22,,5.87097,,0.099,,0.203,,1544,,1.861,,1.772,,11,,3.24,,92,,170
29043,T11,Trent at Cromwell Lock,25/07/1995 09:49,<,0.02,,2,,110,,5.74,,3.447,,150,,26,,7.67742,,0.041,,0.613,,2076,,2.271,,2.073,,13,,0.4,,108,,190
29043,T11,Trent at Cromwell Lock,01/08/1995 09:35,<,0.02,,3,,120,,5.72,,1.522,,180,,28,,8.80645,,0.051,,0.265,,2015,,2.237,,2.155,,15,,3.63,,122,,210
29043,T11,Trent at Cromwell Lock,08/08/1995 09:15,,0.104,,2,,95,,6.05,,1.007,,130,,24,,8.12903,,0.061,,0.15,,2280,,2.757,,2.668,,13,,4.7,,102,,180
29043,T11,Trent at Cromwell Lock,15/08/1995 09:30,,0.046,,2,,95,,,,1.247,,150,,24,,8.35484,,0.055,,0.191,,2321,,2.688,,2.531,,15,,5.34,,114,,200
29043,T11,Trent at Cromwell Lock,22/08/1995 08:55,,0.094,,2,,100,,6.93,,1.355,,170,,26,,9.03226,,0.068,,0.182,,2408,,2.804,,2.702,,15,,6.48,,124,,200
29043,T11,Trent at Cromwell Lock,30/08/1995 09:00,,0.031,,2,,105,,6.92,,1.512,,150,,24,,9.25806,,0.038,,0.194,,3002,,3.441,,3.297,,15,,5.76,,116,,180
29043,T11,Trent at Cromwell Lock,05/09/1995 09:30,,0.114,,2,,105,,6.19,,1.079,,160,,24,,10.3871,,0.052,,0.173,,2802,,2.921,,2.791,,15,,6.5,,116,,190
29043,T11,Trent at Cromwell Lock,08/09/1995 13:15,,,,2,,110,,7,,1.167,,160,,26,,9.03226,,0.079,,0.133,,2747,,2.934,,2.845,,14,,8.24,,116,,180
29043,T11,Trent at Cromwell Lock,12/09/1995 10:30,<,0.02,,1,,70,,4.5,,2.225,,100,,16,,5.19355,,0.096,,0.303,,1706,,2.141,,1.895,,10,,27.95,,72,,120
29043,T11,Trent at Cromwell Lock,19/09/1995 09:55,,0.134,,1,,95,,5.91,,1.177,,120,,19,,9.03226,,0.111,,0.151,,1999,,2.36,,2.196,,13,,17.5,,90,,170
29043,T11,Trent at Cromwell Lock,26/09/1995 08:30,,0.033,,2,,100,,5.61,,0.934,,120,,24,,7,,0.038,,0.084,,1976,,2.23,,2.155,,10,,6.2,,86,,170
29043,T11,Trent at Cromwell Lock,03/10/1995 08:20,,0.062,,2,,105,,5.23,,0.588,,130,,24,,8.12903,,0.048,,0.075,,2355,,2.558,,2.476,,12,,2.56,,94,,180
29043,T11,Trent at Cromwell Lock,10/10/1995 08:58,,0.08,,1,,100,,5.69,,1.393,,130,,26,,7.90323,,0.058,,0.187,,2411,,2.804,,2.75,,12,,7.91,,102,,190
29043,T11,Trent at Cromwell Lock,17/10/1995 08:57,,0.076,,1,,105,,7.16,,0.616,,140,,24,,7,,0.044,,0.087,,2484,,2.811,,2.688,,12,,9.57,,96,,180
29043,T11,Trent at Cromwell Lock,24/10/1995 10:15,,0.066,,2,,115,,6.08,,0.942,,170,,28,,10.8387,,0.045,,0.145,,2795,,2.914,,2.873,,14,,9.49,,118,,210
29043,T11,Trent at Cromwell Lock,31/10/1995 09:25,,0.143,,1,,90,,5.57,,0.572,,120,,22,,8.35484,,0.087,,,,2077,,2.204,,2.244,,12,,,,90,,160
29043,T11,Trent at Cromwell Lock,07/11/1995 10:00,,0.141,,2,,110,,5.92,,0.967,,160,,26,,10.3871,,0.117,,0.093,,2586,,2.839,,2.681,,13,,4.08,,110,,200
29043,T11,Trent at Cromwell Lock,10/11/1995 09:50,,,,,,,,,,,,,,,,,,,,,,2471,,,,,,,,,,,,
29043,T11,Trent at Cromwell Lock,11/11/1995 09:40,,,,,,,,,,,,,,,,,,,,,,2560,,,,,,,,,,,,
29043,T11,Trent at Cromwell Lock,12/11/1995 09:30,,,,1,,100,,8.93,,2.029,,120,,24,,9.93548,,,,0.168,,2577,,2.9,,2.613,,13,,9.9,,98,,190
29043,T11,Trent at Cromwell Lock,13/11/1995 09:35,,,,,,,,,,,,,,,,,,,,,,2819,,,,,,,,,,,,
29043,T11,Trent at Cromwell Lock,14/11/1995 10:15,,0.305,,1,,80,,6.33,,1.444,,100,,18,,7.67742,,0.086,,0.171,,2128,,2.668,,2.415,,11,,9.08,,76,,150
29043,T11,Trent at Cromwell Lock,15/11/1995 10:00,,,,,,,,,,,,,,,,,,,,,,1815,,,,,,,,,,,,
29043,T11,Trent at Cromwell Lock,16/11/1995 09:40,,,,,,,,,,,,,,,,,,,,,,1649,,,,,,,,,,,,
29043,T11,Trent at Cromwell Lock,17/11/1995 09:45,,,,,,,,,,,,,,,,,,,,,,2132,,,,,,,,,,,,
29043,T11,Trent at Cromwell Lock,21/11/1995 09:45,,0.181,,1,,95,,,,,,100,,24,,9.25806,,0.178,,,,2074,,,,,,11,,,,80,,180
29043,T11,Trent at Cromwell Lock,28/11/1995 09:30,,0.225,,1,,105,,7.96,,1.199,,150,,26,,10.3871,,0.132,,0.13,,2161,,2.469,,2.456,,12,,10.19,,104,,210
29043,T11,Trent at Cromwell Lock,05/12/1995 09:25,,0.09,,1,,85,,7.14,,2.311,,100,,20,,8.35484,,0.099,,0.22,,2011,,2.209,,2.086,,10,,10.14,,76,,160
29043,T11,Trent at Cromwell Lock,12/12/1995 09:46,,0.194,,1,,105,,5.87,,1.238,,130,,24,,11.5161,,0.108,,0.126,,1900,,2.1,,2.066,,11,,11.57,,96,,200
29043,T11,Trent at Cromwell Lock,18/12/1995 10:15,,0.174,,1,,115,,6.51,,1.059,,160,,26,,9.03226,,0.122,,0.128,,2191,,2.627,,2.531,,12,,11.3,,108,,210
29043,T11,Trent at Cromwell Lock,03/01/1996 10:20,,0.649,,0.55,,110,,6.32,,1.581,,100,,26,,10.1613,,0.13,,0.171,,1629,,1.854,,1.696,,9.6,,11.43,,68,,180
29043,T11,Trent at Cromwell Lock,09/01/1996 09:45,,0.605,,0.6,,90,,9.12,,2.868,,99,,19.8,,11.2903,,0.185,,0.316,,1063,,1.416,,1.197,,9,,9.41,,58,,150
29043,T11,Trent at Cromwell Lock,16/01/1996 09:55,,0.226,,0.55,,95,,6.22,,1.742,,91,,15.6,,9.03226,,0.102,,0.15,,1028,,1.163,,1.094,,7.4,,9.97,,50,,150
29043,T11,Trent at Cromwell Lock,23/01/1996 09:53,,0.135,,1.3,,110,,8.17,,1.34,,110,,24,,10.1613,,0.102,,0.134,,1693,,2.141,,1.635,,9.6,,10.85,,70,,190
29043,T11,Trent at Cromwell Lock,30/01/1996 10:55,,0.713,,0.9,,110,,7.6,,2.199,,160,,26,,4.51613,,0.092,,0.246,,1695,,2.011,,1.867,,9.6,,10.8,,108,,180
29043,T11,Trent at Cromwell Lock,06/02/1996 09:42,,0.732,,1.15,,115,,6.42,,1.19,,170,,26,,10.1613,,0.112,,0.147,,2168,,2.469,,2.346,,10.6,,10.97,,108,,190
29043,T11,Trent at Cromwell Lock,13/02/1996 10:45,,0.404,,0.55,,85,,10.99,,11.206,,120,,15.2,,7.90323,,0.085,,1.103,,708,,1.416,,0.793,,5.6,,6.23,,68,,110
29043,T11,Trent at Cromwell Lock,20/02/1996 09:55,,0.601,,0.65,,95,,6.7,,5.503,,90,,16,,10.9516,,0.094,,0.588,,785,,1.245,,0.971,,6.4,,8.13,,58,,120
29043,T11,Trent at Cromwell Lock,27/02/1996 09:39,,0.586,,0.45,,100,,8.07,,3.048,,110,,18.2,,11.2903,,0.092,,0.3,,731,,1.361,,1.135,,6.6,,7.95,,64,,130
29043,T11,Trent at Cromwell Lock,05/03/1996 10:35,,0.309,,0.55,,115,,5.87,,1.263,,110,,24,,11.2903,,0.096,,0.18,,1146,,1.477,,1.402,,7.8,,8.1,,72,,190
29043,T11,Trent at Cromwell Lock,13/03/1996 09:40,,0.525,,1.2,,115,,6.73,,1.461,,130,,24,,11.0645,,0.123,,0.183,,1633,,2.155,,2.004,,9.2,,7.44,,88,,180
29043,T11,Trent at Cromwell Lock,19/03/1996 09:05,,0.679,,0.75,,120,,6.28,,1.273,,150,,26,,10.1613,,0.097,,0.153,,1410,,1.84,,1.71,,9.6,,6.14,,98,,200
29043,T11,Trent at Cromwell Lock,26/03/1996 09:30,,0.322,,0.6,,105,,6.14,,1.407,,120,,22,,10.9516,,0.11,,0.183,,1453,,2.1,,2.066,,9.2,,6.16,,82,,170
29043,T11,Trent at Cromwell Lock,01/04/1996 08:34,,0.057,,0.95,,120,,6.13,,1.183,,130,,26,,10.1613,,0.055,,0.151,,1621,,1.816,,1.75,,11.4,,5.19,,84,,190
29043,T11,Trent at Cromwell Lock,09/04/1996 09:10,<,0.02,,0.75,,115,,6.92,,3.215,,130,,28,,10.1613,,0.036,,0.325,,1959,,2.136,,1.989,,11.6,,0.84,,92,,210
29043,T11,Trent at Cromwell Lock,16/04/1996 09:00,,0.561,,0.55,,90,,8.33,,2.293,,120,,20,,9.93548,,0.225,,0.268,,2231,,2.528,,2.408,,11.2,,2.96,,82,,160
29043,T11,Trent at Cromwell Lock,23/04/1996 08:35,,0.057,,0.9,,110,,6.93,,3.327,,130,,26,,10.1613,,0.078,,0.384,,2039,,2.235,,2.049,,11.8,,2.42,,96,,200
29043,T11,Trent at Cromwell Lock,30/04/1996 08:20,<,0.02,,0.8,,110,,5.92,,2.558,,120,,26,,8.12903,,0.036,,0.425,,1644,,1.923,,1.703,,11,,0.08,,92,,180
29043,T11,Trent at Cromwell Lock,08/05/1996 08:51,<,0.02,,0.85,,120,,8.87,,4.056,,130,,30,,8.58065,,0.046,,0.723,,1888,,2.302,,2.076,,13,,0.07,,106,,190
29043,T11,Trent at Cromwell Lock,14/05/1996 09:00,<,0.02,,0.75,,120,,6.5,,3.97,,140,,28,,10.2742,,0.045,,0.636,,2199,,2.821,,2.289,,13.4,,0.03,,104,,210
29043,T11,Trent at Cromwell Lock,17/05/1996 09:20,,,,,,,,,,,,,,,,,,,,,,2380,,,,,,,,,,,,
29043,T11,Trent at Cromwell Lock,18/05/1996 09:20,,,,,,,,,,,,,,,,,,,,,,2339,,,,,,,,,,,,
29043,T11,Trent at Cromwell Lock,19/05/1996 09:15,,,,,,,,,,,,,,,,,,,,,,2403,,,,,,,,,,,,
29043,T11,Trent at Cromwell Lock,20/05/1996 09:30,,,,,,,,,,,,,,,,,,,,,,2586,,,,,,,,,,,,
29043,T11,Trent at Cromwell Lock,21/05/1996 09:40,<,0.02,,0.85,,120,,9.67,,2.19,,150,,28,,10.2742,,0.071,,0.324,,2653,,3.114,,2.854,,13.4,,0.16,,116,,220
29043,T11,Trent at Cromwell Lock,22/05/1996 08:50,,,,,,,,,,,,,,,,,,,,,,2581,,,,,,,,,,,,
29043,T11,Trent at Cromwell Lock,23/05/1996 09:30,,,,,,,,,,,,,,,,,,,,,,2553,,,,,,,,,,,,
29043,T11,Trent at Cromwell Lock,24/05/1996 09:15,,,,,,,,,,,,,,,,,,,,,,2568,,,,,,,,,,,,
29043,T11,Trent at Cromwell Lock,29/05/1996 08:45,,0.072,,0.85,,110,,6.64,,3.342,,120,,24,,8.46774,,0.118,,0.336,,2062,,2.295,,2.109,,13,,4.22,,100,,170
29043,T11,Trent at Cromwell Lock,04/06/1996 08:35,<,0.02,,0.75,,120,,4.65,,,,130,,28,,9.70968,,0.073,,,,2235,,0.412,,0.399,,12.6,,3.37,,104,,200
29043,T11,Trent at Cromwell Lock,11/06/1996 08:39,<,0.02,,0.65,,110,,7.06,,3.011,,130,,26,,9.03226,,0.088,,0.553,,2395,,2.834,,2.568,,13,,2.86,,106,,200
29043,T11,Trent at Cromwell Lock,18/06/1996 09:20,<,0.02,,0.95,,110,,9.095,,3.011,,150,,24,,8.24194,,0.091,,0.457,,2260,,2.69,,2.56,,12.2,,4.77,,110,,190
29043,T11,Trent at Cromwell Lock,25/06/1996 08:30,<,0.02,,1.2,,125,,6.979,,1.875,,190,,28,,8.69355,,0.053,,0.207,,2404,,2.78,,2.66,,14,,4.95,,132,,220
29043,T11,Trent at Cromwell Lock,02/07/1996 09:00,,,,1.55,,115,,7.396,,1.625,,180,,26,,10.9516,,0.0759,,0.15,,2837,,3.13,,2.99,,14.8,,4.56,,136,,230
29043,T11,Trent at Cromwell Lock,09/07/1996 08:40,,0.101,,1.2,,105,,6.878,,0.91,,150,,24,,8.91935,,0.1036,,0.08,,2629,,2.97,,2.92,,13.6,,7.13,,110,,190
29043,T11,Trent at Cromwell Lock,16/07/1996 09:20,,0.085,,1.1,,105,,6.637,,1.987,,170,,26,,8.24194,,0.04097,,0.27,,2422,,2.67,,2.5,,13.2,,4.66,,124,,210
29043,T11,Trent at Cromwell Lock,23/07/1996 09:25,,0.116,,1.2,,115,,7.48,,1.347,,170,,26,,6.20968,,0.04097,,0.169,,2631,,3.02,,2.88,,15,,2.85,,132,,230
29043,T11,Trent at Cromwell Lock,30/07/1996 08:40,,0.142,,1.55,,115,,7.277,,1.423,,200,,26,,8.46774,,0.04933,,0.142,,2756,,3.11,,2.96,,14.8,,6.26,,136,,220
29043,T11,Trent at Cromwell Lock,06/08/1996 09:30,,0.151,,1.05,,105,,8.217,,1.179,,180,,24,,9.70968,,0.04567,,0.14,,2945,,3.27,,3.21,,14.8,,7.16,,130,,210
29043,T11,Trent at Cromwell Lock,13/08/1996 08:38,,0.177,,0.9,,85,,8.713,,1.538,,150,,19.6,,6.32258,,0.10485,,0.113,,2066,,2.47,,2.3,,12.2,,6.98,,110,,170
29043,T11,Trent at Cromwell Lock,20/08/1996 09:00,,0.073,,0.95,,95,,6.976,,1.194,,170,,24,,7,,0.041,,0.243,,2053,,2.35,,2.29,,12.2,,5.52,,124,,200
29043,T11,Trent at Cromwell Lock,27/08/1996 09:30,,0.282,,0.8,,90,,6.946,,2.139,,140,,22,,9.93548,,0.118,,0.246,,3023,,3.41,,3.31,,14.4,,7.54,,116,,180
29043,T11,Trent at Cromwell Lock,03/09/1996 09:05,,0.126,,1.1,,100,,6.836,,3.304,,130,,22,,6.8871,,0.033,,0.358,,2135,,2.5,,2.27,,11.2,,7.73,,96,,170
29043,T11,Trent at Cromwell Lock,11/09/1996 08:21,,0.133,,0.75,,105,,5.65,,0.871,,160,,26,,9.37097,,0.034,,0.106,,2700,,2.887,,2.768,,13,,7.29,,126,,200
29043,T11,Trent at Cromwell Lock,17/09/1996 08:35,,0.214,,0.75,,105,,9.21,,0.736,,180,,26,,9.59677,,0.035,,0.086,,2882,,3.233,,2.874,,14.2,,7.29,,138,,210
29043,T11,Trent at Cromwell Lock,24/09/1996 08:35,,0.141,,1.45,,115,,6.99,,0.939,,190,,26,,10.2742,,0.037,,0.13,,2833,,3.074,,3.007,,15.4,,6.62,,144,,220
29043,T11,Trent at Cromwell Lock,01/10/1996 09:20,,0.201,,0.65,,120,,6.93,,1.01,,200,,28,,11.0645,,0.1,,0.116,,3104,,3.326,,3.28,,16.2,,7.58,,148,,220
29043,T11,Trent at Cromwell Lock,08/10/1996 08:40,,0.082,,0.95,,120,,7.99,,0.928,,180,,24,,9.82258,,0.072,,0.097,,2695,,3.007,,2.894,,14.6,,8.37,,126,,210
29043,T11,Trent at Cromwell Lock,15/10/1996 09:10,,0.092,,0.85,,120,,7.44,,0.987,,180,,26,,10.5,,,,0.139,,2928,,3.153,,3.094,,15.6,,9.24,,128,,190
29043,T11,Trent at Cromwell Lock,20/10/1996 09:20,,0.239,,0.7,,120,,8.02,,1.636,,190,,26,,9.25806,,,,0.174,,3320,,3.3,,3.22,,15.4,,8.53,,136,,210
29043,T11,Trent at Cromwell Lock,29/10/1996 10:00,,0.162,,0.7,,100,,6.019,,1.175,,140,,24,,9.70968,,0.05,,0.099,,2682,,2.907,,2.788,,13.6,,9.29,,110,,180
29043,T11,Trent at Cromwell Lock,05/11/1996 10:10,,0.198,,0.5,,82,,7.418,,1.438,,124,,19.2,,8.35484,,0.117,,0.095,,2083,,2.588,,2.468,,11.6,,10.96,,90,,152
29043,T11,Trent at Cromwell Lock,12/11/1996 10:15,,0.166,,0.6,,83,,7.03,,1.588,,124,,18.9,,7.67742,,0.086,,0.081,,2118,,2.834,,2.688,,11.4,,9.58,,90,,152
29043,T11,Trent at Cromwell Lock,19/11/1996 10:30,,0.279,,0.6,,96,,5.904,,1.755,,140,,22,,7.90323,,0.121,,0.146,,2223,,2.621,,2.482,,12.2,,9.2,,107,,160
29043,T11,Trent at Cromwell Lock,26/11/1996 10:15,,0.45,,0.4,,93,,7.041,,5.156,,148,,20,,6.77419,,0.11,,0.501,,1240,,1.743,,1.397,,9.8,,8.76,,97,,164
29043,T11,Trent at Cromwell Lock,03/12/1996 10:20,,0.508,,0.2,,77,,6.257,,2.252,,90,,14.1,,7.67742,,0.108,,0.199,,726,,0.998,,0.812,,7.1,,8.05,,58,,111
29043,T11,Trent at Cromwell Lock,10/12/1996 10:10,,0.478,,0.25,,93,,5.966,,0.719,,93,,18.1,,8.35484,,0.104,,0.075,,1875,,1.098,,1.031,,8,,9.12,,61,,138
29043,T11,Trent at Cromwell Lock,16/12/1996 10:05,,0.847,,0.6,,102,,4.953,,0.585,,124,,20,,7.67742,,0.117,,0.055,,1561,,1.776,,1.723,,9.4,,9.83,,76,,164
29043,T11,Trent at Cromwell Lock,20/12/1996 02:00,,0.00042,,0.75,,99,,,,,,136,,22,,6.77419,,,,,,,,,,,,10.5,,,,89,,176
29043,T11,Trent at Cromwell Lock,20/12/1996 12:00,,0.0004,,0.45,,91,,,,,,120,,19.7,,6.77419,,,,,,,,,,,,9.9,,,,77,,156
29043,T11,Trent at Cromwell Lock,21/12/1996 02:00,,0.0007,,0.25,,74,,,,,,90,,15.4,,5.64516,,,,,,,,,,,,8.6,,,,58,,111
29043,T11,Trent at Cromwell Lock,21/12/1996 18:00,,0.00016,,0.15,,63,,,,,,66,,12.6,,2.57419,,,,,,,,,,,,6.9,,,,40,,93
29043,T11,Trent at Cromwell Lock,07/01/1997 10:15,,0.00052,,0.4,,111,,6.621,,0.576,,180,,24,,9.70968,,0.103,,0.06,,1261,,2.122,,1.989,,10.3,,10.13,,112,,192
29043,T11,Trent at Cromwell Lock,14/01/1997 10:15,,0.00078,,0.4,,107,,6.769,,0.716,,156,,24,,10.6129,,0.115,,0.061,,1607,,2.348,,0.027,,10.9,,10.63,,106,,196
29043,T11,Trent at Cromwell Lock,21/01/1997 09:50,<,0.00004,,0.4,,107,,6.356,,0.933,,150,,24,,9.03226,,0.117,,0.099,,1530,,2.309,,2.229,,11.2,,10.16,,100,,195
29043,T11,Trent at Cromwell Lock,28/01/1997 10:20,<,0.00004,,0.5,,109,,6.398,,0.713,,160,,24,,11.2903,,0.111,,0.081,,1248,,2.036,,1.903,,9.9,,9.12,,100,,195
29043,T11,Trent at Cromwell Lock,04/02/1997 09:55,<,0.00004,,0.55,,112,,3.558,,2.544,,145,,25,,9.93548,,0.048,,0.24,,1470,,2.475,,2.249,,10.8,,5.57,,96,,210
29043,T11,Trent at Cromwell Lock,11/02/1997 09:40,<,0.00004,,0.6,,104,,5.769,,2.727,,165,,24,,8.58065,,0.097,,0.176,,1352,,2.395,,2.342,,10.6,,8.12,,109,,195
29044,C9,Calder at Methley Bridge,07/09/1993 12:05,,,,1.75,,50.9,,12.05,,3.604,,160,,12.8,,6.32258,,,,0.324,,,,1.909,,1.608,,21.7,,8.82,,161.9,,200
29044,C9,Calder at Methley Bridge,14/09/1993 13:40,,,,0.15,,24.6,,6.37,,7.651,,32,,6,,3.11613,,,,0.616,,,,0.46,,0.15,,4.9,,6.22,,24.4,,52
29044,C9,Calder at Methley Bridge,21/09/1993 13:20,,,,1.05,,38.3,,5.84,,2.271,,66,,10.6,,4.74194,,,,0.419,,,,0.61,,0.49,,8,,8.22,,56,,96
29044,C9,Calder at Methley Bridge,28/09/1993 12:15,,,,1.15,,46,,8.13,,4.229,,92,,12.4,,4.47097,,,,0.231,,,,0.985,,0.636,,13.6,,8.44,,88.4,,136
29044,C9,Calder at Methley Bridge,05/10/1993 12:30,,,,0.55,,42.3,,6.08,,1.977,,60,,11.4,<,0.112903,,,,0.192,,,,0.731,,0.616,,8.8,,8.16,,57.3,,100
29044,C9,Calder at Methley Bridge,11/10/1993 12:48,,,,0.65,,46.6,,7.27,,2.049,,76,,13.4,,5.19355,,,,0.142,,,,0.636,,0.517,,11.2,,8.66,,71.8,,116
29044,C9,Calder at Methley Bridge,18/10/1993 13:10,,,,1.15,,44.1,,7.36,,1.546,,84,,13,,5.19355,,,,0.078,,,,0.684,,0.565,,11.2,,11.2,,77.6,,135
29044,C9,Calder at Methley Bridge,25/10/1993 13:10,,,,2.15,,47.5,,11.44,,3.688,,116,,13.8,,5.64516,,,,0.204,,,,1.159,,0.789,,15.7,,9.34,,112.2,,176
29044,C9,Calder at Methley Bridge,01/11/1993 14:27,,,,2.25,,51.2,,10.17,,1.949,,115,,14.2,,2.16774,,,,0.173,,,,1.283,,1.09,,20.1,,9.25,,116.3,,185
29044,C9,Calder at Methley Bridge,08/11/1993 13:25,,,,2.1,,57.9,,11.28,,2.081,,132,,14.7,,2.70968,,,,0.192,,,,1.365,,1.148,,22.2,,9.55,,134.3,,216
29044,C9,Calder at Methley Bridge,15/11/1993 11:00,,,,0.25,,29.5,,7.9,,3.318,,47,,8,,3.3871,,,,0.185,,,,0.532,,0.386,,7.2,,6.79,,39.2,,80
29044,C9,Calder at Methley Bridge,22/11/1993 13:35,,,,0.55,,48.1,,11.13,,2.64,,116,,13.8,,5.19355,,,,0.221,,,,0.951,,0.751,,13.3,,8.63,,111.9,,164
29044,C9,Calder at Methley Bridge,29/11/1993 10:45,,,,1.25,,51.8,,12.13,,2.342,,160,,14.2,,0.316129,,,,0.197,,,,1.125,,0.936,,16.2,,9.07,,145.3,,165
29044,C9,Calder at Methley Bridge,06/12/1993 11:05,,,,0.3,,36.3,,6.84,,2.934,,90,,9.9,,3.34194,,,,0.295,,,,0.798,,0.628,,9.7,,7.67,,79,,96
29044,C9,Calder at Methley Bridge,13/12/1993 10:50,,,,0.25,,35.1,,3.76,,6.49,,152,,9.3,,3.97419,,,,0.62,,,,0.624,,0.274,,6.4,,8.42,,107.1,,76
29044,C9,Calder at Methley Bridge,20/12/1993 10:57,,,,0.15,,23.7,,3.71,,4.111,,38,,6.6,,2.70968,,,,0.341,,,,0.338,,0.167,,4.1,,5.77,,27.5,,50
29044,C9,Calder at Methley Bridge,04/01/1994 12:10,,,,0.25,,25.3,,4.02,,4.914,,50,,7.1,,2.70968,,,,0.388,,,,0.421,,0.171,,4.2,,5.71,,35.2,,50
29044,C9,Calder at Methley Bridge,10/01/1994 11:35,,,,0.65,,46,,4.35,,2.009,,114,,13.8,,3.6129,,,,0.175,,,,0.498,,0.391,,8,,8.05,,88.1,,117
29044,C9,Calder at Methley Bridge,17/01/1994 15:30,,,,0.7,,41.7,,5.59,,1.958,,75,,12.3,,2.84516,,,,0.164,,,,0.52,,0.384,,9.3,,7.72,,61.6,,105
29044,C9,Calder at Methley Bridge,24/01/1994 11:30,,,,0.3,,23.8,,4.01,,3.796,,43,,6.8,,2.39355,,,,0.312,,,,0.435,,0.226,,4.5,,5.69,,34.5,,56
29044,C9,Calder at Methley Bridge,31/01/1994 11:15,,,,0.5,,37.9,,3.91,,2.291,,90,,11.1,,3.07097,,,,0.197,,,,0.396,,0.265,,11.5,,7.93,,63.8,,86
29044,C9,Calder at Methley Bridge,07/02/1994 13:23,,,,0.95,,42.3,,4.61,,2.136,,93,,12.6,,3.74839,,,,0.201,,,,0.45,,0.296,,8.8,,8.5,,71.6,,105
29044,C9,Calder at Methley Bridge,14/02/1994 13:15,,,,1.1,,50,,7.26,,3.144,,112,,15.9,,4.51613,,,,0.276,,,,0.709,,0.505,,13.3,,8.32,,94.8,,152
29044,C9,Calder at Methley Bridge,21/02/1994 13:30,,,,1.1,,58,,7.76,,1.205,,220,,19.2,,4.62903,,,,0.14,,,,0.812,,0.626,,17.4,,8.66,,154,,220
29044,C9,Calder at Methley Bridge,28/02/1994 12:30,,,,0.25,,31,,5.25,,5.797,,84,,7.2,,3.6129,,,,0.411,,,,0.62,,0.144,,4.6,,5,,44,,72
29044,C9,Calder at Methley Bridge,08/03/1994 12:15,,,,1.05,,45,,5.28,,2,,90,,14,,3.95161,,,,0.19,,,,0.64,,0.468,,9.4,,7.17,,83,,110
29044,C9,Calder at Methley Bridge,14/03/1994 11:45,,,,0.45,,25,,4.62,,4.115,,61,,7.8,,2.48387,,,,0.263,,,,0.607,,0.267,,5.4,,5.23,,48,,63
29044,C9,Calder at Methley Bridge,22/03/1994 12:30,,,,0.55,,40,,4.76,,0.938,,96,,12.4,,4.06452,,,,0.047,,,,0.599,,0.502,,7.6,,6.28,,73,,105
29044,C9,Calder at Methley Bridge,29/03/1994 12:20,,,,0.7,,35.5,,4.56,,1.431,,84,,11.2,,3.83871,,,,0.128,,,,0.661,,0.599,,7.6,,6.69,,68,,105
29044,C9,Calder at Methley Bridge,05/04/1994 12:55,,,,0.45,,21,,3.99,,2.634,,50,,6.6,,2.37097,,,,0.264,,,,0.431,,0.268,,4.8,,4.9,,39,,58
29044,C9,Calder at Methley Bridge,12/04/1994 13:10,,,,0.5,,31.5,,4.04,,1.673,,76,,10.2,,3.04839,,,,0.217,,,,0.497,,0.393,,7.2,,5.71,,60,,81
29044,C9,Calder at Methley Bridge,19/04/1994 09:05,,,,0.55,,55,,6.25,,1.527,,101,,19.4,,4.96774,,,,0.148,,,,0.781,,0.64,,13.6,,6.93,,92,,125
29044,C9,Calder at Methley Bridge,26/04/1994 11:30,,,,1.35,,53,,6.97,,,,110,,14.6,,4.85484,,,,,,,,1.041,,0.87,,13.2,,6.75,,114,,160
29044,C9,Calder at Methley Bridge,03/05/1994 10:15,,,,1.6,,63,,8.28,,2.211,,130,,18.6,,5.30645,,,,0.236,,,,1.101,,0.895,,19,,6.53,,134,,180
29044,C9,Calder at Methley Bridge,10/05/1994 11:35,,,,1.8,,60,,9.22,,1.998,,120,,17.4,,5.53226,,,,0.192,,,,1.427,,1.182,,20,,6.53,,150,,190
29044,C9,Calder at Methley Bridge,17/05/1994 11:15,,,,0.55,,45,,6.31,,2.934,,73,,13,,4.17742,,,,0.357,,,,0.746,,0.546,,9.8,,4.62,,76,,100
29044,C9,Calder at Methley Bridge,24/05/1994 11:10,,,,0.85,,40.5,,7.42,,1.818,,74,,11.8,,5.41935,,,,0.183,,,,0.773,,0.639,,10.2,,5.97,,70,,120
29044,C9,Calder at Methley Bridge,01/06/1994 11:06,,,,2.05,,55,,9.14,,2.008,,110,,14.8,,6.54839,,,,0.193,,,,1.071,,0.899,,16,,7.26,,110,,170
29044,C9,Calder at Methley Bridge,07/06/1994 10:55,,,,3.55,,54,,8.65,,2.036,,100,,15.4,,9.82258,,,,0.233,,,,1.349,,1.059,,13.8,,6.71,,102,,150
29044,C9,Calder at Methley Bridge,14/06/1994 11:30,,,,1.2,,65,,13.44,,2.914,,120,,14.8,,6.8871,,,,0.338,,,,1.471,,1.181,,20,,7.29,,140,,210
29044,C9,Calder at Methley Bridge,21/06/1994 12:35,,,,2.15,,65,,13.26,,2.839,,140,,15.4,,6.43548,,,,0.294,,,,1.696,,1.376,,28,,7.93,,158,,240
29044,C9,Calder at Methley Bridge,27/06/1994 11:18,,,,2.25,,50,,12.77,,4.543,,110,,11.6,,4.17742,,,,0.391,,965,,1.301,,1.17,,19.2,,7.96,,120,,180
29044,C9,Calder at Methley Bridge,05/07/1994 11:45,,,,2.15,,60,,12.92,,3.9,,140,,14,,5.19355,,,,0.381,,1074,,1.761,,1.353,,24,,8.3,,154,,210
29044,C9,Calder at Methley Bridge,12/07/1994 11:20,,,,1.3,,60,,12.27,,2.609,,120,,13.4,,4.62903,,,,0.334,,1116,,1.696,,1.416,,20,,9.03,,128,,190
29044,C9,Calder at Methley Bridge,19/07/1994 10:35,,,,2.65,,65,,14.75,,2.092,,150,,13.8,,4.85484,,,,0.247,,1550,,2.225,,1.958,,24,,9.34,,176,,250
29044,C9,Calder at Methley Bridge,25/07/1994 11:37,,,,2,,50,,9.96,,3.502,,120,,12.2,,5.53226,,,,0.324,,1441,,1.979,,1.679,,19.4,,7.11,,134,,160
29044,C9,Calder at Methley Bridge,02/08/1994 11:40,,,,1.8,,40,,7.59,,3.108,,90,,10,,4.85484,,,,0.406,,1126,,1.442,,1.207,,12.2,,7.28,,88,,120
29044,C9,Calder at Methley Bridge,08/08/1994 11:33,,,,2.4,,45,,9.83,,2.345,,99,,12.2,,4.96774,,,,0.271,,972,,1.604,,1.334,,19.4,,8.55,,110,,130
29044,C9,Calder at Methley Bridge,17/08/1994 10:15,,,,3.5,,60,,13.47,,2.47,,130,,13.2,,5.30645,,,,0.222,,1691,,1.989,,1.724,,26,,9.24,,160,,200
29044,C9,Calder at Methley Bridge,23/08/1994 12:07,,,,2.15,,60,,14.64,,,,130,,13,,5.30645,,,,,,1698,,2.008,,1.728,,22,,8.97,,146,,210
29044,C9,Calder at Methley Bridge,30/08/1994 11:32,,,,2.55,,60,,13.98,,4.48,,120,,10.8,,5.19355,,,,0.413,,1340,,1.739,,1.536,,22,,8.31,,136,,210
29044,C9,Calder at Methley Bridge,01/09/1994 11:37,,,,2.05,,45,,8.74,,2.213,,90,,10.2,,4.96774,,,,0.217,,1255,,1.577,,1.327,,13.6,,7.56,,102,,150
29044,C9,Calder at Methley Bridge,06/09/1994 11:45,,,,1.45,,45,,7.61,,2.213,,90,,10.8,,4.29032,,,,0.182,,1052,,1.495,,1.293,,16.4,,8.03,,100,,130
29044,C9,Calder at Methley Bridge,12/09/1994 16:00,,,,0.95,,37,,,,2.252,,81,,8.8,,4.17742,,,,0.143,,954,,,,,,13.4,,,,84,,110
29044,C9,Calder at Methley Bridge,13/09/1994 08:00,,,,0.85,,34,,7.73,,3.682,,67,,8.4,,3.83871,,,,0.285,,879,,1.175,,0.922,,11,,7.02,,36,,50
29044,C9,Calder at Methley Bridge,16/09/1994 06:10,,,,0.2,,21.5,,,,5.808,,36,,5.4,,1.91935,,,,0.407,,117,,,,,,5.6,,,,34,,52
29044,C9,Calder at Methley Bridge,20/09/1994 12:37,,,,0.7,,36,,6.1,,2.449,,77,,9.4,,3.72581,,,,2.279,,724,,0.982,,0.787,,11.8,,8.27,,70,,100
29044,C9,Calder at Methley Bridge,27/09/1994 12:05,,,,0.85,,33.5,,7.02,,1.334,,87,,8.8,,4.96774,,,,0.143,,573,,0.925,,0.843,,10,,7.55,,78,,100
29044,C9,Calder at Methley Bridge,04/10/1994 12:12,,,,0.6,,26.5,,7.41,,2.75,,48,,7,,2.93548,,,,0.285,,583,,0.87,,0.658,,6.8,,6.9,,44,,71
29044,C9,Calder at Methley Bridge,11/10/1994 12:10,,,,1.15,,38.5,,7.69,,1.087,,83,,10.8,,4.17742,,,,0.1,,1929,,1.211,,0.987,,13,,8.47,,86,,110
29044,C9,Calder at Methley Bridge,18/10/1994 11:55,,,,0.9,,50,,11.54,,1.406,,100,,12,,5.19355,,,,0.108,,1713,,1.713,,1.481,,16.8,,9,,120,,170
29044,C9,Calder at Methley Bridge,25/10/1994 12:39,,,,0.6,,23.5,,7.74,,3.696,,41,,6.6,,2.70968,,,,0.313,,520,,0.766,,0.539,,7.6,,6.34,,38,,61
29044,C9,Calder at Methley Bridge,01/11/1994 12:30,,,,0.45,,26,,5.7,,4.077,,44,,6.8,,2.93548,,,,0.443,,767,,0.674,,0.429,,7,,7,,38,,61
29044,C9,Calder at Methley Bridge,08/11/1994 13:20,,,,0.7,,35,,5.42,,2.106,,73,,9.6,,4.74194,,,,0.248,,473,,0.617,,0.498,,7.2,,8.25,,46,,90
29044,C9,Calder at Methley Bridge,13/11/1994 12:10,,,,0.3,,30.5,,5.34,,5.448,,48,,8.4,,3.6129,,,,0.5,,260,,0.658,,0.306,,6.4,,7.97,,38,,67
29044,C9,Calder at Methley Bridge,14/11/1994 15:35,,,<,0.1,,14.5,,5.58,,27.405,,25,,4.4,,2.25806,,,,1.951,,61,,1.247,,0.159,,4,,6.04,,18.8,,35
29044,C9,Calder at Methley Bridge,22/11/1994 12:55,,,,0.4,,27,,4.89,,2.707,,41,,8.2,,3.16129,,,,0.282,,256,,0.451,,0.369,,5.4,,15.61,,32,,61
29044,C9,Calder at Methley Bridge,29/11/1994 14:22,,,,0.85,,38.5,,6.09,,2.085,,64,,12.2,,4.17742,,,,0.24,,551,,2.551,,2.358,,8.6,,9.14,,56,,99
29044,C9,Calder at Methley Bridge,06/12/1994 12:55,,,,0.45,,22,,6.8,,7.254,,50,,7,,3.5,,,,0.616,,342,,0.729,,0.424,,6.6,,7.6,,36,,74
29044,C9,Calder at Methley Bridge,13/12/1994 14:05,,,,0.35,,50,,4.19,,2.746,,55,,8.8,,3.27419,,,,0.264,,341,,0.479,,0.395,,7,,7.89,,40,,70
29044,C9,Calder at Methley Bridge,20/12/1994 15:20,,,,0.75,,31,,4.94,,3.499,,77,,9.2,,3.6129,,,,0.283,,359,,0.616,,0.402,,6.2,,7.37,,56,,81
29044,C9,Calder at Methley Bridge,04/01/1995 14:15,,,,0.3,,32,,3.22,,1.588,,52,,10.4,,4.62903,,,,0.152,,577,,0.515,,0.405,,5.4,,8.46,,36,,77
29044,C9,Calder at Methley Bridge,10/01/1995 12:40,,,,0.7,,33.5,,3.76,,3.448,,70,,9.8,,4.06452,,,,0.354,,343,,2.173,,1.987,,8.2,,7.8,,56,,98
29044,C9,Calder at Methley Bridge,17/01/1995 13:48,,,,1.7,,38,,5.14,,2.209,,72,,11.2,,4.06452,,,,0.269,,441,,0.747,,0.583,,8,,8.08,,60,,110
29044,C9,Calder at Methley Bridge,24/01/1995 11:12,,,,0.25,,23,,3.95,,12.476,,59,,6.6,,2.59677,,,,1.152,,105,,0.511,,0.195,,4.4,,5.84,,38,,47
29044,C9,Calder at Methley Bridge,29/01/1995 14:00,,,,0.15,,24,,3.37,,7.664,,52,,6.4,,3.16129,,,,0.476,,49,,0.421,,0.075,,3.6,,5.46,,30,,43
29044,C9,Calder at Methley Bridge,01/02/1995 09:25,,,<,0.1,,13,,,,,,27,,3.4,,1.46774,,,,,,37,,,,,,2.8,,,,19.6,,25
29044,C9,Calder at Methley Bridge,07/02/1995 14:03,,,,0.55,,40,,3.31,,1.749,,74,,13.6,,4.51613,,,,0.236,,426,,1.512,,1.341,,7.4,,8.69,,54,,100
29044,C9,Calder at Methley Bridge,12/02/1995 13:50,,,,0.15,,14,,4.4,,5.732,,36,,4.6,,1.80645,,,,0.374,,82,,0.323,,0.113,,3.4,,5.74,,24,,41
29044,C9,Calder at Methley Bridge,14/02/1995 15:55,,,,0.45,,26,,4.69,,2.889,,46,,8,,2.70968,,,,0.251,,134,,0.412,,0.251,,5.2,,6.77,,34,,63
29044,C9,Calder at Methley Bridge,21/02/1995 13:42,,,,0.45,,23,,3.64,,2.825,,63,,7.6,,2.93548,,,,0.229,,93,,0.337,,0.183,,5.6,,7.32,,42,,60
29044,C9,Calder at Methley Bridge,23/02/1995 10:35,,,,,,,,,,8.092,,,,,,,,,,0.465,,,,,,,,,,,,,,
29044,C9,Calder at Methley Bridge,23/02/1995 11:25,,,,0.25,,27,,,,,,55,,6.4,,2.37097,,,,,,114,,,,,,4.6,,,,36,,53
29044,C9,Calder at Methley Bridge,27/02/1995 12:55,,,,0.6,,39,,3.05,,1.73,,62,,13,,4.29032,,,,0.104,,243,,0.505,,0.428,,7,,7.44,,48,,100
29044,C9,Calder at Methley Bridge,07/03/1995 14:44,,,,0.8,,32,,5.4,,2.375,,88,,10,,3.6129,,,,0.255,,228,,0.484,,0.315,,6.2,,7.72,,60,,80
29044,C9,Calder at Methley Bridge,14/03/1995 12:38,,,,0.4,,33,,,,,,71,,10.4,,3.27419,,,,,,390,,,,,,6.4,,,,55,,93
29044,C9,Calder at Methley Bridge,14/03/1995 14:44,,,,,,,,3.67,,1.262,,,,,,,,,,0.117,,,,0.621,,0.504,,,,7.56,,,,
29044,C9,Calder at Methley Bridge,22/03/1995 13:15,,,,0.75,,43,,5.75,,1.899,,90,,12.6,,3.72581,,0.103,,0.162,,338,,0.958,,0.771,,9,,8.04,,77,,115
29044,C9,Calder at Methley Bridge,28/03/1995 13:55,,,,1.2,,36,,5,,2.31,,83,,10.2,,2.82258,,0.105,,0.302,,370,,0.811,,0.638,,7.8,,6.8,,69,,95
29044,C9,Calder at Methley Bridge,04/04/1995 11:34,,,,0.7,,40,,6,,1.955,,91,,12.6,,3.5,,0.126,,0.164,,562,,0.793,,0.667,,9.6,,13.32,,82,,115
29044,C9,Calder at Methley Bridge,11/04/1995 11:10,,2.235,,1.85,,45,,4.72,,1.533,,110,,13.6,,3.95161,,0.208,,0.185,,758,,1.086,,0.901,,14.6,,8.2,,110,,150
29044,C9,Calder at Methley Bridge,19/04/1995 11:25,,2.081,,1.75,,50,,8.56,,2.512,,110,,13.4,,5.30645,,0.217,,0.296,,681,,1.616,,1.354,,14.6,,7.44,,108,,150
29044,C9,Calder at Methley Bridge,25/04/1995 11:40,,1.785,,2,,40,,6.77,,2.209,,96,,11,,2.48387,,0.145,,0.205,,445,,0.729,,0.554,,9,,6.36,,80,,100
29044,C9,Calder at Methley Bridge,02/05/1995 11:20,,2.717,,2,,60,,11.83,,2.319,,130,,15,,4.96774,,0.297,,0.24,,804,,1.177,,0.896,,20,,6.48,,134,,200
29044,C9,Calder at Methley Bridge,10/05/1995 10:50,,2.99,,2,,60,,11.77,,2.709,,130,,15,,4.74194,,0.413,,0.32,,1228,,1.833,,1.378,,20,,5.28,,142,,180
29044,C9,Calder at Methley Bridge,16/05/1995 11:21,,3.051,,2,,60,,13.9,,2.595,,130,,15,,5.19355,,0.31,,0.298,,1001,,1.549,,1.289,,20,,5.36,,146,,180
29044,C9,Calder at Methley Bridge,23/05/1995 10:35,,2.168,,1,,50,,11.29,,1.842,,100,,13,,4.06452,,0.212,,0.319,,907,,1.409,,1.183,,16,,6.64,,114,,140
29044,C9,Calder at Methley Bridge,31/05/1995 11:10,,2.875,,1,,50,,11.96,,1.522,,110,,13,,4.96774,,0.316,,0.207,,1052,,1.607,,1.313,,19,,4.88,,120,,180
29044,C9,Calder at Methley Bridge,06/06/1995 12:50,,2.907,,2,,55,,11.93,,1.06,,120,,13,,6.32258,,0.329,,0.139,,1278,,1.659,,1.443,,19,,5.64,,136,,170
29044,C9,Calder at Methley Bridge,13/06/1995 11:16,,2.787,,1,,55,,13.91,,1.646,,150,,14,,4.74194,,0.505,,0.164,,1319,,1.79,,1.601,,18,,7.76,,158,,210
29044,C9,Calder at Methley Bridge,20/06/1995 09:00,,3.094,,1,,60,,14.69,,2.64,,160,,15,,5.19355,,0.595,,0.302,,1440,,2.134,,1.847,,22,,8.44,,174,,240
29044,C9,Calder at Methley Bridge,27/06/1995 11:40,,2.859,,3,,55,,15.57,,3.28,,160,,14,,4.96774,,0.775,,0.323,,1683,,2.223,,1.922,,30,,8.6,,178,,220
29044,C9,Calder at Methley Bridge,04/07/1995 08:15,,3,,1,,60,,,,2.559,,190,,18,,5.64516,,0.752,,0.337,,1952,,,,,,32,,,,188,,230
29044,C9,Calder at Methley Bridge,11/07/1995 11:10,,1.895,,2,,60,,15.77,,4.164,,180,,19,,5.41935,,0.674,,0.518,,1912,,2.428,,2.12,,26,,6.04,,194,,250
29044,C9,Calder at Methley Bridge,18/07/1995 08:00,,2.634,,4,,55,,16.75,,2.379,,160,,17,,4.29032,,0.518,,0.29,,1957,,2.722,,2.189,,24,,8.6,,174,,230
29044,C9,Calder at Methley Bridge,25/07/1995 11:57,,1.498,,4,,60,,15.64,,4.146,,170,,13,,5.19355,,0.626,,0.512,,1727,,2.066,,1.956,,24,,8.56,,172,,210
29044,C9,Calder at Methley Bridge,01/08/1995 11:50,,1.498,,3,,55,,12.03,,1.889,,160,,13,,7.22581,,0.757,,0.265,,1703,,2.51,,2.38,,20,,7.6,,158,,170
29044,C9,Calder at Methley Bridge,08/08/1995 11:45,,0.775,,2,,50,,9.72,,2.045,,110,,12,,6.54839,,0.535,,0.283,,1628,,1.97,,1.792,,16,,8.68,,120,,150
29044,C9,Calder at Methley Bridge,15/08/1995 11:30,,0.945,,3,,50,,,,2.16,,150,,13,,6.77419,,0.595,,0.247,,1716,,2.237,,2.038,,20,,8.96,,152,,190
29044,C9,Calder at Methley Bridge,30/08/1995 11:20,,0.825,,4,,50,,16.47,,1.842,,150,,14,,7.22581,,0.485,,0.222,,1991,,4.179,,3.954,,20,,4.16,,182,,200
29044,C9,Calder at Methley Bridge,05/09/1995 12:15,,0.668,,3,,50,,16.24,,1.455,,160,,14,,7.67742,,0.429,,0.173,,1851,,2.175,,2.038,,22,,16.4,,184,,220
29044,C9,Calder at Methley Bridge,08/09/1995 09:33,,,,1,,50,,13.36,,2.797,,140,,12,,7,,0.449,,0.262,,1553,,1.984,,1.813,,18,,15,,148,,190
29044,C9,Calder at Methley Bridge,11/09/1995 11:20,,0.804,,2,,40,,8.81,,1.917,,100,,10,,4.29032,,,,0.184,,1063,,2.688,,2.476,,15,,22.82,,104,,130
29044,C9,Calder at Methley Bridge,19/09/1995 12:30,,1.758,,2,,50,,12.81,,2.535,,140,,11,,5.41935,,0.308,,0.298,,1437,,2.401,,2.155,,18,,14.24,,152,,190
29044,C9,Calder at Methley Bridge,26/09/1995 11:15,,1.425,,4,,50,,15.78,,2.003,,150,,13,,5.64516,,0.498,,0.182,,1976,,2.49,,2.264,,20,,3.4,,170,,200
29044,C9,Calder at Methley Bridge,03/10/1995 11:20,,1.006,,4,,50,,11.21,,1.905,,130,,12,,5.64516,,0.464,,0.19,,1400,,1.792,,1.628,,14,,3.84,,140,,170
29044,C9,Calder at Methley Bridge,10/10/1995 12:12,,2.271,,4,,60,,16.73,,2.133,,170,,11,,6.09677,,0.438,,0.259,,1643,,2.161,,1.997,,22,,8.96,,180,,210
29044,C9,Calder at Methley Bridge,17/10/1995 11:37,,1.213,,3,,60,,14.09,,1.637,,150,,14,,5.41935,,0.564,,0.192,,1976,,2.442,,2.182,,22,,9.88,,170,,220
29044,C9,Calder at Methley Bridge,24/10/1995 12:15,,0.938,,4,,60,,14.58,,2.038,,160,,15,,6.77419,,0.465,,0.191,,2298,,2.417,,2.408,,26,,10.12,,174,,220
29044,C9,Calder at Methley Bridge,31/10/1995 11:45,,1.022,,2,,55,,11.15,,1.627,,120,,12,,7,,0.469,,0.239,,1980,,2.257,,2.052,,16,,9.49,,130,,160
29044,C9,Calder at Methley Bridge,07/11/1995 12:47,,1.491,,2,,55,,6.04,,1.653,,140,,13,,5.64516,,0.509,,0.113,,2182,,4.467,,4.166,,22,,8.52,,162,,210
29044,C9,Calder at Methley Bridge,10/11/1995 11:20,,,,,,,,,,,,,,,,,,,,,,2218,,,,,,,,,,,,
29044,C9,Calder at Methley Bridge,11/11/1995 11:20,,,,,,,,,,,,,,,,,,,,,,2250,,,,,,,,,,,,
29044,C9,Calder at Methley Bridge,12/11/1995 11:10,,,,3,,55,,25.7,,3.718,,160,,12,,4.96774,,,,0.318,,2294,,2.572,,2.209,,24,,10.16,,178,,220
29044,C9,Calder at Methley Bridge,13/11/1995 11:10,,,,,,,,,,,,,,,,,,,,,,2138,,,,,,,,,,,,
29044,C9,Calder at Methley Bridge,14/11/1995 12:30,,2.996,,4,,50,,20.81,,2.656,,140,,10,,4.06452,,0.396,,0.243,,1811,,2.948,,2.374,,24,,9.48,,174,,220
29044,C9,Calder at Methley Bridge,15/11/1995 11:40,,,,,,,,,,,,,,,,,,,,,,1448,,,,,,,,,,,,
29044,C9,Calder at Methley Bridge,16/11/1995 11:15,,,,,,,,,,,,,,,,,,,,,,1452,,,,,,,,,,,,
29044,C9,Calder at Methley Bridge,17/11/1995 11:20,,,,,,,,,,,,,,,,,,,,,,1814,,,,,,,,,,,,
29044,C9,Calder at Methley Bridge,21/11/1995 12:45,,1.331,,1,,45,,,,,,100,,10,,4.74194,,0.344,,,,1305,,,,,,16,,,,102,,140
29044,C9,Calder at Methley Bridge,28/11/1995 12:00,,3.065,,5,,65,,23.55,,2.164,,180,,13,,6.09677,,0.466,,0.185,,1957,,2.319,,2.141,,22,,10.19,,188,,240
29044,C9,Calder at Methley Bridge,04/12/1995 12:20,,,,5,,60,,26.31,,3.112,,170,,13,,5.41935,,,,0.291,,1799,,2.155,,1.922,,28,,9.89,,182,,230
29044,C9,Calder at Methley Bridge,12/12/1995 12:17,,2.094,,3,,55,,22.56,,2.455,,210,,13,,5.87097,,0.288,,0.23,,1406,,3.441,,3.249,,18,,9.73,,182,,200
29044,C9,Calder at Methley Bridge,18/12/1995 12:50,,2.213,,3,,60,,18.1,,2.504,,190,,13,,5.87097,,0.282,,0.213,,1547,,2.209,,2.059,,18,,10.38,,178,,200
29044,C9,Calder at Methley Bridge,03/01/1996 13:07,,3.245,,2.9,,50,,11.15,,2.545,,190,,12.8,,7.90323,,0.297,,0.257,,1578,,2.428,,2.107,,18.2,,10.21,,158,,140
29044,C9,Calder at Methley Bridge,09/01/1996 11:30,,2.034,,1.45,,45,,12.92,,2.42,,120,,11.4,,6.20968,,0.167,,0.212,,776,,1.149,,0.944,,12.6,,8.62,,90,,120
29044,C9,Calder at Methley Bridge,16/01/1996 13:02,,2.272,,1.3,,39.5,,10.93,,2.09,,110,,9,,4.85484,,0.198,,0.227,,1007,,1.265,,1.156,,16.2,,9.63,,100,,130
29044,C9,Calder at Methley Bridge,23/01/1996 11:45,,2.459,,1.7,,55,,22.78,,3.044,,140,,11.4,,7,,0.266,,0.221,,1427,,3.659,,3.29,,16,,10.09,,132,,180
29044,C9,Calder at Methley Bridge,30/01/1996 13:35,,3.711,,5,,60,,24.75,,2.533,,290,,13.8,,6.66129,,0.225,,0.201,,1589,,2.155,,1.936,,18,,10.14,,248,,210
29044,C9,Calder at Methley Bridge,06/02/1996 12:15,,4.549,,3.45,,60,,20.47,,2.666,,340,,13.4,,6.54839,,0.221,,0.21,,2031,,2.551,,2.387,,24,,10.35,,300,,230
29044,C9,Calder at Methley Bridge,13/02/1996 12:26,,1.468,,0.8,,36.5,,10.27,,11.133,,130,,9.2,,7.1129,,0.066,,0.895,,234,,1.71,,0.301,,6.6,,6.52,,82,,78
29044,C9,Calder at Methley Bridge,20/02/1996 12:30,,1.394,,0.8,,35,,7.21,,3.627,,110,,8.8,,5.98387,,0.087,,0.369,,329,,0.67,,0.492,,7,,7.44,,72,,83
29044,C9,Calder at Methley Bridge,27/02/1996 12:36,,1.985,,1.35,,45,,9.49,,1.823,,150,,11,,5.87097,,0.076,,0.182,,488,,2.415,,2.264,,9,,8.16,,102,,110
29044,C9,Calder at Methley Bridge,05/03/1996 12:20,,3.254,,2.55,,50,,13.24,,1.643,,150,,13.2,,5.53226,,0.216,,0.15,,831,,1.286,,1.135,,17.8,,8.86,,128,,160
29044,C9,Calder at Methley Bridge,13/03/1996 12:37,,3.362,,1.85,,50,,12.76,,2.825,,150,,13,,6.32258,,0.24,,0.28,,1077,,1.778,,1.409,,15,,9.23,,124,,150
29044,C9,Calder at Methley Bridge,19/03/1996 10:40,,6.015,,1.65,,60,,14.66,,3.014,,270,,12.8,,5.19355,,0.121,,0.293,,830,,1.238,,1.108,,16.4,,8.39,,202,,170
29044,C9,Calder at Methley Bridge,26/03/1996 12:06,,2.733,,1.7,,55,,10.82,,2.736,,140,,13.2,,6.77419,,0.208,,0.26,,826,,2.702,,2.524,,13,,8.34,,108,,130
29044,C9,Calder at Methley Bridge,01/04/1996 10:00,,2.95,,1.9,,55,,13.66,,2.527,,150,,13.4,,5.75806,,0.199,,0.214,,1009,,3.06,,2.814,,17.2,,8.41,,122,,160
29044,C9,Calder at Methley Bridge,09/04/1996 11:50,,3.223,,3.75,,60,,18.22,,2.216,,160,,14.4,,6.09677,,0.25,,0.184,,1417,,2.215,,1.976,,20,,7.71,,144,,200
29044,C9,Calder at Methley Bridge,16/04/1996 10:50,,3.242,,3.05,,55,,17.62,,2.381,,170,,12.4,,6.43548,,0.291,,0.202,,2765,,1.71,,1.517,,22,,7.13,,144,,180
29044,C9,Calder at Methley Bridge,23/04/1996 11:15,,2.179,,1.75,,55,,14.63,,3.322,,140,,13.4,,4.74194,,0.269,,0.396,,1687,,1.976,,1.75,,18,,6.95,,130,,170
29044,C9,Calder at Methley Bridge,30/04/1996 10:55,,1.58,,1.65,,60,,14.85,,1.845,,130,,13.8,,6.20968,,0.311,,0.185,,1250,,1.603,,1.417,,18,,7.52,,128,,180
29044,C9,Calder at Methley Bridge,02/05/1996 10:25,,1.941,,1.4,,50,,13.77,,5.285,,120,,12.6,,5.30645,,0.358,,0.697,,997,,1.417,,1.171,,20,,6.38,,122,,160
29044,C9,Calder at Methley Bridge,08/05/1996 11:47,,1.015,,1.85,,55,,12.25,,2.77,,110,,15,,6.43548,,0.205,,0.31,,852,,1.457,,1.257,,15.6,,6.94,,106,,130
29044,C9,Calder at Methley Bridge,14/05/1996 11:30,,2.13,,2.75,,60,,17.09,,1.69,,160,,13.8,,6.66129,,0.34,,0.172,,1308,,1.803,,1.617,,20,,6.29,,148,,190
29044,C9,Calder at Methley Bridge,17/05/1996 10:55,,,,,,,,,,,,,,,,,,,,,,1668,,,,,,,,,,,,
29044,C9,Calder at Methley Bridge,18/05/1996 10:50,,,,,,,,,,,,,,,,,,,,,,1909,,,,,,,,,,,,
29044,C9,Calder at Methley Bridge,19/05/1996 10:45,,,,,,,,,,,,,,,,,,,,,,1750,,,,,,,,,,,,
29044,C9,Calder at Methley Bridge,20/05/1996 10:55,,,,,,,,,,,,,,,,,,,,,,1641,,,,,,,,,,,,
29044,C9,Calder at Methley Bridge,21/05/1996 11:05,,2.675,,1.65,,70,,21.81,,2.072,,170,,14.6,,6.8871,,0.654,,0.168,,1659,,2.109,,1.909,,22,,4.31,,168,,230
29044,C9,Calder at Methley Bridge,22/05/1996 10:40,,,,,,,,,,,,,,,,,,,,,,1634,,,,,,,,,,,,
29044,C9,Calder at Methley Bridge,23/05/1996 11:05,,,,,,,,,,,,,,,,,,,,,,1675,,,,,,,,,,,,
29044,C9,Calder at Methley Bridge,24/05/1996 11:00,,,,,,,,,,,,,,,,,,,,,,1541,,,,,,,,,,,,
29044,C9,Calder at Methley Bridge,29/05/1996 11:15,,1.648,,1.85,,55,,13.8,,2.452,,130,,13.4,,5.30645,,0.33,,0.207,,1410,,1.743,,1.504,,20,,6.42,,138,,170
29044,C9,Calder at Methley Bridge,04/06/1996 11:20,,1.447,,1.05,,55,,11.82,,1.799,,130,,13.4,,7.1129,,0.495,,0.144,,1685,,1.909,,1.756,,17.4,,8.91,,126,,150
29044,C9,Calder at Methley Bridge,11/06/1996 11:07,,1.01,,1.45,,45,,14.7,,2.455,,120,,10.8,,5.08065,,0.346,,0.288,,1406,,3.353,,3.107,,19,,6.45,,116,,150
29044,C9,Calder at Methley Bridge,18/06/1996 11:35,,1.282,,2.55,,60,,16.415,,2.756,,170,,12.4,,5.75806,,0.386,,0.288,,1813,,2.26,,2.05,,24,,7.82,,170,,210
29044,C9,Calder at Methley Bridge,25/06/1996 11:09,,3.335,,3.2,,70,,21.359,,2.135,,210,,14.4,,4.96774,,0.541,,0.189,,2055,,2.6,,2.46,,32,,7.17,,220,,250
29044,C9,Calder at Methley Bridge,02/07/1996 11:30,,,,1.4,,50,,16.2,,4.79,,140,,11.8,,4.51613,,0.40593,,0.537,,1701,,2.25,,1.94,,20,,7.55,,144,,190
29044,C9,Calder at Methley Bridge,09/07/1996 11:07,,1.54,,1.75,,50,,16.574,,2.351,,130,,11,,3.95161,,0.2365,,0.168,,1807,,2.12,,1.92,,18,,8.23,,140,,170
29044,C9,Calder at Methley Bridge,16/07/1996 12:10,,2.88,,1.5,,55,,20.201,,2.121,,190,,13.8,,5.19355,,0.61399,,0.251,,2316,,2.69,,2.41,,26,,9.43,,196,,240
29044,C9,Calder at Methley Bridge,23/07/1996 11:25,,3.136,,2.85,,65,,25.212,,2.927,,210,,14.6,,2.14516,,0.32007,,0.455,,2699,,3.62,,3.47,,30,,9.58,,208,,270
29044,C9,Calder at Methley Bridge,30/07/1996 11:50,,1.606,,2.4,,60,,14.45,,1.788,,190,,13.8,,8.01613,,0.55809,,0.122,,2541,,3.02,,2.84,,22,,8.12,,180,,220
29044,C9,Calder at Methley Bridge,06/08/1996 12:00,,1.356,,4.95,,65,,16.508,,0.849,,200,,13.8,,10.3871,,0.43256,,0.065,,2461,,2.72,,2.61,,20,,8.18,,174,,200
29044,C9,Calder at Methley Bridge,13/08/1996 10:46,,1.182,,3.85,,45,,19.479,,1.447,,140,,11,,5.53226,,0.47119,,0.088,,1763,,2.18,,1.96,,22,,7.94,,146,,170
29044,C9,Calder at Methley Bridge,20/08/1996 11:15,,1.199,,4,,50,,19.021,,0.979,,150,,12.8,,5.87097,,0.469,,0.174,,2233,,2.57,,2.55,,22,,8.94,,162,,200
29044,C9,Calder at Methley Bridge,27/08/1996 11:00,,1.828,,1.55,,33,,13.219,,2.585,,87,,8.2,,4.29032,,0.289,,0.259,,910,,1.21,,1.06,,16,,7.73,,94,,120
29044,C9,Calder at Methley Bridge,03/09/1996 11:55,,0.7,,1.95,,50,,13.775,,1.315,,110,,10.8,,5.19355,,0.367,,0.11,,1306,,1.58,,1.43,,19.4,,8.03,,118,,150
29044,C9,Calder at Methley Bridge,11/09/1996 10:25,,1.262,,3.8,,60,,21.04,,2.969,,170,,13.4,,6.8871,,0.504,,0.25,,1630,,3.573,,3.273,,28,,10.6,,192,,240
29044,C9,Calder at Methley Bridge,17/09/1996 11:25,,0.954,,3.95,,65,,19.29,,1.56,,180,,14.2,,8.24194,,0.486,,0.137,,2237,,2.595,,2.495,,28,,10.6,,194,,230
29044,C9,Calder at Methley Bridge,24/09/1996 10:50,,1.417,,4.75,,65,,23.54,,1.523,,200,,14,,6.66129,,0.584,,0.147,,2386,,4.032,,3.839,,32,,9.89,,204,,230
29044,C9,Calder at Methley Bridge,01/10/1996 11:15,,1.063,,2.05,,37,,11.06,,2.367,,99,,9,,5.08065,,0.321,,0.219,,1123,,1.377,,1.251,,15.2,,7.36,,94,,120
29044,C9,Calder at Methley Bridge,08/10/1996 10:58,,0.529,,1.35,,34,,13.22,,1.07,,81,,8.8,,3.95161,,0.268,,0.072,,1156,,1.357,,1.264,,12.4,,7.81,,76,,110
29044,C9,Calder at Methley Bridge,15/10/1996 11:10,,0.641,,3.3,,60,,17.37,,1.59,,130,,11.4,,5.87097,,,,0.138,,1688,,2.062,,1.929,,22,,9,,142,,180
29044,C9,Calder at Methley Bridge,20/10/1996 10:25,,2.314,,3.75,,60,,20.58,,0.867,,150,,11.2,,5.41935,,,,0.069,,1857,,2.162,,1.989,,30,,9.14,,170,,230
29044,C9,Calder at Methley Bridge,29/10/1996 12:00,,0.725,,3.85,,55,,18.736,,2.159,,130,,10.8,,6.77419,,0.281,,0.162,,1714,,2.069,,1.85,,26,,9.21,,140,,180
29044,C9,Calder at Methley Bridge,05/11/1996 12:35,,2.051,,1.35,,31,,11.004,,14.442,,75,,7,,4.15484,,0.163,,0.833,,817,,2.009,,0.951,,12.3,,8.06,,67,,90
29044,C9,Calder at Methley Bridge,06/11/1996 11:30,<,0.00004,,0.85,,26,,11.2,,95.977,,56,,5.5,,4.42581,,0.155,,7.105,,193,,6.194,,0.393,,8.6,,6.19,,46,,70
29044,C9,Calder at Methley Bridge,12/11/1996 12:10,,1.532,,1.35,,34,,7.874,,1.676,,78,,8.5,,4.96774,,0.129,,0.021,,585,,1.058,,0.832,,10,,8.79,,64,,90
29044,C9,Calder at Methley Bridge,19/11/1996 12:45,,2.215,,0.85,,29,,9.244,,2.552,,74,,7.4,,4.74194,,0.13,,0.159,,456,,0.732,,0.605,,8.4,,7.41,,57,,70
29044,C9,Calder at Methley Bridge,26/11/1996 08:40,,1.544,,0.5,,25,,8.423,,6.06,,92,,6.3,,2.8,,0.058,,0.521,,226,,0.665,,0.273,,5.4,,6.18,,56,,52
29044,C9,Calder at Methley Bridge,03/12/1996 12:30,,2.258,,0.6,,27.5,,8.032,,1.194,,78,,7.6,,3.65806,,0.08,,0.168,,347,,0.685,,0.439,,6.9,,7.54,,55,,70
29044,C9,Calder at Methley Bridge,10/12/1996 12:55,,2.519,,1.1,,36.5,,7.444,,0.967,,87,,10.5,,5.41935,,0.132,,0.066,,523,,0.852,,0.739,,10.3,,9.25,,69,,96
29044,C9,Calder at Methley Bridge,16/12/1996 12:55,,4.921,,1.35,,42.5,,10.316,,0.747,,117,,11.7,,4.96774,,0.216,,0.069,,722,,1.104,,0.911,,14.9,,9.53,,95,,135
29045,O12,Ouse at Acaster Malbis,01/09/1994 07:45,,,<,0.1,,45,,5.99,,1.184,,20,,7.4,,2.03226,,,,0.2,,643,,0.216,,0.193,,3.4,,2.63,,14.4,,38
29045,O12,Ouse at Acaster Malbis,01/09/1994 12:40,,,<,0.1,,45,,8.4,,1.453,,20,,7.6,,2.03226,,,,0.118,,573,,2.582,,2.256,,3.2,,3.57,,14,,38
29045,O12,Ouse at Acaster Malbis,12/09/1994 14:25,,,<,0.1,,50,,,,1.821,,19,,8.2,,2.14516,,,,0.072,,246,,,,,,2.6,,,,12.2,,39
29045,O12,Ouse at Acaster Malbis,16/09/1994 09:00,,,<,0.1,,32.5,,,,1.238,,14,,5,,0.903226,,,,0.11,,115,,,,,,1.8,,,,9,,23
29045,O12,Ouse at Acaster Malbis,13/11/1994 10:20,,,<,0.1,,53,,6.87,,2.232,,24,,8.6,,3.3871,,,,0.206,,120,,0.26,,0.153,,3.4,,5.23,,12.4,,41
29045,O12,Ouse at Acaster Malbis,13/11/1994 16:15,,,<,0.1,,48,,6.23,,5.968,,23,,8.2,,4.17742,,,,0.469,,126,,0.298,,0.163,,3.4,,5.43,,12,,37
29045,O12,Ouse at Acaster Malbis,15/11/1994 10:40,,,<,0.1,,19.5,,8.26,,16.396,,11,,3,,1.69355,,,,1.295,,65,,0.353,,0.088,,2.2,,3.18,,6.6,,16
29045,O12,Ouse at Acaster Malbis,21/11/1994 15:30,,,<,0.1,,12.5,,7.36,,4.086,,12,,3.8,,1.12903,,,,0.407,,113,,0.311,,0.168,,1.6,,5.16,,6.8,,7
29045,O12,Ouse at Acaster Malbis,29/11/1994 16:20,,,<,0.1,,78,,4.3,,0.799,,29,,10.6,,4.06452,,,,0.106,,233,,0.325,,0.265,,3.4,,6.22,,15.4,,53
29045,O12,Ouse at Acaster Malbis,05/12/1994 10:05,,,<,0.1,,73,,4.37,,4.661,,30,,10,,4.85484,,,,0.333,,167,,0.416,,0.186,,4.2,,6.15,,15.4,,48
29045,O12,Ouse at Acaster Malbis,06/12/1994 13:50,,,<,0.1,,53,,8.76,,5.218,,23,,7.4,,4.85484,,,,0.428,,118,,0.325,,0.163,,3.8,,5.1,,10.8,,34
29045,O12,Ouse at Acaster Malbis,09/12/1994 12:30,,,<,0.1,,45,,,,5.471,,20,,6.2,,3.83871,,,,0.412,,,,,,,,2.6,,,,7.2,,27
29045,O12,Ouse at Acaster Malbis,11/12/1994 15:00,,,<,0.1,,50,,4.67,,6.084,,19,,6.2,,3.5,,,,0.407,,,,0.045,,0.017,,2.2,,4.6,,10,,24
29045,O12,Ouse at Acaster Malbis,13/12/1994 08:40,,,<,0.1,,24,,5.47,,4.216,,12,,3.2,,1.12903,,,,0.251,,53,,0.257,,0.089,,1.4,,2.83,,6,,13
29045,O12,Ouse at Acaster Malbis,20/12/1994 12:30,,,<,0.1,,48,,5.13,,2.455,,24,,7.4,,3.5,,,,0.194,,97,,0.185,,0.124,,2.6,,4.53,,11.8,,32
29045,O12,Ouse at Acaster Malbis,04/01/1995 11:10,,,<,0.1,,60,,4.46,,1.376,,30,,10,,5.64516,,,,0.098,,85,,0.203,,0.14,,3,,4.87,,13.8,,48
29045,O12,Ouse at Acaster Malbis,10/01/1995 13:00,,,<,0.1,,58,,3.62,,1.261,,31,,8.4,,4.62903,,,,0.115,,100,,0.199,,0.156,,3.4,,6.34,,14.6,,40
29045,O12,Ouse at Acaster Malbis,17/01/1995 14:45,,,<,0.1,,65,,3.34,,1.027,,31,,9.6,,4.40323,,,,0.11,,118,,0.308,,0.259,,2.8,,5.2,,15,,43
29045,O12,Ouse at Acaster Malbis,22/01/1995 14:50,,,<,0.1,,55,,4.22,,6.195,,36,,8,,4.40323,,,,0.45,,84,,0.402,,0.109,,2.8,,4.4,,18.4,,33
29045,O12,Ouse at Acaster Malbis,24/01/1995 08:50,,,<,0.1,,58,,,,2.989,,36,,10,,5.64516,,,,0.226,,77,,,,,,3.4,,,,16.4,,42
29045,O12,Ouse at Acaster Malbis,29/01/1995 15:00,,,<,0.1,,36,,4.29,,7.129,,42,,6,,3.6129,,,,0.435,,84,,0.316,,0.081,,3.4,,3.64,,22,,23
29045,O12,Ouse at Acaster Malbis,30/01/1995 15:05,,,<,0.1,,33,,4.94,,2.819,,27,,5.6,,3.5,,,,0.178,,68,,0.182,,0.086,,2.8,,3.56,,13.4,,21
29045,O12,Ouse at Acaster Malbis,07/02/1995 14:05,,,<,0.1,,58,,3.6,,2.47,,29,,9.8,,5.53226,,,,0.212,,80,,0.195,,0.093,,3.2,,5.2,,14.4,,47
29045,O12,Ouse at Acaster Malbis,12/02/1995 17:00,,,<,0.1,,28,,5.14,,10.218,,23,,4.6,,3.16129,,,,0.731,,78,,0.479,,0.097,,2.6,,4.27,,13,,22
29045,O12,Ouse at Acaster Malbis,14/02/1995 16:10,,,<,0.1,,39,,4.45,,3.01,,21,,6,,3.16129,,,,0.189,,62,,0.239,,0.092,,2.2,,4.08,,10.2,,26
29045,O12,Ouse at Acaster Malbis,21/02/1995 14:02,,,<,0.1,,48,,4.11,,1.83,,24,,5.8,,3.83871,,,,0.122,,60,,0.159,,0.099,,2.2,,4.5,,11.2,,33
29045,O12,Ouse at Acaster Malbis,23/02/1995 16:50,,,,,,,,,,8.887,,,,,,,,,<,0.015,,,,,,,,,,,,,,
29045,O12,Ouse at Acaster Malbis,23/02/1995 17:23,,,<,0.1,,24,,,,,,15,,2.6,,1.24194,,,,,,35,,,,,,2.2,,,,7.6,,11
29045,O12,Ouse at Acaster Malbis,24/02/1995 10:07,,,<,0.1,,34,,,,5.463,,18,,3.8,,1.91935,,,,0.204,,32,,,,,,2,,,,8.8,,16
29045,O12,Ouse at Acaster Malbis,27/02/1995 11:55,,,<,0.1,,58,,3.39,,1.608,,27,,9.4,,4.06452,,,,0.077,,73,,0.194,,0.127,,2.6,,4.77,,13.2,,40
29045,O12,Ouse at Acaster Malbis,07/03/1995 14:30,,,<,0.1,,58,,4,,1.27,,42,,8.6,,3.83871,,,,0.069,,96,,0.191,,0.139,,2.8,,4.88,,21,,36
29045,O12,Ouse at Acaster Malbis,14/03/1995 14:30,,,,,,,,2.51,,1.107,,,,,,,,,,0.108,,,,1.29,,1.205,,,,3.75,,,,
29045,O12,Ouse at Acaster Malbis,14/03/1995 14:50,,,<,0.1,,51,,,,,,28,,8.2,,3.3871,,,,,,109,,,,,,2.4,,,,14.6,,37
29045,O12,Ouse at Acaster Malbis,22/03/1995 11:15,,,<,0.1,,51,,3.47,,0.379,,27,,8.6,,3.04839,,0.019,,0.053,,118,,0.164,,0.132,,2.4,,3.6,,14.6,,37
29045,O12,Ouse at Acaster Malbis,28/03/1995 10:30,,,<,0.1,,39,,3.47,,0.833,,22,,5.6,,2.03226,,0.016,,0.1,,113,,0.166,,0.14,,1.8,,2.34,,12.4,,23
29045,O12,Ouse at Acaster Malbis,04/04/1995 10:45,,,<,0.1,,63,,3.98,,1.026,,31,,10.4,,3.16129,,0.023,,0.122,,136,,0.503,,0.484,,2.8,,2.92,,16.6,,43
29045,O12,Ouse at Acaster Malbis,11/04/1995 10:55,,0.219,<,0.1,,78,,3.12,,0.726,,34,,12.6,,4.17742,,0.032,,0.1,,204,,0.269,,0.229,,3.4,,1.88,,17.4,,58
29045,O12,Ouse at Acaster Malbis,19/04/1995 11:14,,0.269,<,0.1,,80,,2.87,,1.241,,36,,14.2,,4.62903,,0.035,,0.119,,57,,0.299,,0.249,,3.2,,1.36,,18.8,,14
29045,O12,Ouse at Acaster Malbis,25/04/1995 10:56,,0.22,<,0.1,,85,,,,,,37,,14,,4.29032,,0.035,,,,239,,,,,,4,,,,21,,63
29045,O12,Ouse at Acaster Malbis,02/05/1995 10:10,,0.279,<,0.1,,80,,4.26,,1.411,,36,,14,,4.06452,,0.046,,0.174,,313,,0.395,,0.341,,4,,1.05,,19,,65
29045,O12,Ouse at Acaster Malbis,10/05/1995 10:00,,0.633,<,0.1,,88,,3.55,,2.503,,39,,16,,3.83871,,0.07,,0.352,,472,,0.641,,0.527,,4,,0.23,,21,,78
29045,O12,Ouse at Acaster Malbis,16/05/1995 08:15,,0.314,,0,,83,,3.61,,2.574,,38,,17,,3.83871,,0.059,,0.459,,452,,0.656,,0.548,,5,<,0.02,,21,,82
29045,O12,Ouse at Acaster Malbis,23/05/1995 06:50,,0.277,<,0.1,,85,,3.72,,3.856,,38,,17,,4.06452,,0.048,,0.857,,391,,0.599,,0.446,,4,,0.03,,22,,82
29045,O12,Ouse at Acaster Malbis,31/05/1995 08:15,,0.294,<,0.1,,70,,3.87,,1.044,,36,,14,,3.6129,,0.066,,0.169,,365,,0.496,,0.414,,4,,1.95,,18,,64
29045,O12,Ouse at Acaster Malbis,06/06/1995 11:10,,0.231,<,0.1,,70,,4.08,,0.548,,32,,13,,3.16129,,0.101,,0.096,,400,,0.527,,0.455,,4,,1.44,,20,,56
29045,O12,Ouse at Acaster Malbis,13/06/1995 09:51,,0.557,<,0.1,,75,,3.78,,1.058,,36,,14,,3.83871,,0.072,,0.138,,498,,0.617,,0.559,,3,,3.07,,18,,67
29045,O12,Ouse at Acaster Malbis,20/06/1995 08:55,,0.499,<,0.1,,85,,3.81,,1.601,,40,,16,,4.29032,,0.08,,0.291,,594,,0.725,,0.633,,5,,2.6,,24,,82
29045,O12,Ouse at Acaster Malbis,27/06/1995 08:37,,0.473,,0,,83,,3.39,,0.837,,38,,16,,3.6129,,0.079,,0.261,,593,,0.73,,0.636,,4,,3.02,,22,,84
29045,O12,Ouse at Acaster Malbis,04/07/1995 08:35,,0.719,<,0.1,,83,,3.83,,1.247,,39,,16,,3.16129,,0.094,,0.201,,730,,0.852,,0.792,,5,,2.56,,26,,74
29045,O12,Ouse at Acaster Malbis,11/07/1995 10:40,,0.541,<,0.1,,85,,4.06,,1.943,,42,,18,,3.16129,,0.084,,0.333,,352,,0.833,,0.826,,5,,2.34,,25,,90
29045,O12,Ouse at Acaster Malbis,18/07/1995 10:06,,0.822,<,0.1,,80,,4.07,,1.229,,41,,18,,3.16129,,0.107,,0.188,,797,,1.033,,0.913,,5,,0.88,,25,,91
29045,O12,Ouse at Acaster Malbis,25/07/1995 08:30,,0.741,<,0.1,,85,,3.88,,1.382,,42,,17,,3.16129,,0.12,,0.238,,911,,1.028,,0.958,,6,,3.27,,27,,88
29045,O12,Ouse at Acaster Malbis,01/08/1995 12:00,,0.741,<,0.1,,75,,4.49,,1.409,,38,,14,,2.48387,,0.072,,0.269,,1052,,1.158,,1.103,,5,,2.16,,26,,68
29045,O12,Ouse at Acaster Malbis,08/08/1995 08:45,,0.705,,0,,78,,4.76,,1.546,,42,,17,,2.25806,,0.106,,0.243,,826,,0.942,,0.858,,5,,3.02,,26,,86
29045,O12,Ouse at Acaster Malbis,15/08/1995 10:30,,0.35,,0,,78,,,,0.941,,44,,18,,2.70968,,0.102,,0.136,,803,,0.918,,0.84,,6,,3.5,,26,,96
29045,O12,Ouse at Acaster Malbis,22/08/1995 09:58,,0.673,<,0.1,,83,,5.57,,1.333,,47,,18,,2.70968,,0.129,,0.196,,1105,,3.093,,2.928,,6,,3.46,,30,,99
29045,O12,Ouse at Acaster Malbis,30/08/1995 12:15,,0.133,,0,,85,,3.98,,0.41,,46,,19,,2.70968,,0.039,,0.065,,1082,,1.122,,1.074,,6,,2.74,,29,,90
29045,O12,Ouse at Acaster Malbis,05/09/1995 10:15,,0.534,<,0.1,,85,,3.86,,0.678,,47,,20,,2.93548,,0.148,,0.116,,1150,,1.223,,1.265,,6,,8.19,,29,,105
29045,O12,Ouse at Acaster Malbis,08/09/1995 14:00,,,<,0.1,,78,,4.16,,1.867,,39,,17,,2.48387,,0.105,,0.286,,634,,0.853,,0.739,,5,,7.2,,24,,89
29045,O12,Ouse at Acaster Malbis,12/09/1995 07:40,,0.564,<,0.1,,68,,4.46,,1.261,,40,,14,,3.6129,,0.159,,0.211,,816,,1.086,,1,,7,,11.85,,24,,81
29045,O12,Ouse at Acaster Malbis,19/09/1995 10:53,,0.772,<,0.1,,75,,5.05,,1.031,,40,,14,,4.51613,,0.121,,0.163,,678,,0.799,,0.78,,6,,9.2,,22,,84
29045,O12,Ouse at Acaster Malbis,26/09/1995 10:18,,0.234,<,0.1,,75,,4.33,,0.92,,40,,15,,3.16129,,0.107,,0.08,,620,,1.883,,1.807,,5,,2.46,,22,,83
29045,O12,Ouse at Acaster Malbis,03/10/1995 10:40,,0.461,<,0.1,,65,,4.15,,0.974,,30,,12,,2.48387,,0.044,,0.126,,560,,0.698,,0.655,,4,,1.26,,18,,53
29045,O12,Ouse at Acaster Malbis,05/10/1995 09:58,,,<,0.1,,55,,,,,,25,,11,,0.677419,,,,,,352,,,,,,3,,,,16,,55
29045,O12,Ouse at Acaster Malbis,10/10/1995 12:15,,0.169,<,0.1,,30,,7.93,,1.675,,16,,5,<,0.225806,,0.037,,0.179,,271,,0.446,,0.393,,2,,3.13,,11,,30
29045,O12,Ouse at Acaster Malbis,17/10/1995 07:25,,0.763,<,0.1,,53,,7.38,,1.059,,26,,9,,2.25806,,0.066,,0.15,,775,,0.906,,0.832,,3,,5.56,,18,,50
29045,O12,Ouse at Acaster Malbis,24/10/1995 10:53,,0.659,<,0.1,,70,,4.24,,0.954,,32,,13,,3.16129,,0.067,,0.131,,728,,0.831,,0.797,,4,,4.88,,20,,66
29045,O12,Ouse at Acaster Malbis,31/10/1995 11:23,,0.621,<,0.1,,60,,4.71,,1.022,,27,,10,,2.48387,,0.049,,,,640,,1.383,,1.327,,4,,3.65,,19,,53
29045,O12,Ouse at Acaster Malbis,07/11/1995 13:20,,0.943,<,0.1,,58,,6.02,,0.787,,30,,11,,2.93548,,0.068,,0.099,,859,,1.009,,0.982,,5,,4.95,,19,,59
29045,O12,Ouse at Acaster Malbis,10/11/1995 12:40,,,,,,,,,,,,,,,,,,,,,,950,,,,,,,,,,,,
29045,O12,Ouse at Acaster Malbis,11/11/1995 13:00,,,,,,,,,,,,,,,,,,,,,,1111,,,,,,,,,,,,
29045,O12,Ouse at Acaster Malbis,12/11/1995 12:40,,,<,0.1,,110,,6.89,,2.6,,33,,12,,3.16129,,,,0.341,,734,,0.872,,0.756,,4,,4.84,,35,,71
29045,O12,Ouse at Acaster Malbis,13/11/1995 12:50,,,,,,,,,,,,,,,,,,,,,,327,,,,,,,,,,,,
29045,O12,Ouse at Acaster Malbis,14/11/1995 14:15,,0.277,<,0.1,,45,,5.44,,1.346,,21,,7,,1.35484,,0.046,,0.13,,320,,0.422,,0.385,,3,,3.6,,14,,34
29045,O12,Ouse at Acaster Malbis,15/11/1995 13:05,,,,,,,,,,,,,,,,,,,,,,383,,,,,,,,,,,,
29045,O12,Ouse at Acaster Malbis,16/11/1995 12:50,,,,,,,,,,,,,,,,,,,,,,376,,,,,,,,,,,,
29045,O12,Ouse at Acaster Malbis,16/11/1995 21:45,,,<,0.1,,36,,12.81,,,,19,,6,,1.58065,,,,,,249,,0.436,,0.306,,2.4,,4.28,,12,,37
29045,O12,Ouse at Acaster Malbis,17/11/1995 11:45,,,<,0.1,,40,,7.57,,4.294,,18,,6,,1.35484,,,,0.331,,139,,0.328,,0.14,,2,,4.09,,11,,34
29045,O12,Ouse at Acaster Malbis,17/11/1995 12:50,,,,,,,,,,,,,,,,,,,,,,155,,,,,,,,,,,,
29045,O12,Ouse at Acaster Malbis,21/11/1995 09:00,,0.293,<,0.1,,43,,,,,,26,,7,,3.16129,,0.049,,,,345,,,,,,3,,,,15,,44
29045,O12,Ouse at Acaster Malbis,28/11/1995 11:20,,0.115,<,0.1,,32,,11.86,,1.264,,19,,5,,1.80645,,0.027,,0.11,,175,,0.279,,0.236,,2,,3.72,,11,,31
29045,O12,Ouse at Acaster Malbis,05/12/1995 09:17,,0.231,<,0.1,,60,,6.79,,1.203,,32,,10,,4.06452,,0.058,,0.089,,384,,0.626,,0.575,,4,,6.15,,19,,58
29045,O12,Ouse at Acaster Malbis,12/12/1995 12:37,,0.167,<,0.1,,73,,3.75,,0.749,,44,,12,,5.64516,,0.047,,0.064,,229,,0.28,,0.255,,3,,6.36,,21,,75
29045,O12,Ouse at Acaster Malbis,18/12/1995 11:50,,0.217,<,0.1,,63,,5.37,,0.535,,35,,10,,3.83871,,0.042,,0.04,,299,,0.374,,0.349,,3,,5.8,,20,,65
29045,O12,Ouse at Acaster Malbis,03/01/1996 11:36,,0.454,<,0.1,,80,,4.45,,1.445,,46,,13.2,,5.30645,,0.036,,0.192,,304,,1.454,,1.416,,3.4,,6.68,,23,,76
29045,O12,Ouse at Acaster Malbis,08/01/1996 15:30,,,<,0.1,,48,,8.26,,3.251,,33,,7.2,,5.41935,,,,0.277,,128,,0.344,,0.164,,2.4,,4.88,,16.6,,43
29045,O12,Ouse at Acaster Malbis,09/01/1996 11:05,,0.166,<,0.1,,48,,9.16,,3.154,,32,,7.6,,6.77419,,0.043,,0.314,,109,,0.298,,0.149,,3,,5.05,,14.8,,41
29045,O12,Ouse at Acaster Malbis,16/01/1996 11:05,,0.226,<,0.1,,40,,7.2,,1.445,,24,,5.4,,4.96774,,0.028,,0.122,,135,,1.84,,1.777,,1.8,,4.77,,12.4,,39
29045,O12,Ouse at Acaster Malbis,23/01/1996 11:30,,0.187,<,0.1,,73,,5.84,,0.773,,34,,9.8,,5.87097,,0.037,,0.091,,245,,0.333,,0.313,,2.4,,6.01,,17.4,,62
29045,O12,Ouse at Acaster Malbis,30/01/1996 11:38,,0.581,<,0.1,,73,,3.91,,1.236,,59,,11.6,,5.08065,,0.039,,0.153,,339,,0.457,,0.405,,2.8,,6.47,,31,,65
29045,O12,Ouse at Acaster Malbis,06/02/1996 10:50,,0.402,<,0.1,,90,,4.53,,0.725,,70,,14.8,,8.58065,,0.047,,0.101,,274,,0.321,,0.303,,3.6,,6.24,,33,,85
29045,O12,Ouse at Acaster Malbis,11/02/1996 14:55,,,<,0.1,,83,,7.13,,8.604,,81,,13.2,,9.59677,,,,0.804,,174,,0.499,,0.202,,4,,5.58,,39,,76
29045,O12,Ouse at Acaster Malbis,12/02/1996 12:50,,0.2,<,0.1,,36,,8.37,,9.7,,37,,5.4,,5.30645,,0.028,,0.611,,76,,0.359,,0.127,,1.8,,3.9,,18.8,,28
29045,O12,Ouse at Acaster Malbis,13/02/1996 11:15,,0.242,<,0.1,,38.5,,11.98,,12.628,,35,,6.6,,7.67742,,0.031,,1.268,,93,,0.634,,0.162,,2.6,,4.48,,16.2,,31
29045,O12,Ouse at Acaster Malbis,19/02/1996 11:30,,,<,0.1,,38.5,,5.18,,3.65,,27,,5.8,,4.96774,,,,0.251,,63,,0.212,,0.116,,1.4,,3.82,,13.2,,30
29045,O12,Ouse at Acaster Malbis,20/02/1996 10:21,,0.165,<,0.1,,43,,6.34,,2.982,,33,,7,,5.53226,,0.022,,0.253,,86,,1.876,,1.742,,1.6,,4.04,,16.4,,37
29045,O12,Ouse at Acaster Malbis,25/02/1996 11:35,,,<,0.1,,70,,4.96,,1.376,,50,,10.4,,8.46774,,,,0.086,,98,,0.26,,0.202,,2.6,,4.86,,22,,50
29045,O12,Ouse at Acaster Malbis,27/02/1996 11:40,,0.165,<,0.1,,58,,6.43,,1.014,,42,,9.4,,6.8871,,0.029,,0.088,,136,,0.233,,0.193,,2.2,,4.59,,19.8,,46
29045,O12,Ouse at Acaster Malbis,05/03/1996 11:37,,0.192,<,0.1,,63,,4.2,,0.759,,40,,9.8,,6.09677,,0.034,,0.055,,151,,0.303,,0.258,,2.2,,4.06,,20,,49
29045,O12,Ouse at Acaster Malbis,13/03/1996 11:40,,0.254,<,0.1,,78,,4.03,,1.109,,50,,12.8,,6.32258,,0.032,,0.124,,207,,0.294,,0.257,,2.6,,3.59,,23,,70
29045,O12,Ouse at Acaster Malbis,19/03/1996 12:10,,0.35,<,0.1,,78,,4.57,,1.237,,65,,14,,8.24194,,0.043,,0.136,,155,,0.337,,0.291,,3.6,,3.52,,32,,74
29045,O12,Ouse at Acaster Malbis,26/03/1996 11:40,,0.183,<,0.1,,63,,4.4,,0.793,,38,,9.8,,6.09677,,0.03,,0.099,,150,,0.251,,0.212,,2.4,,3.65,,19,,51
29045,O12,Ouse at Acaster Malbis,01/04/1996 09:00,,0.278,<,0.1,,73,,3.41,,0.62,,37,,11.4,,5.87097,,0.025,,0.044,,250,,0.353,,0.324,,2.8,,2.64,,18.6,,62
29045,O12,Ouse at Acaster Malbis,09/04/1996 08:05,,0.403,,0.15,,73,,3.85,,1.058,,38,,12.4,,5.30645,,0.027,,0.109,,365,,0.447,,0.409,,3.2,,1.19,,20,,69
29045,O12,Ouse at Acaster Malbis,16/04/1996 08:45,,0.512,<,0.1,,78,,4.14,,1.432,,39,,12.6,,4.96774,,0.043,,0.154,,422,,0.491,,0.422,,3.6,,1.38,,19,,73
29045,O12,Ouse at Acaster Malbis,23/04/1996 11:45,,0.632,<,0.1,,65,,4.23,,1.253,,34,,9.6,,3.72581,,0.041,,0.162,,464,,0.547,,0.499,,3.6,,1.26,,19.8,,50
29045,O12,Ouse at Acaster Malbis,30/04/1996 11:45,,0.315,<,0.1,,60,,5.72,,1.189,,31,,10,,3.3871,,0.031,,0.149,,288,,0.374,,0.333,,2.8,,1.9,,17.8,,48
29045,O12,Ouse at Acaster Malbis,02/05/1996 12:00,,0.188,<,0.1,,65,,4.43,,2.251,,35,,11.8,,3.72581,,0.039,,0.152,,302,,0.532,,0.447,,3.8,,1.21,,20,,54
29045,O12,Ouse at Acaster Malbis,02/05/1996 20:10,,,<,0.1,,65,,5.16,,2.504,,31,,11.4,,3.3871,,,,0.162,,,,0.364,,0.238,,3.2,,1.29,,19.4,,53
29045,O12,Ouse at Acaster Malbis,03/05/1996 06:20,,,<,0.1,,48,,7.26,,6.046,,28,,8.8,,4.85484,,,,0.476,,,,0.402,,0.168,,3.8,,2.96,,17.2,,33
29045,O12,Ouse at Acaster Malbis,08/05/1996 11:30,,0.273,<,0.1,,65,,6.9,,1.661,,32,,11,,4.51613,,0.024,,0.185,,239,,0.318,,0.273,,3.4,,3.03,,19.2,,47
29045,O12,Ouse at Acaster Malbis,14/05/1996 07:35,,0.382,<,0.1,,73,,3.22,,0.966,,35,,11.8,,6.8871,,0.028,,0.106,,334,,0.474,,0.421,,3.6,,0.91,,18,,62
29045,O12,Ouse at Acaster Malbis,17/05/1996 12:00,,,,,,,,,,,,,,,,,,,,,,344,,,,,,,,,,,,
29045,O12,Ouse at Acaster Malbis,18/05/1996 11:50,,,,,,,,,,,,,,,,,,,,,,408,,,,,,,,,,,,
29045,O12,Ouse at Acaster Malbis,19/05/1996 11:50,,,,,,,,,,,,,,,,,,,,,,435,,,,,,,,,,,,
29045,O12,Ouse at Acaster Malbis,20/05/1996 12:05,,,,,,,,,,,,,,,,,,,,,,331,,,,,,,,,,,,
29045,O12,Ouse at Acaster Malbis,21/05/1996 12:15,,0.248,<,0.1,,75,,6.44,,1.24,,36,,12.4,,3.95161,,0.032,,0.146,,372,,0.462,,0.389,,3.6,,0.32,,20,,65
29045,O12,Ouse at Acaster Malbis,22/05/1996 12:10,,,,,,,,,,,,,,,,,,,,,,319,,,,,,,,,,,,
29045,O12,Ouse at Acaster Malbis,23/05/1996 12:05,,,,,,,,,,,,,,,,,,,,,,337,,,,,,,,,,,,
29045,O12,Ouse at Acaster Malbis,24/05/1996 12:15,,,,,,,,,,,,,,,,,,,,,,378,,,,,,,,,,,,
29045,O12,Ouse at Acaster Malbis,29/05/1996 10:20,,0.347,<,0.1,,65,,5.02,,0.861,,28,,10,,2.48387,,0.04,,0.061,,284,,0.359,,0.311,,3,,2.14,,17.8,,46
29045,O12,Ouse at Acaster Malbis,04/06/1996 09:41,,0.459,<,0.1,,53,,8.14,,1.051,,25,,8.4,,2.37097,,0.048,,0.087,,428,,0.497,,0.456,,2.8,,4.15,,16.8,,37
29045,O12,Ouse at Acaster Malbis,11/06/1996 11:30,,0.669,<,0.1,,70,,5.97,,1.646,,37,,12.2,,3.72581,,0.099,,0.234,,727,,0.843,,0.752,,4.2,,3.5,,21,,61
29045,O12,Ouse at Acaster Malbis,18/06/1996 10:05,,0.507,<,0.1,,78,,5.559,,1.929,,40,,12.6,,3.27419,,0.068,,0.296,,633,,0.83,,0.7,,4.8,,0.08,,23,,73
29045,O12,Ouse at Acaster Malbis,25/06/1996 10:35,,0.86,<,0.1,,83,,4.618,,2.12,,41,,13.8,,3.16129,,0.086,,0.229,,745,,0.84,,0.83,,5,,0.27,,25,,74
29045,O12,Ouse at Acaster Malbis,02/07/1996 09:55,,,<,0.1,,80,,4.942,,2.277,,42,,15.4,,2.37097,,0.0932,,0.175,,781,,1.02,,0.91,,4.6,,0.06,,25,,82
29045,O12,Ouse at Acaster Malbis,09/07/1996 10:06,,0.657,<,0.1,,63,,6.693,,1.453,,31,,10.2,,2.14516,,0.069,,0.15,,584,,1.42,,1.35,,3.8,,3.1,,19,,47
29045,O12,Ouse at Acaster Malbis,16/07/1996 09:45,,0.8,<,0.1,,55,,8.877,,1.446,,33,,10.4,,2.14516,,0.10354,,0.18,,964,,2.31,,2.2,,4.2,,4.09,,21,,55
29045,O12,Ouse at Acaster Malbis,23/07/1996 12:05,,0.762,<,0.1,,73,,8.197,,1.18,,39,,13.4,,1.58065,,0.08855,,0.148,,1054,,1.21,,1.11,,4.8,,3.66,,52,,74
29045,O12,Ouse at Acaster Malbis,30/07/1996 11:40,,0.578,<,0.1,,78,,4.461,,1.413,,43,,15.6,,2.82258,,0.08802,,0.18,,1025,,1.11,,1.01,,5,,2.62,,27,,84
29045,O12,Ouse at Acaster Malbis,06/08/1996 10:05,,0.458,,0.2,,78,,5.227,,1.076,,44,,15,,3.04839,,0.08449,,0.134,,945,,1.08,,1,,4.8,,3.69,,27,,87
29045,O12,Ouse at Acaster Malbis,13/08/1996 10:38,,0.457,<,0.1,,75,,4.918,,1.154,,37,,13.6,,2.48387,,0.05795,,0.092,,622,,0.72,,0.71,,4.2,,3.01,,22,,72
29045,O12,Ouse at Acaster Malbis,20/08/1996 08:02,,0.56,<,0.1,,75,,5.069,,1.227,,39,,13.4,,2.82258,,0.088,,0.255,,1031,,1.1,,1.04,,5,,2.43,,25,,80
29045,O12,Ouse at Acaster Malbis,27/08/1996 10:30,,0.25,<,0.1,,78,,2.737,,1.865,,34,,14.2,,2.48387,,0.042,,0.134,,386,,0.52,,0.47,,3.8,,3.91,,20,,82
29045,O12,Ouse at Acaster Malbis,03/09/1996 11:30,,0.337,<,0.1,,39,,14.119,,1.025,,21,,6.4,,1.12903,,0.04,,0.071,,582,,0.68,,0.65,,3.2,,5.05,,14.8,,33
29045,O12,Ouse at Acaster Malbis,11/09/1996 10:50,,0.571,<,0.1,,63,,7.27,,1.151,,33,,10.8,,3.16129,,0.07,,0.132,,1030,,1.089,,1.011,,4.6,,6.95,,22,,62
29045,O12,Ouse at Acaster Malbis,17/09/1996 09:57,,0.592,,0.1,,73,,5.28,,0.766,,38,,12.8,,3.16129,,0.07,,0.091,,1101,,1.944,,1.786,,5,,6.95,,26,,76
29045,O12,Ouse at Acaster Malbis,24/09/1996 11:40,,0.666,,0.15,,80,,3.72,,1.331,,41,,14.6,,3.72581,,0.055,,0.214,,1073,,1.256,,1.244,,5.6,,5.67,,28,,81
29045,O12,Ouse at Acaster Malbis,01/10/1996 09:17,,0.063,<,0.1,,37.5,,13.07,,2.848,,17,,6,,1.46774,,0.018,,0.254,,193,,0.341,,0.243,,2.6,,1.84,,10.4,,28
29045,O12,Ouse at Acaster Malbis,08/10/1996 11:10,,0.113,<,0.1,,34.5,,13.1,,1.309,,18,,5.4,,1.69355,,0.027,,0.115,,417,,0.494,,0.449,,2.4,,3.88,,11.6,,28
29045,O12,Ouse at Acaster Malbis,15/10/1996 09:15,,0.514,<,0.1,,58,,11.37,,1.872,,28,,8.8,,5.30645,,,,0.283,,879,,0.953,,0.91,,4.6,,5.18,,19,,47
29045,O12,Ouse at Acaster Malbis,20/10/1996 11:50,,0.141,<,0.1,,75,,4.73,,1.213,,28,,11.6,,2.70968,,,,0.156,,502,,0.572,,0.517,,3.4,,4.7,,18.8,,66
29045,O12,Ouse at Acaster Malbis,27/10/1996 10:50,,0.093,<,0.1,,43,,13.849,,2.132,,21,,7,,2.03226,,0.019,,0.118,,298,,0.437,,0.346,,2.8,,4.56,,12.8,,35
29045,O12,Ouse at Acaster Malbis,28/10/1996 10:10,,,<,0.1,,37.5,,11.517,,3.061,,16,,5,,1.24194,,0.012,,0.202,,163,,0.314,,0.191,,2.2,,3.28,,9.8,,21
29045,O12,Ouse at Acaster Malbis,29/10/1996 12:40,,0.08,<,0.1,,23.5,,15.671,,2.12,,13,,3.2,,1.01613,,0.013,,0.136,,192,,0.359,,0.266,,2,,3.31,,8.2,,14
29045,O12,Ouse at Acaster Malbis,05/11/1996 11:17,,0.082,<,0.05,,32.5,,12.079,,2.005,,15.5,,4.2,,0.812903,,0.012,,0.113,,163,,0.266,,0.198,,1.8,,3.94,,9,,21
29045,O12,Ouse at Acaster Malbis,06/11/1996 12:20,<,0.00004,<,0.05,,25,,13.5,,3.021,,14.5,,3.3,<,0.112903,,0.015,,0.179,,171,,0.349,,0.226,,2,,3.24,,8.8,,14
29045,O12,Ouse at Acaster Malbis,07/11/1996 11:45,<,0.00004,<,0.05,,21,,12.777,,7.98,,12,,2.6,,0.858065,,0.084,,0.376,,84,,0.413,,0.135,,2,,5.02,,7,,12.5
29045,O12,Ouse at Acaster Malbis,12/11/1996 13:00,,0.107,<,0.05,,41,,7.085,,1.421,,25,,5.8,,1.85161,,0.019,,0.004,,144,,0.328,,0.283,,2.6,,4.3,,13.9,,28
29045,O12,Ouse at Acaster Malbis,19/11/1996 10:16,,0.205,<,0.05,,48.5,,5.314,,0.468,,25,,7,,0.496774,,0.043,,0.015,,225,,0.316,,0.279,,2.7,,5.28,,13.8,,36
29045,O12,Ouse at Acaster Malbis,26/11/1996 12:10,,0.223,<,0.05,,56,,7.071,,1.552,,56,,8.7,,4.06452,,0.034,,0.106,,211,,0.346,,0.289,,4,,5.35,,30,,43
29045,O12,Ouse at Acaster Malbis,03/12/1996 12:35,,0.198,<,0.05,,23.5,,10.598,,3.306,,20,,3.1,,1.08387,,0.015,,0.184,,103,,0.316,,0.163,,1.6,,3.11,,11.1,,14
29045,O12,Ouse at Acaster Malbis,10/12/1996 10:50,,0.19,<,0.05,,55,,5.412,,0.394,,29,,7.7,,3.20645,,0.024,,0.029,,150,,0.21,,0.181,,2.5,,5.51,,15,,40
29045,O12,Ouse at Acaster Malbis,16/12/1996 12:50,,0.389,<,0.05,,55,,5.544,,0.521,,28,,8.6,,3.56774,,0.034,,0.037,,271,,0.349,,0.338,,3,,5.74,,16,,46
29045,O12,Ouse at Acaster Malbis,07/01/1997 12:20,<,0.00004,,0.05,,74,,5.242,,2.295,,80,,12.2,,6.09677,,0.042,,0.183,,174,,0.361,,0.351,,4.4,,6.29,,43,,66
29045,O12,Ouse at Acaster Malbis,14/01/1997 09:55,<,0.00004,<,0.05,,29,,11.023,,2.277,,31,,4.6,,2.12258,,0.024,,0.147,,83,,0.158,,0.106,,2.3,,3.77,,15.3,,24
29045,O12,Ouse at Acaster Malbis,21/01/1997 12:40,<,0.00004,,0.05,,65,,4.247,,0.687,,38,,10.8,,3.79355,,0.037,,0.056,,199,,0.344,,0.318,,3.2,,6.04,,19.3,,60
29045,O12,Ouse at Acaster Malbis,28/01/1997 10:30,<,0.00004,,0.05,,75,,3.775,,0.578,,52,,12.3,,4.38065,,0.033,,0.049,,224,,0.459,,0.411,,3.7,,5.27,,28,,68
29045,O12,Ouse at Acaster Malbis,04/02/1997 09:40,<,0.00004,,0.05,,73,,6.026,,1.331,,46,,12.6,,5.41935,,0.018,,0.078,,282,,0.527,,0.497,,4.2,,9.61,,25,,70
29045,O12,Ouse at Acaster Malbis,05/02/1997 10:40,<,0.00004,<,0.05,,33,,,,9.511,,21,,4.4,,1.71613,,,,0.536,,49,,,,,,2,,,,10.8,,24
29045,O12,Ouse at Acaster Malbis,11/02/1997 11:10,<,0.00004,<,0.05,,46,,4.568,,0.97,,23,,5.5,,1.85161,,0.009,,0.096,,47,,0.193,,0.118,,1.8,,3.54,,11.9,,27
29045,O12,Ouse at Acaster Malbis,18/02/1997 15:45,<,0.00004,<,0.05,,26,,8.069,,6.696,,17,,3.2,,0.587097,,,,0.427,,,,0.246,,0.092,,1.3,,3.04,,8.6,,13.5
29060,U3,Ure at Boroughbridge,07/09/1993 11:15,,,,0.05,,87.5,,2.87,,2.84,,31,,15.3,,2.43871,,,,0.514,,,,0.132,,0.024,,2.5,,0.28,,17,,80
29060,U3,Ure at Boroughbridge,14/09/1993 10:06,,,<,0.05,,23.3,,8.41,,4.207,,7,,2,,0.632258,,,,0.053,,,,0.185,,0.061,,1.6,,2.04,,4.8,,8.5
29060,U3,Ure at Boroughbridge,21/09/1993 11:43,,,<,0.05,,68.4,,4.11,,0.475,,19.5,,8.3,,2.48387,,,,0.127,,,,0.06,,0.051,,1.8,,5.39,,11,,38
29060,U3,Ure at Boroughbridge,28/09/1993 10:05,,,<,0.05,,75.4,,3.13,,4.645,,22,,10.3,,2.61935,,,,0.057,,,,0.074,,0.066,,2.1,,4.53,,12.5,,48
29060,U3,Ure at Boroughbridge,05/10/1993 09:55,,,<,0.05,,51.3,,6.6,,0.611,,16,,6.4,,2.03226,,,,0.075,,,,0.062,,0.053,,1.9,,4,,9.6,,26
29060,U3,Ure at Boroughbridge,11/10/1993 09:38,,,<,0.05,,67.8,,4.64,,0.483,,18.5,,8.6,,3.02581,,,,0.032,,,,0.067,,0.058,,2.1,,4.73,,10.9,,35
29060,U3,Ure at Boroughbridge,18/10/1993 10:05,,,<,0.05,,76,,3.38,,0.416,,23,,10.6,,3.25161,,,,0.019,,,,0.057,,0.05,,2.1,,5.04,,12.4,,50
29060,U3,Ure at Boroughbridge,25/10/1993 10:15,,,,0.05,,85.3,,2.28,,0.369,,26,,12.4,,3.97419,,,,0.034,,,,0.067,,0.057,,2.4,,4.81,,13.9,,56
29060,U3,Ure at Boroughbridge,01/11/1993 12:00,,,,0.05,,86.3,,2.37,,0.296,,28,,13.5,,4.74194,,,,0.032,,,,0.086,,0.076,,2.6,,4.68,,14.3,,66
29060,U3,Ure at Boroughbridge,08/11/1993 10:49,,,,0.05,,95.2,,1.63,,0.394,,29,,14.9,,4.51613,,,,0.021,,,,0.076,,0.068,,2.7,,4.64,,15.7,,70
29060,U3,Ure at Boroughbridge,15/11/1993 11:15,,,<,0.05,,41.5,,6.68,,2.265,,16.5,,5.8,,1.89677,,,,0.222,,,,0.119,,0.071,,2.3,,3.34,,8.5,,24
29060,U3,Ure at Boroughbridge,22/11/1993 10:40,,,<,0.05,,78.6,,3.39,,0.37,,28,,12.6,,3.79355,,,,0.035,,,,0.074,,0.066,,2.3,,4.58,,14.2,,60
29060,U3,Ure at Boroughbridge,29/11/1993 10:04,,,,0.05,,82.7,,2.63,,0.295,,32,,12.4,,2.93548,,,,0.025,,,,0.065,,0.059,,2.5,,4.46,,17.9,,52
29060,U3,Ure at Boroughbridge,06/12/1993 10:03,,,<,0.05,,39,,4.93,,1.026,,16,,4.8,,1.26452,,,,0.086,,,,0.067,,0.046,,1.4,,3.06,,8.4,,23
29060,U3,Ure at Boroughbridge,13/12/1993 09:57,,,<,0.05,,51.7,,3.7,,1.284,,24,,7.3,,2.39355,,,,0.109,,,,0.105,,0.069,,2.3,,4.59,,12.2,,30
29060,U3,Ure at Boroughbridge,20/12/1993 09:48,,,<,0.05,,28.7,,4.34,,2.467,,12,,3.5,,1.53548,,,,0.185,,,,0.105,,0.044,,1.3,,2.37,,6.6,,14
29060,U3,Ure at Boroughbridge,04/01/1994 10:40,,,<,0.05,,34.7,,3.64,,3.086,,17.5,,4.6,,2.12258,,,,0.176,,,,0.149,,0.059,,1.8,,2.97,,10,,15.5
29060,U3,Ure at Boroughbridge,10/01/1994 10:04,,,<,0.05,,53.4,,3.5,,1.637,,23,,6.4,,2.61935,,,,0.088,,,,0.071,,0.037,,1.7,,4.07,,12.7,,22
29060,U3,Ure at Boroughbridge,17/01/1994 10:24,,,<,0.05,,56.7,,2.63,,0.502,,21,,7.7,,3.43226,,,,0.037,,,,0.047,,0.038,,1.7,,2.35,,11,,30
29060,U3,Ure at Boroughbridge,24/01/1994 10:04,,,<,0.05,,27,,4.37,,2.595,,12.5,,3.6,,0.993548,,,,0.162,,,,0.087,,0.039,,1.4,,1.61,,7,,14
29060,U3,Ure at Boroughbridge,31/01/1994 09:40,,,<,0.05,,37.3,,3.01,,1.054,,16.5,,4.8,,1.9871,,,,0.057,,,,0.213,,0.031,,1.3,,2.72,,8.9,,18.5
29060,U3,Ure at Boroughbridge,07/02/1994 10:50,,,<,0.05,,52.9,,2.78,,0.772,,22,,6.9,,2.93548,,,,0.053,,,,0.049,,0.036,,1.7,,4.04,,12.3,,26
29060,U3,Ure at Boroughbridge,14/02/1994 10:00,,,,0.05,,68.2,,2.1,,0.632,,24,,9.9,,3.83871,,,,0.046,,,,0.054,,0.045,,1.9,,4.08,,12.2,,41
29060,U3,Ure at Boroughbridge,21/02/1994 10:50,,,<,0.1,,88,,1.47,,0.474,,39,,14.6,,5.64516,,,,0.044,,,,0.058,,0.044,,3,,4.22,,20.8,,58
29060,U3,Ure at Boroughbridge,28/02/1994 10:50,,,<,0.1,,23,,4.49,,4.2,,21,,3,,2.70968,,,,0.376,,,,0.299,,0.06,,2.2,,2.04,,9.8,,15
29060,U3,Ure at Boroughbridge,08/03/1994 10:05,,,<,0.1,,31.5,,3.87,,1.691,,18,,4.2,,2.03226,,,,0.162,,,,0.063,,0.03,,1.2,,2.06,,7.8,,23
29060,U3,Ure at Boroughbridge,14/03/1994 09:40,,,<,0.1,,30,,4.02,,2.405,,12,,3.6,,1.24194,,,,0.139,,,,0.071,,0.029,,1.2,,1.94,,7.2,,14
29060,U3,Ure at Boroughbridge,22/03/1994 10:10,,,<,0.1,,63,,2.5,,0.284,,24,,9,,3.3871,,,,0.014,,,,0.05,,0.049,,1.8,,2.86,,12.2,,38
29060,U3,Ure at Boroughbridge,29/03/1994 08:53,,,<,0.1,,48,,2.66,,1.192,,17,,5.4,,2.14516,,,,0.079,,,,0.026,,0.011,,1.4,,2.41,,9.6,,23
29060,U3,Ure at Boroughbridge,05/04/1994 08:00,,,<,0.1,,22.5,,3.76,,1.281,,11,,3.8,,1.35484,,,,0.051,,,,0.061,,0.018,,1.2,,1.99,,6.4,,15
29060,U3,Ure at Boroughbridge,12/04/1994 08:01,,,<,0.1,,58,,2.99,,0.417,,18,,6.8,,2.25806,,,,0.031,,,,0.046,,0.034,,1.8,,2.5,,11.4,,26
29060,U3,Ure at Boroughbridge,19/04/1994 08:55,,,<,0.1,,108,,2.14,,0.403,,25,,15.6,,3.95161,,,,0.042,,,,0.055,,0.046,,2.8,,2.85,,18.8,,48
29060,U3,Ure at Boroughbridge,26/04/1994 07:45,,,<,0.1,,50,,4.45,,,,16,,7,,2.03226,,,,,,,,0.084,,0.059,,1.8,,2.37,,10.2,,28
29060,U3,Ure at Boroughbridge,03/05/1994 08:35,,,<,0.1,,83,,3.37,,0.487,,23,,12.6,,3.04839,,,,0.064,,,,0.086,,0.067,,2,,1.76,,14.6,,46
29060,U3,Ure at Boroughbridge,10/05/1994 07:45,,,<,0.1,,73,,4.65,,0.491,,22,,12,,3.04839,,,,0.062,,,,0.126,,0.089,,2.2,,1.32,,14.6,,46
29060,U3,Ure at Boroughbridge,17/05/1994 07:55,,,<,0.1,,91,,2.82,,0.572,,27,,15.4,,3.95161,,,,0.069,,,,0.082,,0.058,,3.2,,1.55,,17.2,,53
29060,U3,Ure at Boroughbridge,24/05/1994 08:40,,,<,0.1,,45,,6.08,,1.05,,17,,6.8,,2.48387,,,,0.099,,,,0.086,,0.055,,2,,2.31,,9.6,,27
29060,U3,Ure at Boroughbridge,01/06/1994 08:30,,,<,0.1,,78,,2.82,,0.572,,27,,13.6,,3.6129,,,,0.086,,,,0.129,,0.11,,2.4,,1.79,,14.2,,64
29060,U3,Ure at Boroughbridge,08/06/1994 07:35,,,<,0.1,,75,,2.67,,1.172,,26,,12.2,,4.17742,,,,0.207,,,,0.078,,0.035,,2.4,,1.42,,14,,48
29060,U3,Ure at Boroughbridge,14/06/1994 09:50,,,<,0.1,,83,,2.85,,1.679,,27,,14.2,,3.27419,,,,0.346,,,,0.137,,0.066,,2.8,,1.25,,15.2,,66
29060,U3,Ure at Boroughbridge,21/06/1994 07:48,,,<,0.1,,45,,2.44,,1.584,,28,,12,,4.51613,,,,0.27,,,,0.168,,0.097,,4.8,,3.65,,20.4,,44
29060,U3,Ure at Boroughbridge,27/06/1994 07:45,,,<,0.1,,60,,7.1,,1.079,,22,,10.8,,3.16129,,,,0.125,,88,,0.068,,0.027,,1.8,,3.35,,12,,53
29060,U3,Ure at Boroughbridge,05/07/1994 09:45,,,<,0.1,,70,,4.43,,1.254,,27,,12.6,,2.82258,,,,0.196,,64,,0.135,,0.098,,2.2,,3.58,,14,,68
29060,U3,Ure at Boroughbridge,12/07/1994 09:35,,,<,0.1,,78,,3.03,,3.02,,25,,14.6,,2.48387,,,,0.496,,40,,0.159,,0.022,,2.2,,2.68,,15.4,,77
29060,U3,Ure at Boroughbridge,19/07/1994 08:20,,,<,0.1,,80,,3.64,,1.369,,30,,16.6,,2.25806,,,,0.22,,15,,0.095,,0.032,,2.6,,1.94,,17,,88
29060,U3,Ure at Boroughbridge,25/07/1994 10:15,,,<,0.1,,93,,2.22,,0.854,,35,,18.4,,2.70968,,,,0.154,,84,,0.171,,0.153,,2.6,,2.3,,18.4,,95
29060,U3,Ure at Boroughbridge,02/08/1994 08:11,,,<,0.1,,83,,1.89,,1.328,,30,,16,,3.04839,,,,0.105,,105,,0.191,,0.142,,2.8,,2.31,,17.4,,88
29060,U3,Ure at Boroughbridge,08/08/1994 08:35,,,<,0.1,,68,,3.8,,1.001,,24,,11.6,,1.91935,,,,0.139,,51,,1.116,,1.076,,2.8,,2.58,,15.8,,43
29060,U3,Ure at Boroughbridge,17/08/1994 08:40,,,<,0.1,,83,,3.44,,1.201,,28,,15.6,,2.70968,,,,0.166,,125,,0.199,,0.147,,3,,2.99,,16.6,,82
29060,U3,Ure at Boroughbridge,23/08/1994 08:25,,,<,0.1,,73,,2.92,,,,27,,11.2,,2.14516,,,,,,50,,0.13,,0.077,,2.8,,1.76,,15.8,,56
29060,U3,Ure at Boroughbridge,30/08/1994 09:55,,,<,0.1,,45,,6.51,,0.701,,13,,6,,1.12903,,,,0.053,,57,,0.092,,0.066,,1.6,,2.78,,8.4,,27
29060,U3,Ure at Boroughbridge,06/09/1994 07:10,,,<,0.1,,55,,6.49,,0.849,,18,,9,,1.58065,,,,0.055,,82,,1.588,,1.543,,1.8,,3.7,,10.8,,49
29060,U3,Ure at Boroughbridge,12/09/1994 15:00,,,<,0.1,,28.5,,,,1.449,,9,,3.4,,0.677419,,,,0.075,,31,,,,,,1.2,,,,6.2,,13
29060,U3,Ure at Boroughbridge,13/09/1994 08:25,,,<,0.1,,24.5,,8.92,,2.505,,8,,2.6,,0.451613,,,,0.219,,30,,0.216,,0.07,,1,,2.45,,5.6,,11
29060,U3,Ure at Boroughbridge,20/09/1994 08:55,,,<,0.1,,58,,5.54,,0.507,,16,,7,,1.35484,,,,0.059,,60,,0.121,,0.104,,1.4,,3.64,,9.8,,36
29060,U3,Ure at Boroughbridge,27/09/1994 10:40,,,<,0.1,,31,,9.29,,0.788,,11,,4.2,,0.903226,,,,0.091,,36,,0.132,,0.098,,1.4,,2.82,,6.8,,21
29060,U3,Ure at Boroughbridge,04/10/1994 09:30,,,<,0.1,,23,,11.53,,2.226,,9,,3.2,,0.790323,,,,0.14,,44,,0.143,,0.078,,1.8,,2.8,,5.8,,15
29060,U3,Ure at Boroughbridge,11/10/1994 09:21,,,<,0.1,,58,,4.06,,0.512,,16,,8.2,,1.46774,,,,0.055,,66,,0.102,,0.086,,2,,3.11,,10.8,,38
29060,U3,Ure at Boroughbridge,18/10/1994 08:50,,,<,0.1,,78,,4,,0.379,,24,,11.8,,2.37097,,,,0.076,,150,,0.168,,0.149,,2.4,,3,,13.2,,70
29060,U3,Ure at Boroughbridge,25/10/1994 09:40,,,<,0.1,,33.5,,7.57,,1.257,,12,,4.2,,1.35484,,,,0.102,,41,,0.091,,0.064,,2.2,,3.09,,7,,21
29060,U3,Ure at Boroughbridge,01/11/1994 10:45,,,<,0.1,,30,,8.13,,2.629,,10,,3.2,,0.677419,,,,0.217,,98,,0.085,,0.053,,1.6,,2.61,,6.2,,14
29060,U3,Ure at Boroughbridge,08/11/1994 09:50,,,<,0.1,,53,,6.28,,0.761,,18,,6.2,,2.48387,,,,0.089,,43,,0.154,,0.138,,1.8,,4.17,,8.8,,35
29060,U3,Ure at Boroughbridge,13/11/1994 11:45,,,<,0.1,,37,,6.47,,5.209,,13,,4.6,,1.91935,,,,0.461,,31,,0.138,,0.051,,2,,3.98,,7.8,,17
29060,U3,Ure at Boroughbridge,14/11/1994 02:26,,,<,0.1,,16.5,,7.27,,10.671,,7,,1.8,,0.677419,,,,0.738,,30,,0.285,,0.061,,1.6,,2.28,,4.4,,9
29060,U3,Ure at Boroughbridge,22/11/1994 09:20,,,<,0.1,,50,,5.69,,0.926,,15,,5.4,,2.25806,,,,0.086,,41,,0.09,,0.062,,1.8,,3.77,,8,,26
29060,U3,Ure at Boroughbridge,29/11/1994 11:23,,,<,0.1,,75,,3.42,,0.389,,20,,8.4,,2.82258,,,,0.047,,62,,0.104,,0.089,,2.2,,4.98,,11,,42
29060,U3,Ure at Boroughbridge,06/12/1994 10:32,,,<,0.1,,29,,6.57,,3.664,,12,,3.8,,1.91935,,,,0.282,,25,,0.128,,0.062,,1.6,,3.58,,6.4,,15
29060,U3,Ure at Boroughbridge,09/12/1994 10:38,,,,,,,,,,4.38,,,,,,,,,,0.317,,,,,,,,,,,,,,
29060,U3,Ure at Boroughbridge,09/12/1994 12:50,,,<,0.1,,39.5,,,,,,21,,6.6,,4.51613,,,,,,,,,,,,2.8,,,,8.6,,28
29060,U3,Ure at Boroughbridge,13/12/1994 11:30,,,<,0.1,,28.5,,4.56,,1.338,,11,,3.4,,1.24194,,,,0.102,,34,,0.096,,0.067,,1.4,,2.79,,6,,14
29060,U3,Ure at Boroughbridge,20/12/1994 11:15,,,<,0.1,,38.5,,4.71,,1.009,,14,,4.6,,2.14516,,,,0.087,,41,,0.106,,0.086,,1.6,,3.49,,7.2,,22
29060,U3,Ure at Boroughbridge,04/01/1995 12:05,,,<,0.1,,63,,3.74,,0.39,,23,,8.6,,4.17742,,,,0.016,,41,,0.107,,0.093,,2,,5.24,,11.6,,41
29060,U3,Ure at Boroughbridge,10/01/1995 11:38,,,<,0.1,,35,,3.35,,2.342,,14,,3.2,,1.80645,,,,0.189,,27,,0.102,,0.067,,1.2,,3.04,,7.4,,13
29060,U3,Ure at Boroughbridge,17/01/1995 11:40,,,<,0.1,,55,,3.16,,0.474,,20,,7,,2.82258,,,,0.05,,40,,0.057,,0.045,,1.6,,3.95,,10,,32
29060,U3,Ure at Boroughbridge,22/01/1995 12:45,,,<,0.1,,25,,4.09,,6.787,,17,,3.2,,1.80645,,,,0.497,,31,,0.219,,0.052,,1.6,,2.51,,8.8,,12
29060,U3,Ure at Boroughbridge,24/01/1995 11:35,,,<,0.1,,30,,,,1.66,,24,,3.4,,1.91935,,,,0.116,,29,,,,,,1.6,,,,12,,14
29060,U3,Ure at Boroughbridge,31/01/1995 15:04,,,<,0.1,,33,,3.17,,11.535,,22,,4.8,,3.27419,,,,0.725,,41,,0.346,,0.056,,4.8,,3.5,,11.6,,16
29060,U3,Ure at Boroughbridge,07/02/1995 09:45,,,<,0.1,,60,,,,,,20,,7.8,,4.06452,,,,,,32,,,,,,1.8,,,,11,,34
29060,U3,Ure at Boroughbridge,14/02/1995 10:28,,,<,0.1,,34,,3.82,,1.933,,14,,3.8,,2.14516,,,,0.123,,31,,0.118,,0.06,,1.4,,3.05,,7.2,,17
29060,U3,Ure at Boroughbridge,21/02/1995 11:00,,,<,0.1,,38,,3.26,,1.09,,18,,4.4,,2.48387,,,,0.087,,21,,0.088,,0.044,,1.4,,3.15,,9,,16
29060,U3,Ure at Boroughbridge,23/02/1995 08:40,,,<,0.1,,24,,,,4.179,,12,,2.2,,1.01613,,,,0.144,,29,,,,,,1.2,,,,6,,8
29060,U3,Ure at Boroughbridge,27/02/1995 11:50,,,<,0.1,,63,,2.16,,0.472,,21,,7,,3.83871,,,,0.026,,19,,0.042,,0.033,,1.6,,3.76,,10.2,,34
29060,U3,Ure at Boroughbridge,07/03/1995 09:50,,,<,0.1,,43,,3.47,,0.749,,23,,5.8,,2.48387,,,,0.04,,29,,0.061,,0.028,,1.8,,3.3,,12.4,,25
29060,U3,Ure at Boroughbridge,14/03/1995 09:50,,,,,,,,3.52,,0.162,,,,,,,,,,0.027,,,,0.048,,0.042,,,,3.45,,,,
29060,U3,Ure at Boroughbridge,14/03/1995 10:05,,,<,0.1,,48,,,,,,20,,6.4,,2.70968,,,,,,24,,,,,,1.4,,,,9.8,,29
29060,U3,Ure at Boroughbridge,22/03/1995 10:27,,,<,0.1,,53,,2.39,,0.505,,21,,7.4,,2.82258,,0.007,,0.055,,27,,0.068,,0.048,,1.4,,2.91,,10.8,,32
29060,U3,Ure at Boroughbridge,28/03/1995 08:25,,,<,0.1,,28,,4.03,,1.503,,13,,3.8,,1.24194,,0.009,,0.14,,37,,0.088,,0.033,,1.2,,1.68,,7.4,,16
29060,U3,Ure at Boroughbridge,04/04/1995 09:12,,,<,0.1,,57,,3.28,,0.525,,22,,8.4,,2.59677,,0.009,,0.035,,29,,0.056,,0.042,,1.6,,1.9,,11.6,,36
29060,U3,Ure at Boroughbridge,11/04/1995 09:05,,0.027,<,0.1,,75,,3.36,,0.419,,26,,11.8,,3.95161,,0.015,,0.062,,42,,0.104,,0.086,,2,,1.94,,13.4,,53
29060,U3,Ure at Boroughbridge,19/04/1995 08:32,,0.13,<,0.1,,85,,1.92,,0.598,,30,,14.2,,4.51613,,0.022,,0.077,,55,,1.01,,0.974,,2.2,,1.34,,15,,66
29060,U3,Ure at Boroughbridge,25/04/1995 08:45,,0.069,<,0.1,,63,,3.28,,0.925,,23,,9,,2.70968,,0.011,,0.087,,19,,0.045,,0.024,,2,,0.54,,13,,35
29060,U3,Ure at Boroughbridge,02/05/1995 11:55,,0.07,<,0.1,,78,,3.18,,0.896,,27,,13,,3.6129,,0.016,,0.158,,45,,0.072,,0.05,,2,,0.47,,14,,62
29060,U3,Ure at Boroughbridge,10/05/1995 11:55,<,0.02,<,0.1,,83,,2.45,,2.912,,29,,15,,3.3871,,0.042,,,,35,,0.139,,0.06,,3,,0.79,,16,,74
29060,U3,Ure at Boroughbridge,16/05/1995 10:45,<,0.02,<,0.1,,85,,2.24,,3.234,,31,,16,,3.6129,,0.03,,0.631,,14,,0.109,,0.015,,3,,1.71,,17,,83
29060,U3,Ure at Boroughbridge,23/05/1995 10:28,<,0.02,<,0.1,,83,,2.47,,1.227,,28,,15,,3.3871,,0.023,,0.304,,21,,0.092,,0.019,,3,,1.28,,16,,68
29060,U3,Ure at Boroughbridge,31/05/1995 08:54,,0.075,<,0.1,,65,,4.98,,0.853,,25,,10,,2.48387,,0.027,,0.163,,55,,2.216,,2.086,,2,,3.5,,14,,43
29060,U3,Ure at Boroughbridge,06/06/1995 10:00,,0.036,<,0.1,,75,,3.49,,0.444,,25,,13,,2.93548,,0.029,,0.064,,55,,0.178,,0.144,,2,,2.08,,14,,65
29060,U3,Ure at Boroughbridge,13/06/1995 08:50,<,0.02,<,0.1,,75,,2.74,,0.799,,27,,13,,3.16129,,0.026,,0.129,,56,,0.126,,0.084,,2,,2.78,,14,,72
29060,U3,Ure at Boroughbridge,20/06/1995 11:25,<,0.02,<,0.1,,90,,2.67,,1.378,,31,,16,,3.6129,,0.028,,0.228,,55,,0.132,,0.078,,2,,3.36,,17,,89
29060,U3,Ure at Boroughbridge,27/06/1995 09:31,,0.087,<,0.1,,80,,2.15,,1.614,,29,,14,,2.48387,,0.02,,0.348,,10,,1.489,,1.392,,2,,3.32,,17,,75
29060,U3,Ure at Boroughbridge,04/07/1995 09:50,<,0.02,<,0.1,,85,,3.31,,2.611,,31,,16,,2.70968,,0.028,,0.516,,15,,0.157,,0.086,,3,,4.6,,17,,93
29060,U3,Ure at Boroughbridge,11/07/1995 09:00,,0.028,<,0.1,,75,,2.81,,2.242,,31,,17,,2.25806,,0.029,,,<,5,,0.077,,0.021,,3,,0.67,,17,,97
29060,U3,Ure at Boroughbridge,18/07/1995 09:40,,0.086,<,0.1,,83,,2.72,,0.547,,31,,15,,2.48387,,0.034,,0.102,,86,,0.186,,0.152,,2,,4.76,,18,,79
29060,U3,Ure at Boroughbridge,25/07/1995 11:00,,0.029,<,0.1,,78,,3.25,,1.344,,28,,13,,1.80645,,0.021,,0.219,,100,,0.143,,0.129,,3,,2.91,,16,,71
29060,U3,Ure at Boroughbridge,01/08/1995 09:03,,0.029,<,0.1,,85,,4.33,,1.776,,31,,16,,2.03226,,0.029,,0.366,,72,,1.336,,1.259,,3,,5.86,,17,,95
29060,U3,Ure at Boroughbridge,08/08/1995 09:20,,0.05,<,0.1,,80,,3.13,,0.622,,33,,17,,2.25806,,0.03,,0.115,,118,,0.19,,0.165,,3,,4.44,,18,,98
29060,U3,Ure at Boroughbridge,15/08/1995 08:37,,0.03,<,0.1,,88,,,,0.365,,34,,17,,2.25806,,0.035,,0.06,,119,,0.171,,0.145,,3,,2.67,,19,,110
29060,U3,Ure at Boroughbridge,22/08/1995 09:30,,0.035,<,0.1,,88,,2.48,,0.802,,37,,19,,2.48387,,0.055,,0.14,,110,,0.169,,0.133,,3,,1.35,,18,,115
29060,U3,Ure at Boroughbridge,30/08/1995 09:10,,0.029,,0,,103,,2.79,,0.441,,38,,22,,2.70968,,0.044,,0.072,,92,,0.143,,0.132,,3,,4.8,,20,,120
29060,U3,Ure at Boroughbridge,05/09/1995 08:51,<,0.02,,0,,95,,2.79,,0.588,,38,,19,,2.70968,,0.028,,0.109,,124,,0.161,,0.143,,3,,2.55,,19,,120
29060,U3,Ure at Boroughbridge,08/09/1995 10:20,,,<,0.1,,90,,2.27,,0.536,,37,,19,,2.93548,,0.026,,0.054,,151,,0.21,,0.175,,3,,2.92,,19,,115
29060,U3,Ure at Boroughbridge,12/09/1995 09:30,,0.028,<,0.1,,65,,3.81,,0.665,,30,,13,,2.93548,,0.038,,0.111,,77,,0.168,,0.147,,3,,7.75,,17,,67
29060,U3,Ure at Boroughbridge,19/09/1995 08:15,,0.032,<,0.1,,78,,2.7,,0.243,,31,,13,,2.48387,,0.018,,0.046,,70,,0.117,,0.103,,3,,3.6,,18,,84
29060,U3,Ure at Boroughbridge,26/09/1995 08:30,<,0.02,<,0.1,,88,,3.02,,0.465,,32,,15,,2.70968,,0.018,,0.072,,167,,0.223,,0.202,,2,,4.68,,19,,110
29060,U3,Ure at Boroughbridge,03/10/1995 09:19,,0.03,<,0.1,,65,,5.12,,0.565,,22,,10,,1.80645,,0.014,,0.073,,118,,1.395,,1.368,,2,,2.4,,13,,66
29060,U3,Ure at Boroughbridge,10/10/1995 11:45,,0.029,<,0.1,,36,,6.32,,0.599,,14,,5,,0.451613,,0.014,,0.062,,44,,0.099,,0.082,,1,,3.24,,8,,31
29060,U3,Ure at Boroughbridge,17/10/1995 10:25,,0.054,<,0.1,,65,,5.36,,0.48,,24,,11,,2.03226,,0.046,,0.067,,135,,0.216,,0.183,,2,,5.88,,14,,72
29060,U3,Ure at Boroughbridge,24/10/1995 09:14,,0.023,<,0.1,,50,,6.06,,0.532,,19,,8,,1.12903,,0.035,,0.064,,103,,0.15,,0.135,,2,,3.28,,10,,47
29060,U3,Ure at Boroughbridge,31/10/1995 09:10,,0.02,<,0.1,,48,,6.05,,0.463,,20,,8,,1.35484,,0.01,,0.048,,38,,0.109,,0.094,,2,,3.12,,11,,47
29060,U3,Ure at Boroughbridge,07/11/1995 11:52,,0.023,<,0.1,,70,,3.72,,0.271,,26,,12,,2.25806,,0.012,,0.027,,127,,0.191,,0.184,,2,,3.45,,15,,78
29060,U3,Ure at Boroughbridge,12/11/1995 15:00,,,<,0.1,,43,,9.59,,4.09,,16,,5,,1.35484,,,,0.341,,24,,0.169,,0.029,,2,,2.51,,9,,24
29060,U3,Ure at Boroughbridge,14/11/1995 09:43,,0.036,<,0.1,,33,,11.35,,1.23,,15,,5,,1.35484,,0.016,,0.126,,49,,0.121,,0.094,,1,,3.7,,8,,30
29060,U3,Ure at Boroughbridge,16/11/1995 14:06,,,<,0.1,,39,,7.24,,20.14,,14,,5,,1.12903,,,,1.543,,44,,0.541,,0.054,,1,,3.7,,8,,26
29060,U3,Ure at Boroughbridge,21/11/1995 11:10,<,0.02,<,0.1,,48,,,,,,19,,7,,1.80645,,0.011,,,,55,,,,,,2,,,,10,,47
29060,U3,Ure at Boroughbridge,28/11/1995 11:25,<,0.02,<,0.1,,39,,7.84,,0.53,,16,,5,,1.80645,,0.008,,0.051,,45,,0.101,,0.081,,1,,3.57,,8,,32
29060,U3,Ure at Boroughbridge,04/12/1995 09:45,,,<,0.1,,58,,9.79,,0.742,,21,,8,,2.70968,,,,0.067,,86,,0.123,,0.099,,2,,4.6,,12,,51
29060,U3,Ure at Boroughbridge,05/12/1995 09:50,,0.028,<,0.1,,50,,6.89,,1.021,,22,,8,,2.70968,,0.026,,0.095,,63,,0.097,,0.077,,2,,5.31,,11,,46
29060,U3,Ure at Boroughbridge,12/12/1995 11:15,<,0.02,<,0.1,,48,,2.32,,0.463,,23,,6,,2.03226,,0.008,,0.032,,49,,0.078,,0.064,,1,,3.76,,13,,33
29060,U3,Ure at Boroughbridge,18/12/1995 10:00,,0.024,<,0.1,,58,,3.08,,0.275,,23,,8,,2.48387,,0.009,,0.026,,70,,1.207,,1.188,,1,,4.48,,12,,51
29060,U3,Ure at Boroughbridge,03/01/1996 10:25,,0.095,<,0.1,,70,,3.26,,0.46,,41,,10,,3.6129,,0.018,,0.035,,68,,0.209,,0.158,,2,,5.11,,22,,57
29060,U3,Ure at Boroughbridge,09/01/1996 09:57,,0.054,<,0.1,,28.5,,8.26,,8.837,,16,,3.4,,3.16129,,0.017,,0.736,,20,,0.292,,0.041,,1.4,,3.51,,8.2,,20
29060,U3,Ure at Boroughbridge,16/01/1996 09:15,,0.026,<,0.1,,48,,4.8,,0.555,,18,,4.8,,3.83871,,0.012,,0.037,,39,,0.068,,0.056,,1.2,,4.11,,9.4,,30
29060,U3,Ure at Boroughbridge,23/01/1996 11:00,,0.028,<,0.1,,68,,4.33,,0.394,,25,,6.8,,4.40323,,0.015,,0.036,,54,,0.08,,0.072,,1.6,,4.84,,12.6,,48
29060,U3,Ure at Boroughbridge,30/01/1996 10:10,,0.241,<,0.1,,70,,2.47,,0.446,,54,,10.4,,4.29032,,0.015,,0.04,,86,,0.192,,0.176,,2.4,,5.26,,28,,62
29060,U3,Ure at Boroughbridge,06/02/1996 10:20,,0.143,<,0.1,,78,,2.84,,0.393,,50,,12.4,,5.08065,,0.022,,0.037,,83,,0.124,,0.114,,2,,4.89,,25,,66
29060,U3,Ure at Boroughbridge,12/02/1996 13:05,,0.149,<,0.1,,26.5,,9.48,,10.171,,23,,3.6,,3.72581,,0.014,,0.727,,31,,0.315,,0.048,,1.2,,3,,11,,18
29060,U3,Ure at Boroughbridge,20/02/1996 10:45,,0.05,<,0.1,,37.5,,4.37,,0.71,,26,,4.8,,3.6129,,0.009,,0.054,,24,,0.136,,0.115,,1,,3.24,,13.4,,26
29060,U3,Ure at Boroughbridge,27/02/1996 08:50,,0.03,<,0.1,,48,,3.66,,0.394,,28,,5.8,,4.17742,,0.008,,0.036,,25,,0.198,,0.176,,1.4,,3.41,,13.8,,30
29060,U3,Ure at Boroughbridge,05/03/1996 09:07,,0.037,<,0.1,,50,,3.32,,1.188,,25,,6.4,,3.6129,,0.008,,0.156,,34,,0.101,,0.075,,1.2,,2.37,,12.2,,32
29060,U3,Ure at Boroughbridge,13/03/1996 10:35,,0.073,<,0.1,,70,,2.95,,0.611,,30,,9.6,,4.17742,,0.011,,0.062,,19,,0.096,,0.068,,1.4,,1.66,,15.6,,50
29060,U3,Ure at Boroughbridge,19/03/1996 10:40,,0.057,<,0.1,,68,,3.9,,0.82,,41,,10.2,,6.20968,,0.017,,0.089,,23,,1.232,,1.21,,2.2,,2.72,,19,,48
29060,U3,Ure at Boroughbridge,25/03/1996 12:15,,0.048,<,0.1,,50,,4.9,,0.711,,24,,6.2,,3.83871,,0.01,,0.09,,31,,0.188,,0.174,,1.4,,2.25,,12.2,,32
29060,U3,Ure at Boroughbridge,01/04/1996 08:20,,0.048,<,0.1,,68,,3.62,,0.273,,28,,9.4,,4.51613,,0.013,,0.024,,59,,0.069,,0.062,,2,,1.54,,14.2,,51
29060,U3,Ure at Boroughbridge,09/04/1996 07:54,,0.064,<,0.1,,78,,2.54,,0.597,,31,,11.4,,4.74194,,0.021,,0.074,,69,,0.146,,0.127,,2,,1.41,,15.6,,65
29060,U3,Ure at Boroughbridge,16/04/1996 10:15,,0.056,<,0.1,,73,,2.81,,0.546,,30,,11,,4.29032,,0.022,,0.075,,69,,0.16,,0.135,,2.2,,1.83,,15.8,,64
29060,U3,Ure at Boroughbridge,23/04/1996 11:55,,0.088,<,0.1,,53,,4.76,,1.199,,24,,7.8,,2.70968,,0.027,,0.132,,65,,0.13,,0.086,,1.8,,1.55,,12.8,,46
29060,U3,Ure at Boroughbridge,30/04/1996 08:20,,0.039,<,0.1,,58,,3.63,,0.495,,23,,7.4,,2.82258,,0.012,,0.042,,54,,0.106,,0.082,,1.8,,1.12,,12.4,,41
29060,U3,Ure at Boroughbridge,02/05/1996 10:20,,0.191,<,0.1,,36.5,,5.87,,12.033,,19,,5.2,,3.04839,,0.023,,1.003,,39,,0.366,,0.065,,2.2,,2.4,,10.8,,21
29060,U3,Ure at Boroughbridge,08/05/1996 08:40,,0.06,<,0.1,,70,,4.3,,0.462,,26,,10.4,,3.6129,,0.015,,0.048,,51,,0.077,,0.06,,2.2,,1.55,,15,,48
29060,U3,Ure at Boroughbridge,14/05/1996 08:33,,0.027,<,0.1,,73,,2.52,,0.43,,29,,10,,3.95161,,0.012,,0.053,,77,,0.139,,0.118,,2.2,,0.9,,15.2,,53
29060,U3,Ure at Boroughbridge,21/05/1996 09:04,,0.026,<,0.1,,78,,3.65,,0.636,,30,,12,,3.6129,,0.023,,0.063,,92,,0.14,,0.108,,2.4,,0.63,,16,,68
29060,U3,Ure at Boroughbridge,29/05/1996 08:20,,0.049,<,0.1,,55,,4.37,,0.623,,20,,6.4,,1.91935,,0.018,,0.058,,56,,0.086,,0.063,,1.6,,1.63,,11.2,,29
29060,U3,Ure at Boroughbridge,04/06/1996 08:20,,0.085,<,0.1,,58,,8.29,,,,23,,8.2,,2.25806,,0.025,,,,80,,0.135,,0.124,,3.6,,3.67,,12,,46
29060,U3,Ure at Boroughbridge,11/06/1996 09:45,,0.074,<,0.1,,73,,3.98,,0.818,,29,,11.4,,2.82258,,0.054,,0.131,,148,,0.228,,0.185,,2.8,,2.55,,15.6,,64
29060,U3,Ure at Boroughbridge,18/06/1996 09:04,<,0.02,<,0.1,,80,,4.144,,1.222,,29,,11,,2.59677,,0.025,,0.174,,73,,0.17,,0.09,,2,,1.53,,16.2,,68
29060,U3,Ure at Boroughbridge,25/06/1996 09:50,,0.038,<,0.1,,75,,3.84,,1.961,,31,,13.8,,2.37097,,0.029,,0.318,,29,,0.18,,0.03,,2.6,,0.02,,17.6,,83
29060,U3,Ure at Boroughbridge,02/07/1996 09:55,,,<,0.1,,83,,3.224,,1.908,,32,,14.2,,1.80645,,0.03977,,0.296,,29,,1.27,,1.16,,2.4,,0.04,,18.8,,87
29060,U3,Ure at Boroughbridge,04/07/1996 09:32,,,<,0.1,,75,,3.705,,1.858,,31,,14.6,,2.14516,,,,0.224,,30,,0.18,,0.1,,2.4,,0.32,,17.4,,86
29060,U3,Ure at Boroughbridge,09/07/1996 10:05,,0.079,<,0.1,,50,,9.636,,1.215,,20,,8,,1.24194,,0.0217,,0.071,,83,,0.16,,0.12,,1.4,,3.62,,11,,45
29060,U3,Ure at Boroughbridge,16/07/1996 10:15,<,0.02,<,0.1,,75,,4.58,,1.499,,28,,12.2,,1.91935,,0.02503,,0.247,,84,,0.2,,0.1,,2,,2.26,,15.4,,77
29060,U3,Ure at Boroughbridge,23/07/1996 08:29,,0.045,<,0.1,,75,,3.856,,1.268,,33,,15.8,,1.24194,,0.02763,,1.175,,19,,0.11,,0.07,,2.2,,0.24,,18.4,,91
29060,U3,Ure at Boroughbridge,30/07/1996 09:50,,0.126,<,0.1,,80,,3.097,,1.41,,35,,15.6,,1.91935,,0.0525,,0.195,,157,,0.25,,0.2,,3,,3.3,,19.2,,95
29060,U3,Ure at Boroughbridge,06/08/1996 10:15,,0.039,<,0.1,,70,,4.596,,1.334,,30,,11.2,,1.58065,,0.02863,,0.207,,101,,0.17,,0.12,,2.4,,0.85,,17.6,,69
29060,U3,Ure at Boroughbridge,13/08/1996 09:55,,0.022,<,0.1,,60,,4.729,,1.33,,24,,8.8,,1.46774,,0.02325,,0.111,,104,,0.18,,0.14,,2.2,,2.39,,13.2,,39
29060,U3,Ure at Boroughbridge,20/08/1996 08:30,,0.046,<,0.1,,75,,5.534,,0.954,,28,,12.6,,2.25806,,0.045,,0.161,,170,,0.26,,0.22,,3.2,,2.85,,16.2,,79
29060,U3,Ure at Boroughbridge,27/08/1996 10:50,,0.072,<,0.1,,58,,4.31,,2.038,,23,,7.8,,1.01613,,0.019,,0.182,,93,,0.18,,0.14,,2.6,,2.98,,14,,34
29060,U3,Ure at Boroughbridge,03/09/1996 09:30,,0.07,<,0.1,,60,,10.424,,0.89,,21,,8.6,,1.35484,,0.024,,0.104,,125,,0.21,,0.18,,2.2,,4.26,,12.4,,53
29060,U3,Ure at Boroughbridge,11/09/1996 10:30,,0.087,<,0.1,,80,,4.26,,0.613,,29,,13,,2.37097,,0.029,,0.071,,163,,0.241,,0.218,,2.8,,3.95,,16.4,,82
29060,U3,Ure at Boroughbridge,17/09/1996 09:30,,0.015,<,0.1,,85,,3.06,,0.432,,30,,13.2,,2.03226,,0.019,,0.061,,145,,0.205,,0.18,,2.2,,3.95,,17.4,,92
29060,U3,Ure at Boroughbridge,24/09/1996 08:25,,0.017,<,0.1,,93,,2.82,,0.611,,34,,15.8,,2.70968,,0.015,,0.099,,138,,0.188,,0.164,,2.4,,2.43,,19.4,,105
29060,U3,Ure at Boroughbridge,30/09/1996 11:15,,0.038,<,0.1,,19.5,,18.95,,5.357,,9,,2,,0.790323,,0.007,,0.464,,27,,0.216,,0.09,,1.4,,1.76,,5.2,,11
29060,U3,Ure at Boroughbridge,08/10/1996 09:35,,0.021,<,0.1,,45,,10.91,,0.902,,16,,5.6,,1.46774,,0.011,,0.11,,80,,0.176,,0.153,,1.6,,3.45,,9.4,,34
29060,U3,Ure at Boroughbridge,15/10/1996 10:15,,0.039,<,0.1,,75,,5.76,,0.466,,24,,10.2,,2.14516,,,,0.067,,135,,0.187,,0.17,,2.8,,4.18,,14.2,,65
29060,U3,Ure at Boroughbridge,20/10/1996 09:05,,0.016,<,0.1,,34.5,,13.91,,1.428,,14,,4.2,,1.01613,,,,0.155,,56,,0.172,,0.123,,1.4,,2.55,,8.2,,20
29060,U3,Ure at Boroughbridge,28/10/1996 09:40,,,<,0.1,,22,,21.996,,3.561,,10,,2.2,,1.01613,,0.01,,0.201,,23,,0.165,,0.067,,1.4,,2.45,,5.8,,11
29060,U3,Ure at Boroughbridge,05/11/1996 11:10,,0.024,<,0.05,,29,,11.663,,3.581,,12,,2.8,,0.632258,,0.006,,0.248,,35,,0.165,,0.065,,1.2,,2.9,,6.8,,12.5
29060,U3,Ure at Boroughbridge,12/11/1996 11:25,,0.021,<,0.05,,49,,6.042,,0.632,,19.5,,6,,1.53548,,0.008,,0,,59,,0.093,,0.077,,1.8,,4.11,,10.6,,32
29060,U3,Ure at Boroughbridge,18/11/1996 12:55,,0.036,<,0.05,,55,,3.607,,0.341,,24,,6.5,,2.39355,,0.014,,0.02,,65,,0.13,,0.11,,2.9,,4.36,,11.2,,35
29060,U3,Ure at Boroughbridge,26/11/1996 09:10,,0.055,<,0.05,,47.5,,4.757,,3.684,,36,,4.9,,2.93548,,0.01,,0.286,,37,,0.142,,0.053,,2.2,,3.63,,19.5,,19
29060,U3,Ure at Boroughbridge,03/12/1996 09:55,,0.043,<,0.05,,27.5,,9.21,,1.178,,26,,3.2,,1.26452,,0.008,,0.083,,24,,0.09,,0.067,,1.2,,2.79,,14.5,,15.5
29060,U3,Ure at Boroughbridge,10/12/1996 09:00,,0.063,<,0.05,,58,,3.734,,0.344,,23,,6.3,,3.92903,,0.01,,0.063,,44,,0.065,,0.059,,1.9,,4.41,,12,,29
29060,U3,Ure at Boroughbridge,16/12/1996 11:25,,0.037,<,0.05,,63,,3.739,,0.473,,25,,8.5,,3.74839,,0.011,,0.043,,61,,0.167,,0.147,,1.9,,4.88,,12.7,,49
119668,TW13,Tweed at Boleside,22/08/1994 10:15,,,<,0.1,,16.5,,2.03,,,,12,,5,,0.564516,,,,,,23,,0.045,,0.037,,0.8,,0.73,,8.2,,8
119668,TW13,Tweed at Boleside,05/09/1994 09:15,,,<,0.1,,15.5,,1.68,,0.38,,10,,4.6,,0.564516,,,,0.052,,4,,0.091,,0.079,,0.8,,1.88,,7.2,,7
119668,TW13,Tweed at Boleside,12/09/1994 11:45,,,<,0.1,,12,,3.95,,0.806,,8,,3.6,,0.564516,,,,0.055,,,,0.063,,0.042,,0.8,,3.19,,5.8,,6
119668,TW13,Tweed at Boleside,19/09/1994 10:00,,,<,0.1,,15,,1.84,,0.376,,11,,4.6,,0.33871,,,,0.055,,11,,0.056,,0.033,,0.8,,2.12,,7.4,,8
119668,TW13,Tweed at Boleside,10/10/1994 08:00,,,<,0.1,,15.5,,1.84,,0.467,,10,,4.8,,0.564516,,,,0.061,,11,,0.037,,0.032,,1.6,,2.42,,7,,7
119668,TW13,Tweed at Boleside,17/10/1994 09:30,,,<,0.1,,16,,2.3,,0.394,,11,,5.4,,0.677419,,,,0.04,,85,,0.077,,0.069,,0.8,,2.71,,7.4,,8
119668,TW13,Tweed at Boleside,24/10/1994 10:00,,,<,0.1,,11,,4.95,,1.802,,10,,3.6,,0.451613,,,,0.195,,8,,0.073,,0.05,,1.2,,4.86,,6.4,,8
119668,TW13,Tweed at Boleside,31/10/1994 10:30,,,<,0.1,,12,,4.95,,2.677,,9,,3.6,,0.451613,,,,0.256,,12,,0.107,,0.055,,1,,4.06,,6.2,,7
119668,TW13,Tweed at Boleside,07/11/1994 08:20,,,<,0.1,,12.5,,3.22,,0.514,,11,,3.8,,0.677419,,,,0.064,,13,,0.059,,0.039,,1,,5.69,,6,,8
119668,TW13,Tweed at Boleside,14/11/1994 09:45,,,<,0.1,,8.5,,5.91,,3.02,,9,,2.4,,1.35484,,,,0.274,,,,0.126,,0.059,,2,,4.67,,7.2,,7
119668,TW13,Tweed at Boleside,21/11/1994 11:30,,,<,0.1,,19,,2.66,,0.932,,14,,5.6,,1.80645,,,,0.063,,12,,0.263,,0.243,,1.8,,6.66,,8.4,,10
119668,TW13,Tweed at Boleside,28/11/1994 08:15,,,<,0.1,,15.5,,1.97,,0.431,,10,,4.6,,0.790323,,,,0.048,,38,,0.062,,0.043,,0.8,,6.73,,6.6,,7
119668,TW13,Tweed at Boleside,05/12/1994 10:00,,,<,0.1,,15,,3.18,,1.404,,11,,4.4,,0.903226,,,,0.154,,,,1.937,,0.088,,0.8,,6.24,,6.8,,8
119668,TW13,Tweed at Boleside,12/12/1994 11:00,,,<,0.1,,6,,4.57,,9.675,,7,,1.8,,0.451613,,,,0.849,,30,,0.383,,0.074,,1.4,,3.93,,4.2,,5
119668,TW13,Tweed at Boleside,19/12/1994 10:30,,,<,0.1,,12.5,,1.85,,0.398,,14,,3.8,,1.01613,,,,0.035,,12,,0.051,,0.038,,0.8,,6,,7.6,,8
119668,TW13,Tweed at Boleside,09/01/1995 10:00,,,<,0.1,,13,,1.9,,0.317,,13,,3.8,,1.12903,,,,0.036,,14,,0.035,,0.029,,0.8,,5.01,,7,,7
119668,TW13,Tweed at Boleside,16/01/1995 10:20,,,<,0.1,,14,,2.41,,0.347,,13,,4.2,,1.01613,,,,0.039,,15,,0.031,,0.021,,0.6,,6.39,,7.2,,8
119668,TW13,Tweed at Boleside,23/01/1995 11:00,,,<,0.1,,14,,2.09,,0.55,,18,,4.2,,1.35484,,,,0.065,,12,,0.032,,0.019,,1,,5.95,,9.6,,7
119668,TW13,Tweed at Boleside,30/01/1995 13:00,,,<,0.1,,12,,2.1,,0.577,,13,,3.4,,1.12903,,,,0.05,,7,,0.027,,0.015,,0.8,,5.63,,7.6,,7
119668,TW13,Tweed at Boleside,06/02/1995 09:15,,,<,0.1,,10,,1.82,,0.443,,11,,3,,0.790323,,,,0.046,,11,,0.028,,0.011,,0.8,,4.34,,6.4,,6
119668,TW13,Tweed at Boleside,13/02/1995 10:00,,,<,0.1,,11,,2.81,,0.466,,13,,3,,0.790323,,,,0.041,,22,,0.104,,0.015,,0.6,,5.45,,6.8,,6
119668,TW13,Tweed at Boleside,19/02/1995 12:30,,,<,0.1,,9,,3.13,,1.191,,10,,2.6,,0.677419,,,,0.065,,11,,0.043,,0.015,,0.6,,4.52,,5.4,,5
119668,TW13,Tweed at Boleside,27/02/1995 08:30,,,<,0.1,,13,,1.64,,0.384,,13,,4.2,,1.24194,,,<,0.015,,8,,0.025,,0.015,,0.8,,5.74,,7.4,,8
119668,TW13,Tweed at Boleside,06/03/1995 10:10,,,<,0.1,,14,,1.93,,0.397,,21,,4.2,,1.12903,,,,0.036,,14,,0.034,,0.023,,1,,7.6,,11.6,,7
119668,TW13,Tweed at Boleside,13/03/1995 08:45,,,<,0.1,,11,,,,,,11,,3,,0.903226,,,,,,7,,,,,,1,,,,6.2,,7
119668,TW13,Tweed at Boleside,13/03/1995 10:10,,,,,,,,3.1,,0.026,,,,,,,,,,0.015,,,,0.047,,0.009,,,,6.15,,,,
119668,TW13,Tweed at Boleside,20/03/1995 10:00,,,<,0.1,,13,,1.48,,0.367,,12,,3.8,,1.12903,,,,0.031,<,5,,0.022,,0.014,,0.6,,5.28,,7.2,,7
119668,TW13,Tweed at Boleside,27/03/1995 09:30,,,<,0.1,,12,,2.37,,1.384,,11,,3.4,,0.790323,,,,0.155,,16,,0.049,,0.018,,0.8,,3.54,,7,,6
119668,TW13,Tweed at Boleside,03/04/1995 08:30,,,<,0.1,,15,,1.75,,0.501,,12,,4.2,,0.903226,,,,0.05,,13,,0.024,,0.016,,0.8,,3.78,,7.6,,7
119668,TW13,Tweed at Boleside,10/04/1995 09:30,,,<,0.1,,15,,1.19,,0.506,,13,,4.2,,0.903226,,,,0.051,,23,,0.037,,0.021,,0.8,,3.9,,7.2,,8
119668,TW13,Tweed at Boleside,18/04/1995 08:00,,,<,0.1,,17,,1.41,,0.459,,14,,4.8,,1.01613,,,,0.052,,12,,0.026,,0.019,,0.8,,3.1,,7.8,,8
119668,TW13,Tweed at Boleside,24/04/1995 10:00,,,<,0.1,,16,,,,,,13,,4,,4.06452,,,,,,23,,,,,,1,,,,9,,7
119668,TW13,Tweed at Boleside,01/05/1995 08:20,,,<,0.1,,18,,1.75,,0.583,,13,,5,,0.903226,,,,0.078,<,5,,2.503,,2.408,,1,,1.36,,8,,8
119668,TW13,Tweed at Boleside,09/05/1995 12:00,<,0.02,<,0.1,,18,,1.54,,0.568,,13,,5,,0.903226,,0.015,,0.067,,59,,0.045,,0.04,,1,,1.33,,8,,8
119668,TW13,Tweed at Boleside,15/05/1995 12:00,<,0.02,<,0.1,,17,,1.21,,0.867,,13,,5,,1.12903,,,,0.113,,75,,0.044,,0.038,,1,,1.53,,9,,15
119668,TW13,Tweed at Boleside,30/05/1995 07:50,,,<,0.1,,10,,4.49,,0.509,,8,,3,,0.451613,,,,0.055,,23,,0.046,,0.025,,1,,2.32,,5,,6
119668,TW13,Tweed at Boleside,05/06/1995 07:30,,0.086,<,0.1,,14,,3.41,,0.397,,9,,4,,0.677419,,0.01,,0.033,,26,,0.065,,0.043,,1,,2.2,,7,,6
119668,TW13,Tweed at Boleside,11/06/1995 08:45,,,<,0.1,,16,,1.86,,0.467,,12,,4,,0.903226,,0.016,,0.045,,25,,0.071,,0.053,,1,,2.06,,7,,9
119668,TW13,Tweed at Boleside,19/06/1995 09:30,,0.029,<,0.1,,16,,1.46,,0.477,,13,,5,,0.903226,,0.019,,0.049,,44,,0.063,,0.051,,1,,2.4,,8,,9
119668,TW13,Tweed at Boleside,26/06/1995 09:30,,0.037,<,0.1,,16,,1.67,,0.603,,12,,5,,0.903226,,0.016,,0.062,,55,,0.073,,0.055,,1,,1.78,,8,,9
119668,TW13,Tweed at Boleside,03/07/1995 07:20,,0.048,<,0.1,,18,,1.64,,2.05,,13,,5,,0.677419,,0.012,,0.3,,31,,1.365,,1.207,,1,,1.88,,9,,9
119668,TW13,Tweed at Boleside,10/07/1995 09:15,,0.05,<,0.1,,17,,1.76,,0.838,,15,,5,,0.677419,,0.012,,0.107,,51,,0.332,,0.068,,1,,1.2,,10,,9
119668,TW13,Tweed at Boleside,17/07/1995 08:00,,0.023,<,0.1,,17,,2.38,,0.69,,12,,5,,0.677419,,0.009,,0.099,,30,,0.1,,0.064,,1,,2.25,,8,,9
119668,TW13,Tweed at Boleside,23/07/1995 08:30,,0.034,<,0.1,,17,,2.04,,0.394,,12,,5,,0.451613,,0.005,,0.072,,18,,0.058,,0.045,,1,,0.89,,8,,8
119668,TW13,Tweed at Boleside,29/07/1995 12:20,,0.034,<,0.1,,17,,1.79,,0.335,,13,,5,,0.677419,,0.008,,0.048,,16,,0.07,,0.059,,1,,0.73,,8,,8
119668,TW13,Tweed at Boleside,07/08/1995 11:30,,,<,0.1,,18,,,,0.48,,16,,5,,1.35484,,,,0.086,,52,,,,,,5,,,,13,,10
119668,TW13,Tweed at Boleside,13/08/1995 10:30,<,0.02,<,0.1,,18,,1.31,,0.429,,14,,5,,0.451613,,0.009,,0.063,,17,,0.065,,0.047,,1,,0.82,,9,,10
119668,TW13,Tweed at Boleside,21/08/1995 08:00,<,0.02,<,0.1,,17,,2.12,,1.147,,14,,5,,0.451613,,0.01,,0.174,,59,,0.074,,0.047,,1,,1.26,,9,,10
119668,TW13,Tweed at Boleside,28/08/1995 09:20,,,<,0.1,,16,,,,0.584,,11,,4,,0.451613,,,,0.098,,,,,,,,1,,,,8,,8
119668,TW13,Tweed at Boleside,04/09/1995 06:25,,0.03,<,0.1,,17,,4.29,,1.494,,12,,5,,0.677419,,0.013,,0.233,,30,,0.146,,0.117,,1,,4.9,,8,,11
119668,TW13,Tweed at Boleside,11/09/1995 08:30,<,0.02,<,0.1,,15,,3.04,,0.391,,12,,4,,0.677419,,0.008,,0.063,,41,,0.081,,0.068,,1,,8,,7,,11
119668,TW13,Tweed at Boleside,18/09/1995 09:25,,0.027,<,0.1,,17,,1.51,,0.31,,13,,5,,0.677419,,0.007,,0.056,,38,,0.062,,0.05,,1,,2.2,,8,,10
119668,TW13,Tweed at Boleside,25/09/1995 08:48,,0.056,<,0.1,,15,,3.61,,0.768,,11,,5,,0.451613,,0.005,,0.055,,,,0.078,,0.057,,1,,2.85,,7,,9
119668,TW13,Tweed at Boleside,02/10/1995 09:45,<,0.02,<,0.2,,15,,2.58,,0.392,,10,,4,<,0.225806,,0.004,,0.049,,,,0.088,,0.068,,1,,2.16,,7,,9
119668,TW13,Tweed at Boleside,16/10/1995 10:00,<,0.02,<,0.1,,12,,4.16,,1.528,,10,,4,,0.677419,,0.003,,0.163,,18,,0.072,,0.04,,1,,4.33,,7,,8
119668,TW13,Tweed at Boleside,23/10/1995 10:30,<,0.02,<,0.1,,10,,5.56,,1.421,,9,,3,,0.451613,,0.005,,0.135,,,,0.202,,0.164,,1,,4.72,,5,,7
119668,TW13,Tweed at Boleside,30/10/1995 11:00,<,0.02,<,0.1,,12,,2.7,,0.485,,11,,4,,0.903226,,0.004,,,,26,,0.042,,0.032,,1,,6.55,,6,,8
119668,TW13,Tweed at Boleside,06/11/1995 09:00,<,0.02,<,0.1,,15,,2.1,,0.265,,12,,4,,0.677419,,0.003,,0.025,,18,,0.062,,0.05,,1,,6.8,,7,,9
119668,TW13,Tweed at Boleside,13/11/1995 10:30,<,0.02,<,0.1,,12,,3.69,,0.379,,11,,4,,1.12903,,0.005,,0.045,,22,,0.051,,0.044,,1,,6.48,,6,,8
119668,TW13,Tweed at Boleside,20/11/1995 11:15,<,0.02,<,0.1,,14,,3.39,,0.248,,12,,4,,1.35484,,0.003,,0.018,,18,,0.042,,0.029,,1,,6.82,,7,,9
119668,TW13,Tweed at Boleside,27/11/1995 09:00,,0.022,<,0.1,,11,,7.03,,0.459,,11,,4,,0.903226,,0.003,,0.039,,18,,0.041,,0.033,,1,,5.84,,6,,8
119668,TW13,Tweed at Boleside,04/12/1995 09:00,,0.031,<,0.1,,14,,3.39,,0.458,,11,,4,,0.677419,,0.004,,0.054,,27,,0.073,,0.061,,1,,6.56,,6,,8
119668,TW13,Tweed at Boleside,11/12/1995 08:30,,,<,0.1,,16,,2.6,,0.205,,12,,5,,1.12903,,,,0.018,,,,0.032,,0.028,,1,,6.24,,7,,9
119668,TW13,Tweed at Boleside,18/12/1995 10:20,,,<,0.1,,18,,1.3,,0.173,,15,,5,,3.3871,,,,0.014,,47,,0.077,,0.062,,1,,6.32,,9,,10
119668,TW13,Tweed at Boleside,03/01/1996 09:30,,,<,0.1,,14,,3.54,,0.906,,16,,4.2,,10.3871,,,,0.1,,46,,0.094,,0.078,,1.2,,6.24,,9,,9
119668,TW13,Tweed at Boleside,08/01/1996 11:00,,0.022,<,0.1,,10,,6.01,,1.253,,12,,3,,1.69355,,0.007,,0.131,,15,,0.068,,0.032,,0.8,,5.38,,6.2,,8
119668,TW13,Tweed at Boleside,15/01/1996 09:30,<,0.02,<,0.1,,10.5,,3.03,,0.985,,10,,3,,1.24194,,0.003,,0.029,,16,,0.038,,0.029,,0.4,,5.93,,5.8,,7
119668,TW13,Tweed at Boleside,22/01/1996 09:40,,0.02,<,0.1,,15,,2.43,,0.32,,13,,4.4,,1.58065,,0.005,,0.038,,31,,0.044,,0.035,,0.6,,7.01,,7.2,,9
119668,TW13,Tweed at Boleside,29/01/1996 09:30,,0.038,<,0.1,,16,,1.4,,0.242,,25,,4.6,,1.12903,,0.007,,0.02,,31,,0.051,,0.045,,0.6,,6.5,,14.4,,9
119668,TW13,Tweed at Boleside,05/02/1996 10:30,,0.027,<,0.1,,17,,2.03,,0.275,,16,,5,,1.46774,,0.008,,0.03,,32,,0.051,,0.042,,0.8,,5.9,,8.8,,9
119668,TW13,Tweed at Boleside,12/02/1996 11:20,,0.043,<,0.1,,9.5,,8.07,,8.327,,15,,2.8,,2.03226,,0.006,,0.904,,37,,0.31,,0.062,,1,,4.48,,7.2,,7
119668,TW13,Tweed at Boleside,26/02/1996 10:30,<,0.02,<,0.1,,13.5,,1.66,,0.385,,15,,4,,1.58065,,0.005,,0.025,,11,,0.067,,0.059,,0.6,,5.95,,7.6,,8
119668,TW13,Tweed at Boleside,04/03/1996 10:50,<,0.02,<,0.1,,13,,3.25,,0.404,,13,,3.8,,1.24194,,0.004,,0.046,,18,,0.105,,0.095,,0.6,,4.95,,7,,8
119668,TW13,Tweed at Boleside,11/03/1996 10:45,,0.085,<,0.1,,15.5,,2.82,,0.299,,15,,4.8,,1.35484,,0.005,,0.026,,27,,0.056,,0.044,,0.4,,4.43,,7.8,,8
119668,TW13,Tweed at Boleside,18/03/1996 10:45,,0.023,<,0.1,,15.5,,1.93,,0.471,,17,,4.6,,1.35484,,0.005,,0.036,,16,,0.032,,0.029,,0.6,,5.2,,8.6,,9
119668,TW13,Tweed at Boleside,25/03/1996 09:45,,0.079,<,0.1,,15.5,,1.42,,0.274,,15,,4.6,,1.12903,,0.004,,0.038,,27,,0.044,,0.032,,0.6,,3.52,,8.2,,9
119668,TW13,Tweed at Boleside,01/04/1996 09:20,,,<,0.1,,16.5,,2.55,,0.205,,15,,5,,5.08065,,,,0.021,,28,,0.042,,0.039,,0.8,,2.25,,8,,9
119668,TW13,Tweed at Boleside,09/04/1996 08:20,,,<,0.1,,17,,2.3,,0.903,,16,,5.2,,1.12903,,,,0.145,,89,,0.106,,0.086,,1,,1,,9.2,,9
119668,TW13,Tweed at Boleside,15/04/1996 08:50,,0.031,<,0.1,,16.5,,1.58,,2.171,,15,,5,,1.12903,,0.011,,0.041,,72,,0.056,,0.047,,0.8,,2.05,,8.2,,9
119668,TW13,Tweed at Boleside,22/04/1996 08:45,<,0.02,<,0.1,,12,,2.51,,1.895,,11,,3.6,,0.790323,,0.006,,0.17,,21,,0.047,,0.033,,0.8,,2.99,,6.6,,7
119668,TW13,Tweed at Boleside,30/04/1996 08:20,,,<,0.1,,15.5,,0.67,,0.361,,12,,4.8,,2.82258,,,,0.05,,32,,0.027,,0.02,,0.8,,2.46,,7.4,,8
119668,TW13,Tweed at Boleside,05/05/1996 08:30,,,,,,,,2.64,,,,,,,,,,,,,,,,0.03,,0.02,,,,2.45,,,,
119668,TW13,Tweed at Boleside,07/05/1996 06:25,<,0.02,<,0.1,,15,,3.64,,0.832,,12,,4.2,,2.03226,,0.008,,0.081,,17,,0.037,,0.024,,1,,2.36,,7.4,,8
119668,TW13,Tweed at Boleside,15/05/1996 09:30,,,<,0.1,,17,,1.74,,0.824,,13,,5,,0.903226,,,,0.091,,13,,0.037,,0.016,,0.8,,0.62,,8,,9
119668,TW13,Tweed at Boleside,20/05/1996 08:40,,0.025,<,0.1,,16,,3.76,,0.589,,12,,4.8,,0.790323,,0.007,,0.063,,22,,0.036,,0.021,,0.6,,0.84,,7.2,,8
119668,TW13,Tweed at Boleside,28/05/1996 10:10,,,,,,,,3.28,,0.976,,,,,,,,,,0.067,,,,0.048,,0.033,,,,0.84,,,,
119668,TW13,Tweed at Boleside,03/06/1996 10:10,,0.025,<,0.1,,15.5,,3.79,,0.672,,11,,4.8,,0.677419,,0.008,,0.07,,40,,0.057,,0.052,,0.8,,1.18,,7.6,,7
119668,TW13,Tweed at Boleside,10/06/1996 08:45,,0.248,<,0.1,,16.5,,2.99,,2.296,,13,,4.8,,0.564516,,0.036,,0.294,,204,,0.255,,0.183,,0.8,,1.5,,8.4,,8
119668,TW13,Tweed at Boleside,17/06/1996 08:20,,0.179,<,0.1,,16.5,,2.642,,1.064,,13,,4.8,,0.564516,,0.015,,0.101,,123,,0.41,,0.2,,1,,2,,8.4,,8
119668,TW13,Tweed at Boleside,24/06/1996 07:45,,0.583,<,0.1,,18,,3.612,,1.16,,14,,5.4,,0.790323,,0.015,,0.1,,230,,0.32,,0.32,,1,,3,,9.2,,9
119668,TW13,Tweed at Boleside,01/07/1996 08:30,,,<,0.1,,17.5,,2.208,,1.443,,13,,5.2,,0.33871,,0.01482,,0.114,,146,,0.28,,0.26,,1,,3.08,,8.6,,9
119668,TW13,Tweed at Boleside,08/07/1996 08:30,,0.177,<,0.1,,16.5,,3.819,,0.571,,13,,4.8,,0.451613,,0.0093,,0.055,,90,,0.13,,0.11,,1,,3.19,,8.2,,8
119668,TW13,Tweed at Boleside,15/07/1996 07:10,,0.155,<,0.1,,18,,3.074,,0.751,,14,,5.4,,2.25806,,0.01081,,0.103,,84,,0.27,,0.25,,1,,1.83,,9,,10
119668,TW13,Tweed at Boleside,22/07/1996 09:00,,0.036,<,0.1,,18,,2.305,,0.694,,15,,5.6,,0.451613,,0.01267,,0.065,,48,,0.1,,0.08,,1.2,,1.01,,9.2,,9
119668,TW13,Tweed at Boleside,29/07/1996 08:30,,,<,0.1,,17,,3.442,,0.603,,15,,5,,0.790323,,,,0.061,,38,,0.07,,0.06,,1.6,,1.76,,8,,8
119668,TW13,Tweed at Boleside,05/08/1996 08:30,,,<,0.1,,18,,2.736,,0.533,,14,,5.4,,0.677419,,,,0.068,,24,,0.06,,0.06,,0.8,,0.88,,8.4,,8
119668,TW13,Tweed at Boleside,12/08/1996 10:15,<,0.02,<,0.1,,17.5,,3.178,,0.446,,13,,5.2,,0.677419,,0.0104,,0.031,,48,,0.1,,0.08,,1,,1.52,,8.4,,8
119668,TW13,Tweed at Boleside,19/08/1996 08:45,,0.01,<,0.1,,18,,2.678,,0.593,,14,,5.2,,0.451613,,0.015,,0.098,,61,,0.11,,0.1,,1,,1.24,,8.8,,9
119668,TW13,Tweed at Boleside,27/08/1996 09:50,,0.904,<,0.1,,15.5,,3.827,,2.691,,14,,4.8,,0.790323,,0.012,,0.391,,272,,0.4,,0.33,,1.4,,2.24,,9.4,,9
119668,TW13,Tweed at Boleside,02/09/1996 09:00,,0.008,<,0.1,,18.5,,2.047,,0.468,,15,,5.4,,0.451613,,0.009,,0.043,,61,,0.1,,0.09,,1.6,,2.29,,9,,9
119668,TW13,Tweed at Boleside,09/09/1996 09:15,,0.062,<,0.1,,18,,1.83,,0.327,,14,,5.2,,0.564516,,0.01,,0.041,,74,,0.116,,0.105,,1,,1.78,,8.8,,9
119668,TW13,Tweed at Boleside,16/09/1996 09:30,,0.013,<,0.1,,18,,1.34,,0.46,,14,,5.2,<,0.225806,,0.009,,0.054,,53,,0.1,,0.082,,0.8,,1.78,,8.8,,9
119668,TW13,Tweed at Boleside,23/09/1996 10:30,,0.234,<,0.1,,19,,1.51,,1.097,,16,,5.4,,0.790323,,0.016,,0.176,,120,,0.31,,0.284,,1.2,,1.73,,10.6,,10
119668,TW13,Tweed at Boleside,30/09/1996 08:45,,,,,,,,4.77,,0.686,,,,,,,,,,0.077,,,,0.106,,0.091,,,,2.47,,,,
119668,TW13,Tweed at Boleside,01/10/1996 08:45,,0.037,<,0.1,,16,,,,,,12,,4.8,,0.677419,,0.006,,,,48,,,,,,1,,,,7.4,,9
119668,TW13,Tweed at Boleside,07/10/1996 09:22,,0.323,<,0.1,,16,,3.27,,0.669,,13,,4.8,,0.790323,,0.01,,0.095,,266,,0.19,,0.169,,1.2,,2.6,,8.6,,9
119668,TW13,Tweed at Boleside,14/10/1996 08:50,,0.084,<,0.1,,11.5,,6.37,,1.648,,10,,3.6,,0.564516,,,,0.194,,173,,0.136,,0.096,,1,,4.18,,6.2,,8
119668,TW13,Tweed at Boleside,21/10/1996 08:20,,,<,0.1,,13,,4.73,,0.503,,10,,3.8,,0.677419,,,,0.052,,,,0.118,,0.114,,0.8,,4.53,,6.4,,8
119668,TW13,Tweed at Boleside,28/10/1996 09:45,,,<,0.1,,9,,8.507,,1.472,,8,,2.8,,0.564516,,0.004,,0.104,,72,,0.093,,0.047,,1,,4.26,,5,,6
119668,TW13,Tweed at Boleside,04/11/1996 10:00,,0.005,<,0.05,,9,,6.57,,0.836,,8.5,,2.7,,0.587097,,0.004,,0.04,,18,,0.062,,0.044,,0.8,,4.58,,5.1,,6.5
119668,TW13,Tweed at Boleside,11/11/1996 09:00,,0.038,<,0.05,,12.5,,3.334,,1.363,,12.5,,3.6,,1.49032,,0.004,,0.033,,17,,0.068,,0.034,,0.7,,3.19,,6.6,,8
119668,TW13,Tweed at Boleside,18/11/1996 10:00,<,0.00004,<,0.05,,13.8,,2.635,,0.279,,14.5,,4.1,,1.67097,,,,0.012,,265,,0.047,,0.041,,0.9,,6.02,,8,,8.5
119668,TW13,Tweed at Boleside,02/12/1996 10:15,,0.097,<,0.05,,9.5,,6.634,,0.881,,13,,2.8,,1.21935,,0.004,,0.062,,14,,0.064,,0.035,,0.8,,5.44,,6.7,,6.5
119668,TW13,Tweed at Boleside,09/12/1996 09:00,,0.019,<,0.05,,10,,4.884,,1.469,,20,,2.9,<,0.112903,,0.005,,0.135,,26,,0.131,,0.078,,6.6,,5.44,,8.8,,6.5
119668,TW13,Tweed at Boleside,15/12/1996 10:10,<,0.00004,<,0.05,,12.8,,2.888,,0.385,,14,,3.8,,1.4,,,,0.028,,256,,0.042,,0.036,,0.8,,6.59,,7.4,,8
119668,TW13,Tweed at Boleside,06/01/1997 10:30,<,0.00004,<,0.05,,17,,1.373,,0.208,,23,,5,,1.53548,,0.007,,0.012,,15,,0.087,,0.078,,0.9,,6.7,,11.8,,9.5
119668,TW13,Tweed at Boleside,13/01/1997 10:40,<,0.00004,<,0.05,,10,,5.578,,0.656,,12.5,,2.9,,1.12903,,0.005,,0.039,,7,,0.037,,0.011,,0.8,,5.07,,6.7,,7
119668,TW13,Tweed at Boleside,20/01/1997 11:30,<,0.00004,<,0.05,,15,,1.867,,0.469,,17,,4.5,,0.677419,,0.006,,0.054,,26,,0.077,,0.073,,1.1,,7.19,,8.7,,8.5
119668,TW13,Tweed at Boleside,27/01/1997 10:20,<,0.00004,<,0.05,,16,,3.775,,0.115,,17.5,,4.7,,1.03871,,0.005,,0.009,,25,,0.097,,0.086,,0.9,,5.72,,9.4,,9
119668,TW13,Tweed at Boleside,03/02/1997 10:15,<,0.00004,<,0.05,,16.7,,1.81,,0.2,,18,,4.9,,0.993548,,0.006,,0.006,,41,,0.091,,0.075,,0.9,,5.16,,10,,9
119668,TW13,Tweed at Boleside,10/02/1997 10:20,,0.00032,<,0.05,,9.6,,7.884,,5.478,,23,,3,,0.406452,,0.006,,0.474,,9,,0.296,,0.127,,1.4,,3.98,,11.8,,5.5
119668,TW13,Tweed at Boleside,17/02/1997 10:15,<,0.00004,<,0.05,,8.2,,4.881,,1.653,,12,,2.4,,0.722581,,,,0.103,,,,0.081,,0.038,,0.7,,4.34,,6.3,,5.5
119669,TW15,Tweed at Ormiston Mill,22/08/1994 12:20,,,<,0.1,,38.5,,2.2,,,,25,,16,,1.35484,,,,,,4,,0.024,,0.014,,2.6,,0.58,,16.2,,17
119669,TW15,Tweed at Ormiston Mill,05/09/1994 11:45,,,<,0.1,,43,,2.31,,0.764,,18,,13,,1.46774,,,,0.092,,9,,0.179,,0.139,,2,,1.25,,12.4,,13
119669,TW15,Tweed at Ormiston Mill,12/09/1994 13:30,,,<,0.1,,7.5,,2.8,,1.47,,13,,1.8,,0.790323,,,,0.131,,,,0.045,,0.023,,0,,0.44,,1.8,,9
119669,TW15,Tweed at Ormiston Mill,19/09/1994 13:00,,,<,0.1,,43,,2.75,,2.564,,18,,12.4,,1.69355,,,,0.295,,12,,0.066,,0.014,,1.6,,0.7,,12,,14
119669,TW15,Tweed at Ormiston Mill,10/10/1994 10:00,,,<,0.1,,45,,2.5,,0.381,,18,,14.2,,1.24194,,,,0.051,,10,,0.034,,0.021,,2.2,,0.63,,13.2,,13
119669,TW15,Tweed at Ormiston Mill,17/10/1994 10:30,,,<,0.1,,53,,3.01,,0.547,,21,,15,,2.03226,,,,0.078,,67,,0.039,,0.024,,2.2,,0.76,,13.4,,17
119669,TW15,Tweed at Ormiston Mill,24/10/1994 12:20,,,<,0.1,,25.5,,6.53,,1.254,,12,,7.2,,0.677419,,,,0.047,,44,,0.085,,0.062,,1.4,,3.8,,7.2,,9
119669,TW15,Tweed at Ormiston Mill,31/10/1994 12:00,,,<,0.1,,27.5,,6.27,,3.707,,11,,8.8,,0.564516,,,,0.409,,17,,0.146,,0.054,,1.8,,3.29,,6.8,,8
119669,TW15,Tweed at Ormiston Mill,07/11/1994 10:00,,,<,0.1,,30,,4.82,,0.528,,14,,7.8,,0.903226,,,,0.061,,13,,0.056,,0.043,,1.4,,4.49,,7.4,,11
119669,TW15,Tweed at Ormiston Mill,14/11/1994 11:10,,,<,0.1,,15.5,,7.96,,2.435,,12,,4.2,,1.24194,,,,0.245,,,,0.816,,0.743,,1.6,,3.96,,6.2,,9
119669,TW15,Tweed at Ormiston Mill,21/11/1994 13:25,,,<,0.1,,50,,4.33,,1.054,,23,,8.2,,4.40323,,,,0.108,,,,0.057,,0.038,,3.8,,4.88,,10.6,,32
119669,TW15,Tweed at Ormiston Mill,28/11/1994 10:15,,,<,0.1,,37.5,,2.83,,0.433,,13,,8.8,,1.24194,,,,0.058,,26,,0.052,,0.04,,1.2,,5.13,,7.4,,9
119669,TW15,Tweed at Ormiston Mill,05/12/1994 12:40,,,<,0.1,,30.5,,4.46,,1.005,,13,,7.4,,1.35484,,,,0.118,,,,0.071,,0.023,,1.4,,4.7,,7.2,,10
119669,TW15,Tweed at Ormiston Mill,12/12/1994 12:30,,,<,0.1,,15,,6.2,,4.674,,8,,3.4,,0.790323,,,,0.342,,27,,0.275,,0.003,,1.4,,3.53,,4.6,,6
119669,TW15,Tweed at Ormiston Mill,19/12/1994 12:30,,,<,0.1,,27.5,,3.91,,0.553,,14,,6.6,,1.80645,,,,0.047,,26,,0.056,,0.04,,1.2,,4.61,,7.6,,9
119669,TW15,Tweed at Ormiston Mill,09/01/1995 11:00,,,<,0.1,,29.5,,3.3,,0.373,,16,,7.2,,1.80645,,,,0.034,,32,,0.053,,0.038,,1.2,,4.71,,8,,10
119669,TW15,Tweed at Ormiston Mill,16/01/1995 13:00,,,<,0.1,,32,,2.87,,0.489,,19,,8.4,,1.35484,,,,0.058,,24,,0.042,,0.027,,1.2,,4.74,,9.6,,10
119669,TW15,Tweed at Ormiston Mill,23/01/1995 13:00,,,<,0.1,,29,,3.45,,0.562,,22,,7,,2.37097,,,,0.056,,22,,0.04,,0.023,,1.4,,4.37,,10.8,,9
119669,TW15,Tweed at Ormiston Mill,30/01/1995 13:45,,,<,0.1,,22,,3.73,,0.436,,14,,5.8,,1.58065,,,,0.03,,14,,0.035,,0.025,,1,,4.06,,7.8,,7
119669,TW15,Tweed at Ormiston Mill,06/02/1995 11:30,,,<,0.1,,30,,2.47,,0.349,,14,,7.4,,1.69355,,,,0.041,,21,,0.037,,0.021,,1.2,,3.72,,7.8,,9
119669,TW15,Tweed at Ormiston Mill,13/02/1995 11:00,,,<,0.1,,17,,5.37,,1.183,,12,,4.2,,1.01613,,,,0.084,,34,,0.109,,0.051,,1,,3.88,,6.2,,7
119669,TW15,Tweed at Ormiston Mill,19/02/1995 13:00,,,<,0.1,,16,,5.42,,1.77,,12,,3.8,,0.903226,,,,0.059,,19,,0.092,,0.038,,1.2,,3.58,,5.8,,6
119669,TW15,Tweed at Ormiston Mill,27/02/1995 12:40,,,<,0.1,,33,,2.13,,0.266,,16,,8.4,,2.25806,,,,0.023,,21,,0.03,,0.018,,1.4,,4.16,,8,,10
119669,TW15,Tweed at Ormiston Mill,06/03/1995 12:25,,,<,0.1,,30,,3.29,,0.958,,22,,7.8,,1.91935,,,,0.081,,30,,0.042,,0.029,,2,,3.98,,11,,9
119669,TW15,Tweed at Ormiston Mill,13/03/1995 09:40,,,<,0.1,,30,,,,,,15,,7,,1.58065,,,,,,14,,,,,,1,,,,7.8,,9
119669,TW15,Tweed at Ormiston Mill,13/03/1995 12:25,,,,,,,,2.28,,0.013,,,,,,,,,,0.017,,,,0.015,,0.013,,,,5.08,,,,
119669,TW15,Tweed at Ormiston Mill,20/03/1995 12:00,,,<,0.1,,33,,2.33,,1.449,,15,,7.8,,1.46774,,,,0.125,,6,,0.037,,0.009,,1,,2.98,,8.4,,9
119669,TW15,Tweed at Ormiston Mill,27/03/1995 10:45,,,<,0.1,,35,,2.38,,0.635,,18,,9,,1.46774,,,,0.094,,17,,0.021,,0.009,,1.4,,2.22,,11,,9
119669,TW15,Tweed at Ormiston Mill,03/04/1995 12:45,,,<,0.1,,39,,2.51,,0.622,,19,,11.2,,1.80645,,,,0.094,,7,,0.016,,0.008,,1.4,,0.82,,11,,11
119669,TW15,Tweed at Ormiston Mill,10/04/1995 10:40,,,<,0.1,,40,,1.92,,0.491,,19,,11.4,,2.03226,,,,0.077,,12,,0.019,,0.009,,1.4,,1.12,,10.2,,12
119669,TW15,Tweed at Ormiston Mill,18/04/1995 09:15,,,<,0.1,,40,,2.12,,0.592,,20,,12.2,,2.14516,,,,0.07,,24,,0.041,,0.029,,1.4,,1.2,,10.4,,12
119669,TW15,Tweed at Ormiston Mill,24/04/1995 12:00,,,<,0.1,,40,,,,,,19,,12,,1.35484,,,,,,11,,,,,,2,,,,11,,11
119669,TW15,Tweed at Ormiston Mill,01/05/1995 10:45,,,<,0.1,,45,,2.1,,0.469,,21,,14,,2.25806,,,,0.067,,7,,0.028,,0.018,,2,,0.45,,11,,14
119669,TW15,Tweed at Ormiston Mill,09/05/1995 14:15,,0.02,<,0.1,,44,,2.26,,1.08,,20,,15,,2.03226,,0.031,,0.118,,41,,0.07,,0.054,,2,,0.68,,11,,13
119669,TW15,Tweed at Ormiston Mill,15/05/1995 10:45,,0.049,<,0.1,,42,,2.11,,1.151,,18,,15,,2.03226,,,,0.131,,13,,0.043,,0.018,,2,,0.28,,11,,13
119669,TW15,Tweed at Ormiston Mill,30/05/1995 09:50,,,<,0.1,,29,,6.21,,0.512,,12,,8,,0.677419,,,,0.075,,24,,0.075,,0.039,,1,,1.86,,7,,9
119669,TW15,Tweed at Ormiston Mill,05/06/1995 08:30,,0.084,<,0.1,,38,,3.73,,0.727,,17,,12,,1.12903,,0.03,,0.073,,46,,0.114,,0.074,,1,,1.98,,11,,11
119669,TW15,Tweed at Ormiston Mill,11/06/1995 10:45,,,<,0.1,,41,,3.49,,0.46,,20,,13,,1.80645,,0.044,,0.066,,72,,1.224,,1.188,,1,,1.96,,11,,13
119669,TW15,Tweed at Ormiston Mill,19/06/1995 10:30,,0.029,<,0.1,,44,,2.24,,0.506,,22,,15,,1.80645,,0.042,,0.083,,47,,0.072,,0.05,,2,,2.32,,13,,15
119669,TW15,Tweed at Ormiston Mill,26/06/1995 11:15,<,0.02,<,0.1,,39,,2.66,,0.216,,19,,13,,1.80645,,0.039,,0.059,,67,,0.094,,0.074,,2,,2.98,,11,,13
119669,TW15,Tweed at Ormiston Mill,03/07/1995 10:15,,0.053,<,0.1,,46,,2.35,,1.002,,26,,16,,1.58065,,0.04,,0.162,,46,,0.135,,0.094,,2,,3.12,,16,,16
119669,TW15,Tweed at Ormiston Mill,10/07/1995 11:00,,0.036,<,0.1,,40,,2.29,,0.563,,24,,17,,1.35484,,0.028,,0.069,,11,,0.181,,0.167,,2,,0.9,,15,,16
119669,TW15,Tweed at Ormiston Mill,17/07/1995 10:20,,0.036,<,0.1,,39,,,,0.532,,22,,16,,1.35484,,0.033,,0.087,,16,,,,,,2,,,,13,,14
119669,TW15,Tweed at Ormiston Mill,23/07/1995 09:15,,0.026,<,0.1,,40,,2.39,,0.785,,22,,15,,0.903226,,0.031,,0.159,,37,,0.081,,0.039,,2,,0.74,,14,,14
119669,TW15,Tweed at Ormiston Mill,29/07/1995 15:15,,0.026,<,0.1,,36,,2.5,,0.695,,22,,16,,0.903226,,0.046,,0.106,,16,,0.758,,0.714,,2,,1.06,,13,,14
119669,TW15,Tweed at Ormiston Mill,07/08/1995 12:30,,,<,0.1,,32,,,,0.447,,24,,17,,0.903226,,,,0.039,,18,,,,,,2,,,,14,,20
119669,TW15,Tweed at Ormiston Mill,13/08/1995 13:00,<,0.02,<,0.1,,17,,2.07,,0.621,,32,,8,,0.903226,,0.09,,0.054,,7,,0.043,,0.034,,1,,0.62,,11,,19
119669,TW15,Tweed at Ormiston Mill,21/08/1995 10:30,<,0.02,<,0.1,,32,,4.21,,0.425,,29,,18,,0.903226,,0.1,,0.062,<,5,,0.043,,0.032,,2,,0.42,,18,,19
119669,TW15,Tweed at Ormiston Mill,28/08/1995 12:25,,,<,0.1,,40,,,,0.158,,27,,17,,1.35484,,,,0.023,,,,,,,,2,,,,18,,16
119669,TW15,Tweed at Ormiston Mill,04/09/1995 08:10,,0.146,<,0.1,,46,,2.46,,0.427,,28,,18,,1.58065,,0.142,,0.073,,28,,0.063,,0.058,,3,,1.46,,18,,19
119669,TW15,Tweed at Ormiston Mill,11/09/1995 11:10,,0.046,<,0.1,,33,,5.5,,0.541,,18,,10,,1.35484,,0.044,,0.091,,89,,0.145,,0.126,,2,,6.32,,10,,17
119669,TW15,Tweed at Ormiston Mill,18/09/1995 10:35,,0.052,<,0.1,,42,,2.54,,0.353,,24,,14,,1.58065,,0.045,,0.074,,67,,0.096,,0.081,,2,,1.08,,14,,17
119669,TW15,Tweed at Ormiston Mill,25/09/1995 11:00,<,0.02,<,0.1,,28,,6.25,,8.074,,13,,9,,0.677419,,0.016,,0.16,,,,0.161,,0.111,,1,,1.72,,8,,11
119669,TW15,Tweed at Ormiston Mill,02/10/1995 11:00,<,0.02,<,0.1,,42,,2.43,,1.139,,19,,13,,0.677419,,0.021,,0.157,,,,0.191,,0.152,,1,,0.56,,11,,15
119669,TW15,Tweed at Ormiston Mill,16/10/1995 11:30,<,0.02,<,0.1,,30,,4.42,,0.322,,12,,7,,0.677419,,0.007,,0.038,,28,,0.069,,0.055,,1,,1.22,,7,,10
119669,TW15,Tweed at Ormiston Mill,23/10/1995 12:30,<,0.02,<,0.1,,14,,9.18,,1.927,,10,,4,,0.451613,,0.007,,0.208,,,,0.107,,0.045,,1,,3.76,,5,,8
119669,TW15,Tweed at Ormiston Mill,30/10/1995 12:30,,0.022,<,0.1,,32,,3.15,,0.367,,13,,7,,0.903226,,0.006,,,,30,,0.051,,0.042,,1,,4.1,,7,,9
119669,TW15,Tweed at Ormiston Mill,06/11/1995 11:10,,0.021,<,0.1,,36,,2.28,,0.48,,14,,9,,1.12903,,0.008,,0.051,,35,,0.519,,0.506,,1,,4.18,,8,,10
119669,TW15,Tweed at Ormiston Mill,13/11/1995 11:45,,0.021,<,0.1,,24,,7.07,,1.588,,13,,6,,1.35484,,0.012,,0.167,,28,,0.046,,0.035,,1,,4.82,,7,,10
119669,TW15,Tweed at Ormiston Mill,20/11/1995 12:30,<,0.02,<,0.1,,32,,5.18,,0.544,,16,,8,,2.03226,,0.007,,0.069,,32,,0.055,,0.041,,1,,5.16,,8,,12
119669,TW15,Tweed at Ormiston Mill,27/11/1995 11:15,<,0.02,<,0.1,,27,,8.03,,0.583,,14,,6,,1.80645,,0.006,,0.042,,27,,0.046,,0.039,,1,,4.58,,7,,10
119669,TW15,Tweed at Ormiston Mill,04/12/1995 10:30,<,0.02,<,0.1,,37,,4.75,,0.475,,14,,9,,1.12903,,0.01,,0.047,,52,,0.078,,0.067,,1,,4.84,,8,,11
119669,TW15,Tweed at Ormiston Mill,11/12/1995 11:00,,,<,0.1,,35,,4.67,,0.83,,17,,9,,1.35484,,,,0.052,,,,0.061,,0.043,,1,,4.93,,9,,12
119669,TW15,Tweed at Ormiston Mill,18/12/1995 11:35,,,<,0.1,,39,,2.3,,0.211,,19,,11,,2.03226,,,,0.016,,50,,0.07,,0.06,,1,,4.69,,10,,13
119669,TW15,Tweed at Ormiston Mill,03/01/1996 11:30,,,<,0.1,,33,,4.87,,6.61,,21,,8.6,,2.48387,,,,0.578,,69,,0.319,,0.109,,2,,4.99,,10.6,,11
119669,TW15,Tweed at Ormiston Mill,08/01/1996 12:20,,0.046,<,0.1,,26,,7.96,,1.898,,18,,6.6,,2.93548,,0.014,,0.108,,21,,0.117,,0.048,,1.4,,4.78,,8.4,,12
119669,TW15,Tweed at Ormiston Mill,15/01/1996 11:40,,0.034,<,0.1,,27,,3.81,,0.352,,15,,5.8,,2.14516,,0.011,,0.034,,27,,0.05,,0.04,,0.8,,4.87,,7.4,,10
119669,TW15,Tweed at Ormiston Mill,22/01/1996 12:20,,0.038,<,0.1,,38.5,,3.59,,0.306,,17,,9.6,,2.25806,,0.022,,0.035,,53,,0.131,,0.122,,0.8,,5.18,,8.4,,12
119669,TW15,Tweed at Ormiston Mill,29/01/1996 11:00,,0.091,<,0.1,,39,,2.44,,0.971,,36,,11.2,,1.91935,,0.022,,0.089,,60,,0.104,,0.077,,1,,4.64,,20,,13
119669,TW15,Tweed at Ormiston Mill,05/02/1996 11:30,,0.029,<,0.1,,43,,3.67,,1.039,,29,,11.4,,2.93548,,0.011,,0.097,,46,,0.086,,0.057,,1.4,,3.9,,14.2,,14
119669,TW15,Tweed at Ormiston Mill,12/02/1996 12:10,,0.069,<,0.1,,14.5,,11.48,,12.68,,17,,3.8,,3.04839,,0.012,,1.267,,63,,0.748,,0.131,,1.8,,3.74,,7.4,,8
119669,TW15,Tweed at Ormiston Mill,26/02/1996 12:15,,0.024,<,0.1,,28.5,,3.98,,0.398,,20,,7.2,,2.93548,,0.005,,0.024,,20,,0.107,,0.092,,1,,4.44,,9,,10
119669,TW15,Tweed at Ormiston Mill,04/03/1996 14:15,,0.036,<,0.1,,27.5,,3.08,,0.47,,19,,7.4,,2.03226,,0.007,,0.045,,28,,0.094,,0.08,,0.8,,4.64,,9.2,,10
119669,TW15,Tweed at Ormiston Mill,11/03/1996 12:15,,0.256,<,0.1,,39,,2.65,,0.395,,21,,11.4,,2.59677,,0.009,,0.036,,31,,0.057,,0.053,,1,,2.72,,10.2,,13
119669,TW15,Tweed at Ormiston Mill,18/03/1996 11:40,,0.022,<,0.1,,32.5,,3.59,,0.446,,24,,8.8,,2.37097,,0.01,,0.042,,16,,0.089,,0.082,,1.2,,3.57,,11.8,,12
119669,TW15,Tweed at Ormiston Mill,25/03/1996 11:35,,0.033,<,0.1,,34,,2.1,,0.394,,18,,9.8,,2.03226,,0.01,,0.04,,36,,0.096,,0.063,,1,,2.33,,9.2,,12
119669,TW15,Tweed at Ormiston Mill,01/04/1996 10:40,,,<,0.1,,42,,3.55,,0.275,,20,,12.2,,2.70968,,,,0.032,,34,,0.05,,0.047,,1.2,,1.2,,9.8,,13
119669,TW15,Tweed at Ormiston Mill,09/04/1996 12:15,,,<,0.1,,44,,2.35,,0.786,,21,,13.8,,2.70968,,,,0.053,,45,,0.067,,0.058,,1.6,,1.27,,10.4,,14
119669,TW15,Tweed at Ormiston Mill,15/04/1996 10:00,,0.072,<,0.1,,43,,2.37,,0.349,,22,,13.4,,2.59677,,0.027,,0.027,,67,,0.09,,0.079,,1.6,,1.71,,11.2,,15
119669,TW15,Tweed at Ormiston Mill,22/04/1996 12:30,,0.032,<,0.1,,29.5,,3.58,,0.608,,14,,8,,1.24194,,0.011,,0.046,,22,,0.057,,0.043,,1,,2.22,,7.6,,10
119669,TW15,Tweed at Ormiston Mill,30/04/1996 09:25,,,<,0.1,,38,,2.01,,0.248,,17,,11.2,,1.12903,,,,0.031,,49,,0.049,,0.041,,1.2,,1.18,,9.8,,10
119669,TW15,Tweed at Ormiston Mill,05/05/1996 09:15,,,,,,,,3.54,,,,,,,,,,,,,,,,0.043,,0.037,,,,1.91,,,,
119669,TW15,Tweed at Ormiston Mill,07/05/1996 07:50,<,0.02,<,0.1,,38,,3.53,,0.399,,16,,8.8,,1.80645,,0.005,,0.037,,29,,0.05,,0.042,,1.2,,1.99,,8.4,,10
119669,TW15,Tweed at Ormiston Mill,15/05/1996 10:30,,,<,0.1,,43,,1.92,,0.656,,19,,11.8,,1.69355,,,,0.073,,36,,0.045,,0.037,,1.4,,0.61,,10.2,,12
119669,TW15,Tweed at Ormiston Mill,20/05/1996 09:30,,0.025,<,0.1,,44,,3.73,,0.4,,19,,12.6,,1.91935,,0.016,,0.04,,24,,0.033,,0.023,,1.4,,0.8,,9.8,,12
119669,TW15,Tweed at Ormiston Mill,28/05/1996 11:25,,,,,,,,5.29,,0.56,,,,,,,,,,0.035,,,,0.046,,0.036,,,,1.05,,,,
119669,TW15,Tweed at Ormiston Mill,03/06/1996 11:00,,0.027,<,0.1,,39,,4.76,,0.622,,15,,11.6,,1.12903,,0.018,,0.076,,24,,0.068,,0.064,,1.2,,1.3,,9.6,,10
119669,TW15,Tweed at Ormiston Mill,10/06/1996 10:30,,0.021,<,0.1,,44,,3.06,,0.435,,20,,13.8,,1.01613,,0.028,,0.065,,63,,0.106,,0.09,,1.4,,1.23,,10.6,,13
119669,TW15,Tweed at Ormiston Mill,17/06/1996 09:30,,0.032,<,0.1,,43,,3.562,,0.612,,18,,12,,1.24194,,0.042,,0.067,,45,,0.14,,0.14,,1.6,,1.92,,10.8,,12
119669,TW15,Tweed at Ormiston Mill,24/06/1996 08:50,,0.023,<,0.1,,47,,3.078,,0.696,,21,,15,,1.46774,,0.028,,0.059,,79,,0.16,,0.16,,1.8,,2.64,,12.2,,14
119669,TW15,Tweed at Ormiston Mill,01/07/1996 09:30,,,<,0.1,,47,,2.598,,0.907,,23,,16.2,,1.69355,,0.02646,,0.103,,69,,0.18,,0.16,,2,,1.93,,13,,15
119669,TW15,Tweed at Ormiston Mill,08/07/1996 09:30,<,0.02,<,0.1,,42,,4.7,,0.545,,21,,13.4,,1.46774,,0.0197,,0.065,,47,,0.1,,0.08,,1.6,,3.02,,11.6,,14
119669,TW15,Tweed at Ormiston Mill,15/07/1996 08:50,,0.023,<,0.1,,46,,3.89,,2.548,,23,,16.8,,1.12903,,0.02494,,0.259,,69,,0.15,,0.1,,1.8,,2.23,,13.2,,15
119669,TW15,Tweed at Ormiston Mill,22/07/1996 11:00,,0.092,<,0.1,,44,,2.878,,0.765,,27,,17,,1.12903,,0.03535,,0.107,,26,,0.08,,0.06,,2.2,,0.57,,16.2,,18
119669,TW15,Tweed at Ormiston Mill,29/07/1996 09:30,,,<,0.1,,41,,3.407,,1.167,,22,,15.4,,0.903226,,,,0.159,,40,,0.12,,0.08,,1.6,,0.66,,12.2,,14
119669,TW15,Tweed at Ormiston Mill,05/08/1996 10:25,,,<,0.1,,43,,3.322,,0.921,,24,,16.8,,1.12903,,,,0.133,,53,,0.11,,0.09,,1.6,,0.19,,13.4,,15
119669,TW15,Tweed at Ormiston Mill,12/08/1996 11:15,<,0.02,<,0.1,,42,,3.706,,1.421,,22,,15,,0.903226,,0.03291,,0.179,,128,,0.2,,0.19,,2,,0.75,,13,,13
119669,TW15,Tweed at Ormiston Mill,19/08/1996 10:30,,0.033,<,0.1,,42,,3.676,,1.62,,28,,16.8,,0.564516,,0.049,,0.134,,58,,0.12,,0.1,,2.2,,0.25,,17.2,,16
119669,TW15,Tweed at Ormiston Mill,27/08/1996 10:40,,0.152,<,0.1,,42,,3.074,,1.518,,25,,14.6,,0.903226,,0.045,,0.189,,72,,0.12,,0.12,,2.2,,0.3,,15.2,,15
119669,TW15,Tweed at Ormiston Mill,02/09/1996 10:00,,0.015,<,0.1,,45,,3.544,,0.347,,25,,15.2,,0.903226,,0.043,,0.039,,96,,0.16,,0.15,,2.2,,0.44,,15,,15
119669,TW15,Tweed at Ormiston Mill,09/09/1996 11:00,,0.003,<,0.1,,46,,2.37,,0.345,,25,,15.8,,1.12903,,0.037,,0.05,,80,,0.176,,0.168,,2,,0.32,,14.4,,15
119669,TW15,Tweed at Ormiston Mill,16/09/1996 11:40,,0.014,<,0.1,,44,,2.44,,0.264,,28,,17,,1.12903,,0.041,,0.036,,47,,0.09,,0.075,,2,,0.32,,16.4,,15
119669,TW15,Tweed at Ormiston Mill,23/09/1996 11:30,,0.036,<,0.1,,47,,1.78,,0.416,,27,,17.8,,1.46774,,0.052,,0.066,,85,,0.148,,0.138,,2,,0.58,,16.2,,17
119669,TW15,Tweed at Ormiston Mill,30/09/1996 09:45,,,,,,,,10.63,,1.29,,,,,,,,,,0.163,,,,0.143,,0.102,,,,1.99,,,,
119669,TW15,Tweed at Ormiston Mill,01/10/1996 09:45,,0.034,<,0.1,,28.5,,,,,,15,,9.6,,0.903226,,0.025,,,,45,,,,,,2,,,,8,,10
119669,TW15,Tweed at Ormiston Mill,07/10/1996 10:42,,0.049,<,0.1,,37.5,,5.36,,0.687,,20,,11.4,,1.46774,,0.047,,0.081,,79,,0.128,,0.114,,1.8,,3.5,,11.4,,14
119669,TW15,Tweed at Ormiston Mill,14/10/1996 11:15,,0.046,<,0.1,,27.5,,9.49,,0.968,,14,,7.6,,1.01613,,,,0.124,,47,,0.105,,0.086,,1.4,,3.89,,8.4,,11
119669,TW15,Tweed at Ormiston Mill,21/10/1996 10:25,,,<,0.1,,31,,6.88,,0.439,,13,,8,,0.903226,,,,0.042,,,,0.093,,0.082,,1.2,,3.75,,8,,10
119669,TW15,Tweed at Ormiston Mill,28/10/1996 12:00,,,<,0.1,,20.5,,12.024,,1.159,,12,,4.8,,0.677419,,0.008,,0.095,,39,,0.115,,0.072,,1.4,,3.63,,6.4,,8
119669,TW15,Tweed at Ormiston Mill,04/11/1996 11:00,,0.001,<,0.05,,25,,7.438,,0.682,,12,,5.6,,0.722581,,0.005,,0.056,,23,,0.075,,0.051,,1.1,,4.14,,6.4,,8
119669,TW15,Tweed at Ormiston Mill,11/11/1996 10:45,,0.022,<,0.05,,34.5,,4.038,,0.452,,14.5,,7.7,,1.4,,0.004,,0,,28,,0.069,,0.056,,1.1,,3.28,,7.7,,9.5
119669,TW15,Tweed at Ormiston Mill,18/11/1996 11:10,<,0.00004,<,0.05,,29.5,,5.85,,0.502,,16,,6.9,,1.71613,,,,0.015,,26,,0.178,,0.156,,1.4,,4.38,,7.8,,10
119669,TW15,Tweed at Ormiston Mill,02/12/1996 11:40,,0.026,<,0.05,,23.5,,7.847,,0.565,,16,,5.3,,1.44516,,0.005,,0.047,,22,,0.07,,0.047,,1,,4.19,,8.1,,8
119669,TW15,Tweed at Ormiston Mill,09/12/1996 11:00,,0.02,<,0.05,,20.5,,7.133,,0.711,,14.5,,4.7,,1.67097,,0.006,,0.071,,23,,0.069,,0.044,,1.2,,4.32,,7.2,,8
119669,TW15,Tweed at Ormiston Mill,15/12/1996 11:10,<,0.00004,<,0.05,,34,,4.102,,0.243,,18.5,,8.1,,2.03226,,,,0.019,,47,,0.052,,0.046,,1.3,,4.83,,9.3,,10
119669,TW15,Tweed at Ormiston Mill,06/01/1997 11:30,<,0.00004,<,0.05,,39,,2.974,,0.403,,35,,10.3,,2.89032,,0.01,,0.034,,22,,0.103,,0.092,,1.7,,4.96,,17.3,,12.5
119669,TW15,Tweed at Ormiston Mill,13/01/1997 12:00,<,0.00004,<,0.05,,25,,7.821,,0.462,,20,,6.2,,2.30323,,0.01,,0.021,,12,,0.06,,0.023,,1.9,,4.97,,9.5,,10
119669,TW15,Tweed at Ormiston Mill,20/01/1997 12:30,<,0.00004,<,0.05,,41,,2.897,,0.214,,22,,10.5,,1.71613,,0.012,,0.022,,168,,0.089,,0.08,,1.7,,5.07,,11.1,,11.5
119669,TW15,Tweed at Ormiston Mill,27/01/1997 12:10,<,0.00004,<,0.05,,36,,2.244,,0.226,,21,,9.7,,0.677419,,0.008,,0.024,,22,,0.103,,0.087,,1.8,,3.54,,10.4,,11.5
119669,TW15,Tweed at Ormiston Mill,03/02/1997 11:15,<,0.00004,<,0.05,,41,,2.12,,0.372,,25,,11.6,,1.94194,,0.011,,0.022,,38,,0.077,,0.063,,1.4,,3.4,,12.7,,12.5
119669,TW15,Tweed at Ormiston Mill,10/02/1997 11:10,<,0.00004,<,0.05,,18.5,,6.737,,21.166,,14,,4.8,,1.08387,,0.014,,1.438,,22,,0.61,,0.077,,1.6,,3.74,,7.2,,6.5
119669,TW15,Tweed at Ormiston Mill,17/02/1997 12:15,<,0.00004,<,0.05,,16.6,,8.153,,1.567,,13.5,,4,,1.30968,,,,0.121,,,,0.176,,0.119,,1,,3.86,,6.5,,6.5
119670,TW14,Tweed at Norham,22/08/1994 14:10,,,<,0.1,,26.5,,2.48,,,,20,,9.6,,0.564516,,,,,,28,,0.038,,0.034,,1.6,,0.5,,12.6,,16
119670,TW14,Tweed at Norham,05/09/1994 13:45,,,<,0.1,,27,,2.28,,1.316,,16,,8.4,,0.790323,,,,0.144,,30,,0.132,,0.098,,1.6,,0.8,,11.2,,13
119670,TW14,Tweed at Norham,12/09/1994 15:00,,,<,0.1,,22,,3.24,,1.645,,13,,7.2,,0.677419,,,,0.154,,,,0.13,,0.059,,1.2,,0.93,,9.2,,11
119670,TW14,Tweed at Norham,19/09/1994 15:00,,,<,0.1,,24,,2.74,,2.024,,14,,7.6,,4.96774,,,,0.241,,21,,0.146,,0.086,,1.2,,1.28,,9.8,,13
119670,TW14,Tweed at Norham,10/10/1994 12:00,,,<,0.1,,25,,2.69,,0.555,,14,,8.4,,0.677419,,,,0.073,,25,,0.057,,0.042,,1.6,,0.81,,10.2,,13
119670,TW14,Tweed at Norham,17/10/1994 11:30,,,<,0.1,,25.5,,3.05,,0.615,,17,,9.2,,1.12903,,,,0.08,,77,,0.066,,0.052,,1.4,,0.43,,11.2,,16
119670,TW14,Tweed at Norham,24/10/1994 14:10,,,<,0.1,,13.5,,7.13,,3.664,,11,,4.6,,0.677419,,,,0.316,,16,,0.09,,0.058,,1.4,,4.31,,6.8,,10
119670,TW14,Tweed at Norham,31/10/1994 14:15,,,<,0.1,,24.5,,2.85,,1.965,,14,,8,,1.01613,,,,0.213,,33,,0.09,,0.059,,1.4,,3.35,,9.6,,12
119670,TW14,Tweed at Norham,07/11/1994 11:30,,,<,0.1,,17,,5.37,,2.834,,14,,5.4,,0.903226,,,,0.334,,33,,0.095,,0.049,,1.2,,5.14,,7.2,,12
119670,TW14,Tweed at Norham,14/11/1994 13:00,,,<,0.1,,13,,7.73,,4.762,,10,,3,,1.24194,,,,0.511,,,,0.951,,0.746,,1.4,,4.21,,5.6,,9
119670,TW14,Tweed at Norham,21/11/1994 15:20,,,<,0.1,,29.5,,3.81,,0.787,,14,,7,,1.58065,,,,0.092,,24,,0.066,,0.043,,1.4,,5.98,,7.2,,10
119670,TW14,Tweed at Norham,28/11/1994 13:15,,,<,0.1,,24,,2.42,,0.597,,14,,7,,1.46774,,,,0.069,,37,,0.079,,0.065,,1.2,,6.23,,8,,11
119670,TW14,Tweed at Norham,05/12/1994 14:50,,,<,0.1,,20,,4.33,,0.646,,13,,5.8,,1.12903,,,,0.074,,,,0.073,,0.015,,1,,5.25,,7.6,,11
119670,TW14,Tweed at Norham,12/12/1994 14:00,,,<,0.1,,9.5,,4.79,,10.946,,8,,2.4,,0.790323,,,,0.897,,37,,0.514,,0.093,,1.4,,3.79,,4.6,,6
119670,TW14,Tweed at Norham,19/12/1994 13:45,,,<,0.1,,17.5,,3.2,,0.488,,14,,5.2,,1.46774,,,,0.046,,25,,0.06,,0.042,,1,,5.38,,7.6,,10
119670,TW14,Tweed at Norham,09/01/1995 13:00,,,<,0.1,,20,,2.62,,1.221,,16,,6,,1.91935,,,,0.106,,25,,0.056,,0.036,,1.2,,5.63,,8.4,,11
119670,TW14,Tweed at Norham,16/01/1995 15:00,,,<,0.1,,25,,2.35,,0.387,,17,,7.4,,2.03226,,,,0.039,,41,,0.046,,0.033,,1,,5.84,,9,,12
119670,TW14,Tweed at Norham,23/01/1995 15:15,,,<,0.1,,22,,3.33,,0.784,,21,,6.4,,2.93548,,,,0.107,,23,,0.051,,0.029,,1.4,,5.28,,9.8,,11
119670,TW14,Tweed at Norham,30/01/1995 14:50,,,<,0.1,,16,,3.73,,0.736,,16,,4.8,,2.14516,,,,0.059,,15,,0.052,,0.031,,1,,4.96,,8.8,,9
119670,TW14,Tweed at Norham,06/02/1995 12:45,,,<,0.1,,18,,2,,0.479,,14,,5.2,,1.58065,,,,0.045,,21,,0.036,,0.02,,1,,4.11,,7.6,,10
119670,TW14,Tweed at Norham,13/02/1995 13:00,,,<,0.1,,14,,4.17,,1.456,,13,,3.8,,1.12903,,,,0.129,,29,,0.137,,0.059,,1,,4.5,,6.4,,8
119670,TW14,Tweed at Norham,19/02/1995 14:30,,,<,0.1,,15,,3.27,,2.638,,15,,4.4,,1.24194,,,,0.132,,23,,0.137,,0.036,,1,,4.68,,7.8,,8
119670,TW14,Tweed at Norham,27/02/1995 11:00,,,<,0.1,,23,,2.14,,1.443,,17,,6.6,,2.37097,,,,0.074,,16,,0.068,,0.024,,1.2,,4.44,,8.2,,11
119670,TW14,Tweed at Norham,06/03/1995 14:20,,,<,0.1,,24,,2.56,,0.794,,29,,7,,2.37097,,,,0.082,,28,,0.046,,0.023,,1.8,,5.08,,15.4,,12
119670,TW14,Tweed at Norham,13/03/1995 10:30,,,<,0.1,,15,,,,,,12,,4,,1.24194,,,,,,16,,,,,,0.8,,,,6.6,,8
119670,TW14,Tweed at Norham,13/03/1995 14:20,,,,,,,,3.12,,0.124,,,,,,,,,,0.027,,,,0.028,,0.01,,,,3.8,,,,
119670,TW14,Tweed at Norham,20/03/1995 13:30,,,<,0.1,,20,,2.11,,0.981,,15,,5.6,,1.24194,,,,0.084,,10,,0.035,,0.017,,0.8,,3.96,,8.8,,9
119670,TW14,Tweed at Norham,27/03/1995 13:00,,,<,0.1,,22,,1.9,,0.595,,16,,6.2,,1.35484,,,,0.066,,20,,0.028,,0.018,,1,,3.14,,9.4,,10
119670,TW14,Tweed at Norham,03/04/1995 14:00,,,<,0.1,,26,,2.34,,0.587,,17,,7,,1.46774,,,,0.068,,14,,0.031,,0.017,,1,,2.34,,9.6,,14
119670,TW14,Tweed at Norham,10/04/1995 11:45,,,<,0.1,,25,,1.88,,0.381,,17,,7.2,,1.58065,,,,0.037,,16,,0.022,,0.014,,1.2,,1.44,,9.4,,13
119670,TW14,Tweed at Norham,18/04/1995 10:45,,,<,0.1,,27,,1.85,,0.893,,18,,8.2,,1.69355,,,,0.091,,13,,0.033,,0.012,,1.2,,0.59,,9.6,,14
119670,TW14,Tweed at Norham,24/04/1995 13:45,,,<,0.1,,24,,,,,,18,,7,,1.58065,,,,,,10,,,,,,1,,,,11,,12
119670,TW14,Tweed at Norham,01/05/1995 13:00,,,<,0.1,,29,,2.33,,0.493,,21,,9,,1.58065,,,,0.068,,8,,0.023,,0.014,,1,,0.48,,11,,17
119670,TW14,Tweed at Norham,09/05/1995 15:25,<,0.02,<,0.1,,30,,2.19,,0.419,,18,,9,,1.35484,,0.024,,0.041,,7,,0.033,,0.026,,1,,0.36,,11,,15
119670,TW14,Tweed at Norham,15/05/1995 08:30,,0.031,<,0.1,,25,,2.23,,0.815,,15,,8,,0.903226,,,,0.115,,9,,0.027,,0.015,,1,,0.19,,10,,13
119670,TW14,Tweed at Norham,30/05/1995 12:00,,,<,0.1,,18,,5.43,,2.732,,11,,5,,0.903226,,,,0.253,,33,,0.126,,0.038,,1,,1.94,,7,,9
119670,TW14,Tweed at Norham,05/06/1995 09:20,,0.029,<,0.1,,24,,2.95,,0.375,,16,,8,,1.12903,,0.024,,0.031,,60,,0.105,,0.076,,1,,1.91,,10,,12
119670,TW14,Tweed at Norham,11/06/1995 13:00,,,<,0.1,,25,,3.05,,0.577,,16,,8,,1.12903,,0.015,,0.078,,30,,0.082,,0.051,,1,,1.69,,10,,13
119670,TW14,Tweed at Norham,19/06/1995 13:00,,0.034,<,0.1,,27,,2.37,,0.493,,20,,9,,1.12903,,0.019,,0.078,,55,,0.086,,0.063,,2,,2.11,,12,,16
119670,TW14,Tweed at Norham,26/06/1995 14:00,<,0.02,<,0.1,,27,,2.52,,0.47,,18,,8,,1.12903,,0.014,,0.089,,76,,0.101,,0.076,,1,,2.5,,11,,15
119670,TW14,Tweed at Norham,03/07/1995 13:30,,0.034,<,0.1,,30,,3.17,,0.69,,20,,10,,0.903226,,0.012,,0.135,,24,,1.474,,1.395,,2,,2.26,,13,,16
119670,TW14,Tweed at Norham,10/07/1995 13:40,,0.028,<,0.1,,29,,2.5,,0.89,,20,,10,,0.903226,,0.01,,0.128,,18,,0.243,,0.202,,1,,1.54,,13,,17
119670,TW14,Tweed at Norham,17/07/1995 12:20,,0.066,<,0.1,,28,,2.81,,0.457,,20,,9,,0.903226,,0.013,,0.081,,18,,1.264,,1.105,,2,,1.77,,13,,16
119670,TW14,Tweed at Norham,23/07/1995 10:00,<,0.02,<,0.1,,26,,3.35,,1.692,,20,,9,,0.225806,,0.009,,0.319,,26,,0.081,,0.033,,1,,1.15,,13,,15
119670,TW14,Tweed at Norham,29/07/1995 17:30,<,0.02,<,0.1,,26,,2.58,,0.4,,19,,9,,0.677419,,0.012,,0.064,,15,,0.989,,0.966,,2,,1.19,,11,,15
119670,TW14,Tweed at Norham,07/08/1995 14:10,,,<,0.1,,28,,,,0.485,,20,,10,,0.451613,,,,0.079,<,5,,,,,,1,,,,12,,19
119670,TW14,Tweed at Norham,13/08/1995 15:05,<,0.02,<,0.1,,25,,2.2,,0.663,,21,,9,<,0.225806,,0.003,,0.016,,8,,0.043,,0.041,,1,,2.8,,13,,17
119670,TW14,Tweed at Norham,21/08/1995 12:45,<,0.02,<,0.1,,24,,4.54,,0.444,,22,,9,<,0.225806,,0.002,,0.069,<,5,,0.045,,0.038,,1,,2.58,,14,,17
119670,TW14,Tweed at Norham,28/08/1995 13:30,,,<,0.1,,26,,,,0.176,,20,,9,,0.451613,,,,0.034,,,,,,,,2,,,,13,,15
119670,TW14,Tweed at Norham,04/09/1995 09:10,,0.042,<,0.1,,29,,2.68,,1.7,,22,,11,,0.677419,,0.032,,0.252,,41,,0.211,,0.156,,2,,1.04,,14,,17
119670,TW14,Tweed at Norham,11/09/1995 13:15,,0.022,<,0.1,,21,,5.96,,0.774,,16,,6,,1.80645,,0.025,,0.103,,53,,0.134,,0.103,,2,,15.04,,9,,19
119670,TW14,Tweed at Norham,18/09/1995 12:50,,0.023,<,0.1,,26,,2.53,,0.276,,20,,9,,1.35484,,0.02,,0.053,,58,,0.097,,0.082,,1,,3,,12,,18
119670,TW14,Tweed at Norham,25/09/1995 12:45,<,0.02,<,0.1,,29,,2.2,,0.458,,21,,10,,0.677419,,0.013,,0.05,,,,0.106,,0.088,,1,,0.3,,14,,16
119670,TW14,Tweed at Norham,02/10/1995 13:10,<,0.02,<,0.1,,25,,2.52,,0.813,,17,,8,,0.451613,,0.008,,0.124,,,,0.071,,0.057,,1,,0.82,,11,,16
119670,TW14,Tweed at Norham,16/10/1995 13:30,<,0.02,<,0.1,,18,,4.47,,0.436,,12,,5,,0.677419,,0.005,,0.062,,28,,0.069,,0.052,,1,,3.93,,7,,10
119670,TW14,Tweed at Norham,23/10/1995 14:15,<,0.02,<,0.1,,15,,5.92,,1.645,,10,,5,,0.451613,,0.008,,0.186,,,,0.214,,0.065,,1,,3.79,,6,,9
119670,TW14,Tweed at Norham,30/10/1995 14:30,<,0.02,<,0.1,,16,,3.2,,0.343,,11,,5,,0.903226,,0.005,,,,27,,0.047,,0.038,,1,,5.32,,7,,9
119670,TW14,Tweed at Norham,06/11/1995 13:00,<,0.02,<,0.1,,21,,2.09,,0.292,,13,,6,,0.903226,,0.005,,0.028,,23,,0.694,,0.605,,1,,5.27,,8,,11
119670,TW14,Tweed at Norham,13/11/1995 13:00,<,0.02,<,0.1,,15,,9.51,,1.024,,12,,5,,1.58065,,0.01,,0.123,,30,,0.077,,0.043,,1,,5.72,,7,,11
119670,TW14,Tweed at Norham,20/11/1995 14:00,<,0.02,<,0.1,,24,,5.52,,1.266,,19,,7,,3.6129,,0.01,,0.117,,28,,0.104,,0.048,,1,,6.71,,9,,17
119670,TW14,Tweed at Norham,27/11/1995 13:30,<,0.02,<,0.1,,17,,5.74,,0.442,,13,,5,,1.12903,,0.006,,0.043,,28,,0.055,,0.043,,1,,5.48,,7,,11
119670,TW14,Tweed at Norham,04/12/1995 12:10,<,0.02,<,0.1,,23,,4.26,,0.608,,14,,7,,1.58065,,0.01,,0.062,,41,,0.07,,0.059,,1,,6.41,,8,,13
119670,TW14,Tweed at Norham,11/12/1995 13:00,,,<,0.1,,26,,4.69,,1.058,,18,,8,,2.25806,,,,0.096,,,,0.065,,0.036,,1,,6.39,,10,,16
119670,TW14,Tweed at Norham,18/12/1995 13:10,,,<,0.1,,28,,3.27,,0.873,,21,,9,,3.16129,,,,0.076,,37,,0.086,,0.052,,1,,6.23,,11,,18
119670,TW14,Tweed at Norham,03/01/1996 13:15,,,<,0.1,,25.5,,4.98,,0.852,,23,,7.4,,3.3871,,,,0.08,,47,,0.095,,0.068,,1.6,,6.16,,11.6,,15
119670,TW14,Tweed at Norham,08/01/1996 13:40,,0.023,<,0.1,,18,,7.79,,1.301,,17,,5.4,,3.16129,,0.015,,0.122,,26,,0.135,,0.056,,1.2,,5.64,,8.2,,12
119670,TW14,Tweed at Norham,15/01/1996 13:15,<,0.02,<,0.1,,16.5,,3.58,,0.554,,14,,4.4,,2.14516,,0.007,,0.034,,26,,0.05,,0.038,,0.6,,5.68,,7.2,,10
119670,TW14,Tweed at Norham,22/01/1996 13:40,<,0.02,<,0.1,,25,,13.81,,1.719,,17,,7.6,,2.48387,,0.013,,0.174,,37,,0.089,,0.054,,0.8,,8.76,,8.6,,14
119670,TW14,Tweed at Norham,29/01/1996 12:30,,0.046,<,0.1,,27.5,,2.14,,1.79,,36,,8.8,,2.37097,,0.015,,0.178,,42,,0.117,,0.056,,1,,6.24,,20,,16
119670,TW14,Tweed at Norham,05/02/1996 13:40,<,0.02,<,0.1,,36,,3.57,,1.63,,36,,10.4,,4.40323,,0.01,,0.17,,38,,0.096,,0.045,,1.6,,5.59,,17.8,,21
119670,TW14,Tweed at Norham,12/02/1996 13:45,,0.043,<,0.1,,18,,8.23,,8.235,,22,,4.8,,3.6129,,0.011,,0.782,,36,,0.453,,0.08,,1.2,,4.64,,10,,10
119670,TW14,Tweed at Norham,26/02/1996 14:40,<,0.02,<,0.1,,22,,3.3,,0.974,,21,,6.4,,3.04839,,0.006,,0.076,,21,,0.089,,0.063,,1,,5.29,,9.6,,12
119670,TW14,Tweed at Norham,04/03/1996 12:00,<,0.02,<,0.1,,21.5,,5.06,,0.445,,21,,6.8,,2.25806,,0.005,,0.041,,21,,0.171,,0.111,,0.8,,3.66,,10.4,,12
119670,TW14,Tweed at Norham,11/03/1996 14:00,<,0.02,<,0.1,,26.5,,2.29,,0.572,,20,,8.4,,2.59677,,0.006,,0.053,,15,,0.045,,0.032,,0.8,,3.64,,10,,15
119670,TW14,Tweed at Norham,18/03/1996 13:50,,0.022,<,0.1,,26.5,,2.91,,0.956,,29,,8.4,,2.93548,,0.01,,0.099,,32,,0.041,,0.031,,1.2,,4.32,,15.6,,16
119670,TW14,Tweed at Norham,25/03/1996 14:00,<,0.02,<,0.1,,25.5,,2.26,,0.393,,21,,8.2,,2.59677,,0.007,,0.062,,14,,0.047,,0.033,,1,,3.05,,10.2,,15
119670,TW14,Tweed at Norham,01/04/1996 12:10,,,<,0.1,,28,,3.62,,0.314,,21,,9,,2.59677,,,,0.036,,15,,0.026,,0.024,,1.2,,0.91,,10.8,,17
119670,TW14,Tweed at Norham,09/04/1996 10:15,,,<,0.1,,28.5,,2.66,,0.642,,21,,9.4,,2.25806,,,,0.088,,21,,0.05,,0.033,,1.4,,0.62,,10.4,,17
119670,TW14,Tweed at Norham,15/04/1996 11:50,<,0.02,<,0.1,,27.5,,2.97,,0.239,,21,,9,,2.14516,,0.02,,0.037,,32,,0.057,,0.049,,1.2,,1.18,,11.2,,17
119670,TW14,Tweed at Norham,22/04/1996 10:20,,0.011,<,0.1,,20.5,,2.84,,0.405,,15,,6,,1.35484,,0.012,,0.036,,28,,0.057,,0.045,,1,,1.65,,8,,11
119670,TW14,Tweed at Norham,30/04/1996 11:22,,,<,0.1,,26,,1.49,,0.205,,17,,8.2,,1.46774,,,,0.019,,30,,0.032,,0.024,,1.2,,0.78,,9.6,,13
119670,TW14,Tweed at Norham,05/05/1996 10:00,,,,,,,,4.5,,,,,,,,,,,,,,,,0.033,,0.025,,,,1.85,,,,
119670,TW14,Tweed at Norham,07/05/1996 09:00,<,0.02,<,0.1,,27,,4.08,,0.579,,18,,7.6,,2.48387,,0.007,,0.041,,30,,0.039,,0.03,,1.2,,2.01,,9.4,,14
119670,TW14,Tweed at Norham,15/05/1996 11:35,,,<,0.1,,27.5,,2.44,,0.6,,19,,8.6,,1.80645,,,,0.061,,18,,0.035,,0.024,,1.4,,0.99,,10.2,,15
119670,TW14,Tweed at Norham,20/05/1996 10:35,,0.025,<,0.1,,27.5,,4.35,,0.803,,19,,9,,1.91935,,0.015,,0.069,,28,,0.046,,0.037,,1.2,,0.99,,10.2,,15
119670,TW14,Tweed at Norham,28/05/1996 13:30,,,,,,,,4.76,,0.658,,,,,,,,,,0.067,,,,0.059,,0.047,,,,0.89,,,,
119670,TW14,Tweed at Norham,03/06/1996 12:10,<,0.02,<,0.1,,25.5,,5.15,,0.471,,15,,8,,0.790323,,0.012,,0.058,,35,,0.083,,0.076,,1.2,,1.12,,9.8,,11
119670,TW14,Tweed at Norham,10/06/1996 12:15,,0.032,<,0.1,,27,,3.52,,0.563,,18,,8.8,,0.903226,,0.017,,0.08,,65,,0.104,,0.097,,1.2,,0.83,,10.4,,13
119670,TW14,Tweed at Norham,17/06/1996 11:30,,0.022,<,0.1,,26,,2.994,,0.503,,17,,8,,1.12903,,0.02,,0.056,,66,,0.16,,0.15,,1.2,,1.58,,10.2,,13
119670,TW14,Tweed at Norham,24/06/1996 10:00,,0.085,<,0.1,,30,,3.999,,1.121,,20,,9.6,,0.564516,,0.016,,0.105,,38,,0.13,,0.1,,1.4,,2.87,,11.8,,16
119670,TW14,Tweed at Norham,01/07/1996 13:00,,,<,0.1,,30,,2.822,,0.725,,21,,10.2,,0.903226,,0.01513,,0.063,,73,,0.2,,0.18,,1.4,,2.13,,12,,16
119670,TW14,Tweed at Norham,08/07/1996 10:30,<,0.02,<,0.1,,24.5,,5.591,,0.651,,17,,7.8,,0.451613,,0.0101,,0.07,,35,,0.22,,0.18,,1.2,,2.45,,9.8,,13
119670,TW14,Tweed at Norham,15/07/1996 10:45,<,0.02,<,0.1,,27.5,,6.218,,1.094,,21,,8,,0.33871,,0.00253,,0.139,,23,,0.12,,0.1,,1.6,,2.09,,12,,16
119670,TW14,Tweed at Norham,22/07/1996 12:40,,0.02,<,0.1,,28,,3.338,,0.565,,22,,10,,0.33871,,0.01163,,0.057,,49,,0.11,,0.09,,1.6,,1.29,,13,,18
119670,TW14,Tweed at Norham,29/07/1996 11:45,,,<,0.1,,25,,5.036,,1.067,,19,,8.8,,0.451613,,,,0.154,,43,,0.1,,0.06,,1.4,,1.05,,11,,15
119670,TW14,Tweed at Norham,05/08/1996 12:00,,,<,0.1,,26.5,,3.1,,0.456,,20,,9.6,,0.451613,,,,0.057,,30,,0.07,,0.07,,1.2,,0.3,,11.2,,16
119670,TW14,Tweed at Norham,12/08/1996 13:00,<,0.02,<,0.1,,28,,3.771,,0.306,,21,,9.8,,0.451613,,0.01706,,0.015,,42,,0.09,,0.08,,1.6,,0.71,,11.8,,15
119670,TW14,Tweed at Norham,19/08/1996 12:45,,0.006,<,0.1,,27.5,,3.606,,0.49,,20,,9.6,,0.225806,,0.017,,0.082,,27,,0.09,,0.08,,1.4,,0.69,,12.6,,15
119670,TW14,Tweed at Norham,27/08/1996 12:21,,0.049,<,0.1,,27,,3.184,,0.573,,20,,9.4,,0.677419,,0.016,,0.058,,73,,0.17,,0.15,,2,,0.68,,12.6,,16
119670,TW14,Tweed at Norham,02/09/1996 10:45,,0.027,<,0.1,,27,,4.399,,0.665,,19,,8.6,<,0.225806,,0.01,,0.086,,49,,0.11,,0.09,,1.8,,0.98,,11.4,,15
119670,TW14,Tweed at Norham,09/09/1996 12:45,,0.01,<,0.1,,29,,2.81,,0.337,,21,,9.6,,0.790323,,0.013,,0.052,,85,,0.131,,0.126,,1.6,,0.38,,12.2,,16
119670,TW14,Tweed at Norham,16/09/1996 13:00,,0.016,<,0.1,,28.5,,2.38,,0.318,,21,,9.8,<,0.225806,,0.012,,0.037,,47,,0.095,,0.08,,1.4,,0.38,,12.8,,17
119670,TW14,Tweed at Norham,23/09/1996 13:30,,0.028,<,0.1,,27.5,,3.08,,0.958,,23,,8.4,<,0.225806,,0.001,,0.099,,15,,0.065,,0.048,,1.6,,1.11,,13.4,,18
119670,TW14,Tweed at Norham,30/09/1996 11:00,,,,,,,,2.77,,0.55,,,,,,,,,,0.074,,,,0.152,,0.137,,,<,0.02,,,,
119670,TW14,Tweed at Norham,01/10/1996 11:00,,0.008,<,0.1,,30,,,,,,23,,10.8,,1.01613,,0.02,,,,88,,,,,,2,,,,14.4,,17
119670,TW14,Tweed at Norham,07/10/1996 12:20,,0.008,<,0.1,,23,,5.93,,0.802,,16,,7.4,,1.01613,,0.013,,0.086,,67,,0.118,,0.106,,1.6,,2.65,,9.4,,14
119670,TW14,Tweed at Norham,14/10/1996 13:20,,0.042,<,0.1,,14,,10.57,,0.71,,9,,4.2,,0.564516,,,,0.094,,366,,0.092,,0.07,,1,,3.28,,5.8,,9
119670,TW14,Tweed at Norham,21/10/1996 12:15,,,<,0.1,,14.5,,7.28,,0.527,,10,,4.2,,0.677419,,,,0.057,,,,0.084,,0.081,,0.8,,3.48,,6.8,,9
119670,TW14,Tweed at Norham,28/10/1996 14:20,,,<,0.1,,12,,11.851,,1.632,,9,,3.4,,0.564516,,0.006,,0.126,,30,,0.12,,0.061,,1.2,,3.21,,5.4,,8
119670,TW14,Tweed at Norham,04/11/1996 13:30,,0.012,<,0.05,,13.5,,8.614,,3.054,,9.5,,3.6,,0.496774,,0.004,,0.262,,24,,0.144,,0.057,,0.9,,4.26,,5.5,,7
119670,TW14,Tweed at Norham,11/11/1996 12:00,,0.027,<,0.05,,19.5,,4.863,,2.691,,14.5,,5.4,,1.49032,,0.006,,0.14,,41,,0.118,,0.048,,1.3,,3.85,,7.8,,10
119670,TW14,Tweed at Norham,18/11/1996 13:30,<,0.00004,<,0.05,,21.5,,3.834,,0.475,,16.5,,6,,1.53548,,,,0.032,,42,,0.067,,0.052,,1.3,,5.29,,8.5,,11
119670,TW14,Tweed at Norham,02/12/1996 13:15,,0.025,<,0.05,,13.5,,8.252,,1.585,,14.5,,3.7,,1.12903,,0.006,,0.128,,20,,0.115,,0.05,,1.1,,4.97,,7.7,,8
119670,TW14,Tweed at Norham,09/12/1996 13:30,,0.019,<,0.05,,13.4,,7.119,,1.515,,15.5,,3.7,,1.80645,,0.007,,0.125,,27,,0.106,,0.051,,1.2,,5.07,,7.5,,8.5
119670,TW14,Tweed at Norham,15/12/1996 12:30,<,0.00004,<,0.05,,19.9,,4.172,,0.347,,17.5,,5.7,,2.03226,,,,0.026,,27,,0.106,,0.079,,1.2,,5.88,,8.7,,11
119670,TW14,Tweed at Norham,06/01/1997 12:30,<,0.00004,,0.05,,33,,3.556,,1.051,,38,,9.3,,4.06452,,0.013,,0.1,,14,,0.097,,0.069,,1.5,,6.49,,17.7,,19
119670,TW14,Tweed at Norham,13/01/1997 13:20,<,0.00004,<,0.05,,16.8,,8.26,,1.037,,18.5,,4.7,,2.52903,,0.01,,0.078,,11,,0.057,,0.046,,1.4,,5.08,,8.3,,10.5
119670,TW14,Tweed at Norham,20/01/1997 13:30,<,0.00004,<,0.05,,27,,3.284,,0.154,,22,,8.1,,2.57419,,0.012,,0.035,,45,,0.077,,0.066,,1.4,,6.38,,10.7,,14.5
119670,TW14,Tweed at Norham,27/01/1997 14:40,<,0.00004,<,0.05,,26,,2.063,,0.401,,22,,7.9,,1.76129,,0.01,,0.025,,18,,0.08,,0.068,,1.4,,4.74,,10.7,,15
119670,TW14,Tweed at Norham,03/02/1997 12:15,<,0.00004,<,0.05,,29,,2.82,,1.567,,23,,9,,2.48387,,0.001,,0.139,,22,,0.135,,0.074,,1.4,,4.56,,11.1,,16.5
119670,TW14,Tweed at Norham,10/02/1997 12:00,<,0.00004,<,0.05,,18.9,,3.676,,4.541,,16.5,,5.4,,1.30968,,0.008,,0.378,,7,,0.172,,0.042,,1,,4,,7.8,,10.5
119670,TW14,Tweed at Norham,17/02/1997 14:30,<,0.00004,<,0.05,,15.5,,4.943,,2.064,,15.5,,4.3,,1.08387,,,,0.132,,,,0.181,,0.096,,1.1,,4.34,,7.7,,8
1553580,A20,Aire at Allerton Bywater,04/10/1995 08:50,,,,,,,,8.6,,,,,,,,,,,,,,,,,,,,,,9.1,,,,
1553580,A20,Aire at Allerton Bywater,17/10/1995 09:45,,,,,,,,10.6,,,,,,,,,,,,,,,,,,,,,,9.6,,,,
1553580,A20,Aire at Allerton Bywater,02/11/1995 09:30,,,,,,,,9.9,,,,,,,,,,,,,,,,,,,,,,10.1,,,,
1553580,A20,Aire at Allerton Bywater,11/11/1995 11:40,,,,,,,,,,,,,,,,,,,,,,1563,,,,,,,,,,,,
1553580,A20,Aire at Allerton Bywater,12/11/1995 11:25,,,,,,,,,,,,,,,,,,,,,,1160,,,,,,,,,,,,
1553580,A20,Aire at Allerton Bywater,13/11/1995 11:30,,,,,,,,,,,,,,,,,,,,,,1141,,,,,,,,,,,,
1553580,A20,Aire at Allerton Bywater,14/11/1995 12:40,,,,,,,,,,,,,,,,,,,,,,1418,,,,,,,,,,,,
1553580,A20,Aire at Allerton Bywater,15/11/1995 12:05,,,,,,,,,,,,,,,,,,,,,,1660,,,,,,,,,,,,
1553580,A20,Aire at Allerton Bywater,16/11/1995 11:35,,,,,,,,,,,,,,,,,,,,,,1546,,,,,,,,,,,,
1553580,A20,Aire at Allerton Bywater,17/11/1995 11:35,,,,,,,,,,,,,,,,,,,,,,1075,,,,,,,,,,,,
1553580,A20,Aire at Allerton Bywater,21/11/1995 09:20,,,,,,,,9.2,,,,,,,,,,,,,,,,,,,,,,9,,,,
1553580,A20,Aire at Allerton Bywater,04/12/1995 00:15,,,,,,,,9.3,,,,150,,,,9.70968,,,,,,,,,,,,,,10.2,,,,
1553580,A20,Aire at Allerton Bywater,04/12/1995 02:15,<,0.0004,,0.65,,70,,9.1,,,,140,,15.2,,8.80645,<,0.0002,,,,,,1.929,,,,15,,10,,120,,150
1553580,A20,Aire at Allerton Bywater,04/12/1995 06:15,,,,,,,,8.4,,,,122,,,,7.45161,,,,,,,,,,,,,,9.1,,,,
1553580,A20,Aire at Allerton Bywater,04/12/1995 10:15,,0.001,,0.55,,50,,8.3,,,,90,,12.4,,5.08065,<,0.0002,,,,,,1.395,,,,11.2,,8.5,,76,,110
1553580,A20,Aire at Allerton Bywater,04/12/1995 12:45,,,,,,,,,,,,,,,,,,,,,,952,,,,,,,,,,,,
1553580,A20,Aire at Allerton Bywater,04/12/1995 14:15,,,,,,,,6.7,,,,99,,,,5.64516,,,,,,,,,,,,,,8,,,,
1553580,A20,Aire at Allerton Bywater,04/12/1995 18:15,<,0.0004,,0.5,,45,,6.5,,,,91,,11.4,,4.51613,<,0.0002,,,,,,1.108,,,,10.2,,7.9,,68,,100
1553580,A20,Aire at Allerton Bywater,04/12/1995 20:15,,,,,,,,9.3,,,,166,,,,8.58065,,,,,,,,,,,,,,9.5,,,,
1553580,A20,Aire at Allerton Bywater,18/12/1995 13:10,,,,,,,,,,,,,,,,,,,,,,1513,,,,,,,,,,,,
1553580,A20,Aire at Allerton Bywater,20/12/1995 08:15,,,,,,,,9.7,,,,,,,,,,,,,,,,,,,,,,10.5,,,,
1553580,A20,Aire at Allerton Bywater,22/12/1995 18:35,,,,,,,,6.5,,,,123,,,,4.29032,,,,,,,,,,,,,,6.5,,,,
1553580,A20,Aire at Allerton Bywater,22/12/1995 20:35,<,0.0004,,0.45,,39.5,,,,,,100,,10.2,,4.17742,<,0.0002,,,,,,,,,,9,,,,78,,87
1553580,A20,Aire at Allerton Bywater,23/12/1995 00:35,,,,,,,,7.3,,,,147,,,,5.19355,,,,,,,,,,,,,,8.1,,,,
1553580,A20,Aire at Allerton Bywater,23/12/1995 06:35,,,,,,,,7.4,,,,141,,,,4.96774,,,,,,,,,,,,,,7,,,,
1553580,A20,Aire at Allerton Bywater,23/12/1995 08:35,<,0.0004,,0.45,,38,,,,,,100,,8.4,,4.06452,<,0.0002,,,,,,,,,,8.6,,,,74,,75
1553580,A20,Aire at Allerton Bywater,23/12/1995 16:35,,,,,,,,8.3,,,,141,,,,6.54839,,,,,,,,,,,,,,8.8,,,,
1553580,A20,Aire at Allerton Bywater,23/12/1995 20:35,,,,,,,,7.6,,,,132,,,,6.32258,,,,,,,,,,,,,,8.1,,,,
1553580,A20,Aire at Allerton Bywater,24/12/1995 00:35,<,0.0004,,0.5,,45,,,,,,100,,9.2,,5.08065,<,0.0002,,,,,,,,,,8.6,,,,76,,82
1553580,A20,Aire at Allerton Bywater,24/12/1995 04:35,,,,,,,,7.8,,,,132,,,,6.54839,,,,,,,,,,,,,,8.6,,,,
1553580,A20,Aire at Allerton Bywater,08/01/1996 00:35,,,,,,,,7.1,,,,94,,,,7.22581,,,,,,,,,,,,,,7.5,,,,
1553580,A20,Aire at Allerton Bywater,08/01/1996 16:35,<,0.0004,<,0.1,,60,,6.6,,,,93,,8.8,,6.54839,<,0.0002,,,,,,1.135,,,,7.4,,7.8,,54,,82
1553580,A20,Aire at Allerton Bywater,08/01/1996 20:35,<,0.0004,,0.7,,60,,6.5,,,,95,,9.2,,7.33871,<,0.0002,,,,,,1.252,,,,7.4,,7.7,,56,,86
1553580,A20,Aire at Allerton Bywater,09/01/1996 05:35,,0.001,,0.65,,60,,6.9,,,,84,,7.4,,7,<,0.0002,,,,,,0.944,,,,6,,7.3,,48,,77
1553580,A20,Aire at Allerton Bywater,09/01/1996 11:45,,,,,,,,,,,,,,,,,,0.133,,,,637,,,,,,,,,,,,
1553580,A20,Aire at Allerton Bywater,09/01/1996 17:35,,,,,,,,6.8,,,,87,,,,7,,,,,,,,,,,,,,7.4,,,,
1553580,A20,Aire at Allerton Bywater,10/01/1996 08:10,,,,,,,,7.6,,,,,,,,,,,,,,,,,,,,,,7.7,,,,
1553580,A20,Aire at Allerton Bywater,16/01/1996 08:45,,,,,,,,7.3,,,,,,,,,,,,,,,,,,,,,,7.8,,,,
1553580,A20,Aire at Allerton Bywater,16/01/1996 13:25,,1.158,,0.5,,60,,7.17,,3.939,,86,,6.8,,7.67742,,0.137,,0.42,,848,,1.088,,0.917,,6.8,,7.7,,56,,100
1553580,A20,Aire at Allerton Bywater,23/01/1996 12:12,,0.794,,0.7,,70,,13.05,,4.027,,110,,12.2,,8.24194,,0.183,,0.502,,1188,,1.614,,1.293,,11.4,,9.07,,86,,130
1553580,A20,Aire at Allerton Bywater,29/01/1996 08:00,,,,,,,,8.4,,,,,,,,,,,,,,,,,,,,,,9.2,,,,
1553580,A20,Aire at Allerton Bywater,30/01/1996 13:55,,1.523,,2.35,,75,,13.45,,3.949,,370,,16.8,,8.46774,,0.237,,0.476,,1082,,1.621,,1.334,,14.6,,9.5,,244,,140
1553580,A20,Aire at Allerton Bywater,06/02/1996 12:25,,,,,,,,8.4,,,,,,,,,,,,,,,,,,,,,,10.5,,,,
1553580,A20,Aire at Allerton Bywater,06/02/1996 12:57,,2.074,,1.3,,75,,10.53,,1.044,,230,,16.6,,8.69355,,0.206,,0.084,,1463,,1.895,,1.614,,14,,10.35,,164,,140
1553580,A20,Aire at Allerton Bywater,15/02/1996 09:10,,,,,,,,6.6,,,,,,,,,,,,,,,,,,,,,,7,,,,
1553580,A20,Aire at Allerton Bywater,18/02/1996 00:50,<,0.0004,,0.5,,65,,6.7,n,0,,120,,10.2,,6.09677,<,0.0002,n,0,,,,0.759,,,,8.2,,7.9,,80,,100
1553580,A20,Aire at Allerton Bywater,18/02/1996 03:50,,,,,,,,6.1,,,,126,,,,8.12903,,,,,,,,,,,,,,7.8,,,,
1553580,A20,Aire at Allerton Bywater,18/02/1996 06:50,<,0.0004,,0.5,,65,,6.2,n,0,,110,,9.8,,6.20968,<,0.0002,n,0,,,,1.053,,,,8,,8,,76,,100
1553580,A20,Aire at Allerton Bywater,18/02/1996 09:50,,,,,,,,5.8,,,,120,,,,7.67742,,,,,,,,,,,,,,7.6,,,,
1553580,A20,Aire at Allerton Bywater,18/02/1996 13:50,<,0.0004,,0.45,,60,,5.4,n,0,,100,,8.4,,4.74194,<,0.0002,n,0,,,,1.183,,,,7.2,,7,,62,,77
1553580,A20,Aire at Allerton Bywater,18/02/1996 17:50,<,0.0004,,0.3,,50,,4.7,,,,87,,6.6,,3.95161,<,0.0002,,,,,,,,,,6,,6.1,,52,,60
1553580,A20,Aire at Allerton Bywater,18/02/1996 21:50,,,,,,,,5.8,,,,132,,,,8.12903,,,,,,,,,,,,,,7.9,,,,
1553580,A20,Aire at Allerton Bywater,19/02/1996 01:50,,,,,,,,5.9,n,0,,76,,,,8.12903,,,n,0,,,,1.183,,,,,,6.4,,,,
1553580,A20,Aire at Allerton Bywater,19/02/1996 09:15,,,,,,,,6.3,,,,,,,,,,,,,,,,,,,,,,6.1,,,,
1553580,A20,Aire at Allerton Bywater,19/02/1996 09:50,<,0.0004,,0.25,,55,,5.8,,,,76,,6.2,,7.79032,<,0.0002,,,,,,,,,,4.6,,6.1,,40,,57
1553580,A20,Aire at Allerton Bywater,20/02/1996 13:00,,0.274,,0.45,,65,,7.1,,3.545,,130,,8.2,,8.91935,,0.065,,0.386,,401,,0.705,,0.534,,5,,6.28,,82,,75
1553580,A20,Aire at Allerton Bywater,27/02/1996 12:57,,0.866,,0.35,,65,,7.68,,1.922,,140,,10.4,,7.79032,,0.085,,0.189,,546,,0.937,,0.746,,6.2,,6.87,,96,,93
1553580,A20,Aire at Allerton Bywater,04/03/1996 11:35,,,,,,,,7.5,,,,,,,,,,,,,,,,,,,,,,8.1,,,,
1553580,A20,Aire at Allerton Bywater,05/03/1996 12:45,,1.623,,0.45,,70,,8.69,,2.792,,120,,14.6,,8.01613,,0.227,,0.389,,978,,1.436,,1.197,,9.6,,7.53,,88,,120
1553580,A20,Aire at Allerton Bywater,13/03/1996 13:20,,2.286,,1.35,,70,,10.5,,3.048,,380,,14.6,,7.1129,,0.157,,0.321,,837,,1.286,,1.012,,11,,6.73,,256,,110
1553580,A20,Aire at Allerton Bywater,15/03/1996 09:35,,,,,,,,8.4,,,,,,,,,,,,,,,,,,,,,,6.9,,,,
1553580,A20,Aire at Allerton Bywater,19/03/1996 10:55,,1.508,,0.6,,70,,8.69,,6.624,,180,,11.8,,7.67742,,0.152,,0.7,,685,,1.382,,0.848,,8.4,,6.21,,120,,100
1553580,A20,Aire at Allerton Bywater,26/03/1996 12:40,,1.477,,0.4,,70,,8.15,,2.757,,120,,13.8,,7.56452,,0.165,,0.322,,834,,1.197,,0.985,,9.4,,6.47,,94,,120
1553580,A20,Aire at Allerton Bywater,29/03/1996 15:25,,,,,,,,7.4,,,,,,,,,,,,,,,,,,,,,,7.3,,,,
1553580,A20,Aire at Allerton Bywater,01/04/1996 09:00,,,,,,,,7.3,,,,,,,,,,,,,,,,,,,,,,6.5,,,,
1553580,A20,Aire at Allerton Bywater,01/04/1996 10:30,,1.603,,0.55,,75,,10.03,,2.395,,140,,15,,8.01613,,0.129,,0.269,,1136,,1.65,,1.437,,12.6,,6.94,,98,,130
1553580,A20,Aire at Allerton Bywater,09/04/1996 12:10,,0.95,,0.5,,75,,10.65,,2.118,,130,,15.8,,7.67742,,0.141,,0.258,,1363,,1.63,,1.444,,14,,5.54,,98,,140
1553580,A20,Aire at Allerton Bywater,16/04/1996 11:20,,1.025,,0.4,,60,,10.49,,1.736,,130,,15.2,,8.01613,,0.209,,0.208,,1382,,1.816,,1.637,,12.6,,6.23,,100,,130
1553580,A20,Aire at Allerton Bywater,17/04/1996 10:40,,,,,,,,8.5,,,,,,,,,,,,,,,,,,,,,,6.2,,,,
1553580,A20,Aire at Allerton Bywater,23/04/1996 12:10,,1.765,,0.4,,65,,11.61,,6.147,,120,,13.2,,7.45161,,0.223,,0.761,,1312,,1.856,,1.37,,13.6,,5.01,,104,,130
1553580,A20,Aire at Allerton Bywater,24/04/1996 07:15,,,,,,,,7.4,,,,,,,,,,,,,,,,,,,,,,4.8,,,,
1553580,A20,Aire at Allerton Bywater,30/04/1996 11:35,,1.43,,0.75,,75,,10.07,,2.536,,100,,13.4,,6.77419,,0.177,,0.353,,1193,,1.583,,1.337,,11.4,,4.02,,92,,100
1553580,A20,Aire at Allerton Bywater,02/05/1996 10:00,,1.312,<,0.1,,60,,6.99,,30.821,,76,,9.2,,4.51613,,0.15,,3.259,,426,,2.348,,0.446,,8.2,,4.69,,54,,67
1553580,A20,Aire at Allerton Bywater,08/05/1996 12:33,,1.439,,0.35,,70,,9.52,,12.12,,100,,12.4,,7.1129,,0.165,,1.338,,856,,1.657,,1.031,,9.2,,3.91,,68,,100
1553580,A20,Aire at Allerton Bywater,09/05/1996 08:20,,,,,,,,7,,,,,,,,,,,,,,,,,,,,,,4.5,,,,
1553580,A20,Aire at Allerton Bywater,14/05/1996 11:50,,1.381,,0.45,,75,,9.7,,4.937,,130,,15.8,,7.45161,,0.198,,0.565,,1311,,1.75,,1.437,,13.4,,3.93,,102,,130
1553580,A20,Aire at Allerton Bywater,17/05/1996 11:15,,,,,,,,,,,,,,,,,,,,,,1301,,,,,,,,,,,,
1553580,A20,Aire at Allerton Bywater,18/05/1996 11:05,,,,,,,,,,,,,,,,,,,,,,1366,,,,,,,,,,,,
1553580,A20,Aire at Allerton Bywater,19/05/1996 11:00,,,,,,,,,,,,,,,,,,,,,,1267,,,,,,,,,,,,
1553580,A20,Aire at Allerton Bywater,20/05/1996 10:00,<,0.0004,<,0.1,,85,,8.4,,,,140,,17.8,,8.35484,<,0.0002,,,,,,,,,,15,,4.1,,118,,140
1553580,A20,Aire at Allerton Bywater,20/05/1996 11:00,<,0.0004,,0.55,,85,,11.6,,2.345,,128,,17.8,,8.58065,<,0.0002,,0.191,,,,1.876,,,,15.6,,4.1,,120,,140
1553580,A20,Aire at Allerton Bywater,20/05/1996 11:15,,,,,,,,,,,,,,,,,,,,,,1449,,,,,,,,,,,,
1553580,A20,Aire at Allerton Bywater,20/05/1996 12:00,<,0.0004,,0.55,,90,,8.3,,,,156,,18.4,,7.90323,<,0.0002,,,,,,,,,,15.6,,4.1,,126,,150
1553580,A20,Aire at Allerton Bywater,20/05/1996 13:00,<,0.0004,,0.6,,80,,8.9,,,,138,,18.2,,7.90323,,0.0074,,,,,,,,,,15.6,,4.1,,122,,140
1553580,A20,Aire at Allerton Bywater,20/05/1996 14:00,<,0.0004,,0.5,,85,,8.7,,,,142,,18.2,,8.12903,<,0.0002,,,,,,,,,,15.4,,4.1,,124,,140
1553580,A20,Aire at Allerton Bywater,20/05/1996 15:00,<,0.0004,,0.15,,85,,8.4,,,,140,,18.4,,8.12903,<,0.0002,,,,,,,,,,15.6,,4.1,,124,,150
1553580,A20,Aire at Allerton Bywater,20/05/1996 16:00,<,0.0004,,0.5,,85,,8.6,,3.55,,140,,18.4,,7.90323,,0.0079,,0.309,,,,1.889,,,,14.8,,4.1,,122,,140
1553580,A20,Aire at Allerton Bywater,20/05/1996 17:00,<,0.0004,<,0.1,,80,,8.9,,,,136,,18.6,,8.12903,,0.008,,,,,,,,,,15,,4.2,,122,,140
1553580,A20,Aire at Allerton Bywater,20/05/1996 18:00,<,0.0004,,0.6,,80,,8.6,,,,140,,18.6,,8.12903,,0.01,,,,,,,,,,14.8,,3.6,,124,,150
1553580,A20,Aire at Allerton Bywater,20/05/1996 19:00,<,0.0004,<,0.1,,80,,8.8,,,,140,,18.6,,8.35484,,0.0087,,,,,,,,,,15,,4.2,,122,,150
1553580,A20,Aire at Allerton Bywater,20/05/1996 20:00,<,0.0004,<,0.1,,85,,8.8,,3.562,,140,,18.4,,8.12903,,0.007,,0.309,,,,1.77,,,,14.8,,4.3,,120,,140
1553580,A20,Aire at Allerton Bywater,20/05/1996 22:00,<,0.0004,<,0.1,,80,,9,,,,140,,18.6,,7.90323,,0.007,,,,,,,,,,15,,4.3,,122,,140
1553580,A20,Aire at Allerton Bywater,21/05/1996 01:00,<,0.0004,,0.55,,80,,8.6,,,,138,,18.8,,7.22581,,0.0067,,,,,,,,,,14.6,,4.1,,120,,140
1553580,A20,Aire at Allerton Bywater,21/05/1996 02:00,<,0.0004,,0.5,,80,,8.5,,2.32,,140,,19,,7,<,0.0002,,0.221,,,,1.477,,,,14.8,,4,,116,,140
1553580,A20,Aire at Allerton Bywater,21/05/1996 03:00,<,0.0004,<,0.1,,75,,8.4,,,,140,,17.6,,7.22581,,0.01,,,,,,,,,,14,,4,,108,,140
1553580,A20,Aire at Allerton Bywater,21/05/1996 05:00,<,0.0004,<,0.1,,80,,8.2,,,,138,,17.4,,7,,0.0075,,,,,,,,,,14,,3.9,,108,,140
1553580,A20,Aire at Allerton Bywater,21/05/1996 07:00,<,0.0004,<,0.1,,75,,8.1,,5.553,,140,,17,,7.22581,,0.0068,,0.448,,,,2.295,,,,13.8,,4,,106,,130
1553580,A20,Aire at Allerton Bywater,21/05/1996 08:00,<,0.0004,<,0.1,,75,,8.1,,,,142,,17.8,,7.90323,,0.0063,,,,,,,,,,14.2,,4,,112,,140
1553580,A20,Aire at Allerton Bywater,21/05/1996 10:30,,,,,,,,9.4,,,,,,,,,,,,,,,,,,,,,,3.8,,,,
1553580,A20,Aire at Allerton Bywater,21/05/1996 11:40,,1.358,,0.45,,80,,15.07,,2.882,,150,,17.4,,7.90323,,0.266,,0.363,,1269,,1.69,,1.457,,15,,3.94,,120,,160
1553580,A20,Aire at Allerton Bywater,22/05/1996 10:55,,,,,,,,,,,,,,,,,,,,,,1490,,,,,,,,,,,,
1553580,A20,Aire at Allerton Bywater,23/05/1996 11:25,,,,,,,,,,,,,,,,,,,,,,1295,,,,,,,,,,,,
1553580,A20,Aire at Allerton Bywater,24/05/1996 03:00,<,0.0004,,0.25,,70,,8.1,n,0,,140,,16.6,,7,<,0.0002,n,0,,,,1.696,,,,12.2,,3.6,,108,,130
1553580,A20,Aire at Allerton Bywater,24/05/1996 05:00,<,0.0004,,0.2,,70,,8.1,,,,148,,16.8,,7.90323,<,0.0002,,,,,,,,,,13.2,,4.2,,116,,140
1553580,A20,Aire at Allerton Bywater,24/05/1996 07:00,<,0.0004,,0.35,,70,,8.6,,,,154,,17,,8.58065,<,0.0002,,,,,,,,,,13.6,,4.4,,122,,150
1553580,A20,Aire at Allerton Bywater,24/05/1996 11:00,<,0.0004,,0.55,,75,,8.9,,,,148,,16.6,,10.6129,<,0.0002,,,,,,,,,,13.4,,4.8,,120,,150
1553580,A20,Aire at Allerton Bywater,24/05/1996 11:15,,,,,,,,,,,,,,,,,,,,,,1631,,,,,,,,,,,,
1553580,A20,Aire at Allerton Bywater,29/05/1996 10:05,,,,,,,,8,,,,,,,,,,,,,,,,,,,,,,4.8,,,,
1553580,A20,Aire at Allerton Bywater,29/05/1996 11:35,,2.071,,0.5,,80,,8.52,,3.132,,110,,16.8,,8.12903,,0.263,,0.342,,1723,,1.916,,1.663,,13.8,,5.1,,94,,120
1553580,A20,Aire at Allerton Bywater,04/06/1996 12:00,,1.865,,0.4,,75,,9.48,,,,100,,13.4,,8.80645,,0.322,,,,1838,,2.215,,1.943,,10.8,,5.91,,90,,110
1553580,A20,Aire at Allerton Bywater,05/06/1996 11:40,,,,,,,,7.9,,,,,,,,,,,,,,,,,,,,,,4.2,,,,
1553580,A20,Aire at Allerton Bywater,07/06/1996 23:40,<,0.0004,,0.3,,85,,9.6,,,,116,,13,,7.90323,<,0.0002,,,,,,,,,,12.2,,5.5,,100,,140
1553580,A20,Aire at Allerton Bywater,08/06/1996 01:40,<,0.0004,,0.35,,85,,8.9,,,,118,,13,,8.35484,,0.006,,,,,,,,,,12.6,,5.5,,98,,140
1553580,A20,Aire at Allerton Bywater,08/06/1996 03:40,<,0.0004,,0.55,,85,,9.7,,,,120,,13,,7.67742,<,0.0002,,,,,,,,,,13.2,,6.5,,104,,150
1553580,A20,Aire at Allerton Bywater,08/06/1996 05:40,<,0.0004,,0.25,,75,,8.5,,,,100,,12.4,,6.32258,<,0.0002,,,,,,,,,,12.2,,6.2,,84,,130
1553580,A20,Aire at Allerton Bywater,08/06/1996 07:40,<,0.0004,,0.2,,65,,7.5,,,,84,,10,,4.51613,<,0.0002,,,,,,,,,,10.4,,5.1,,70,,93
1553580,A20,Aire at Allerton Bywater,08/06/1996 09:40,<,0.0004,,0.15,,55,,6.4,,,,74,,9.2,,4.06452,<,0.0002,,,,,,,,,,9,,4.6,,62,,78
1553580,A20,Aire at Allerton Bywater,11/06/1996 11:39,,1.352,,0.4,,70,,11.28,,5.564,,110,,12.6,,6.43548,,0.337,,0.842,,1333,,1.863,,1.57,,11.8,,5.9,,96,,120
1553580,A20,Aire at Allerton Bywater,12/06/1996 09:55,,,,,,,,7.9,,,,,,,,,,,,,,,,,,,,,,6.9,,,,
1553580,A20,Aire at Allerton Bywater,18/06/1996 12:05,,1.499,,0.5,,80,,11.504,,2.61,,150,,16.2,,6.66129,,0.336,,0.321,,1901,,2.35,,2.12,,16,,6.12,,124,,150
1553580,A20,Aire at Allerton Bywater,20/06/1996 09:00,,,,,,,,9.6,,,,,,,,,,,,,,,,,,,,,,6.9,,,,
1553580,A20,Aire at Allerton Bywater,25/06/1996 11:42,,1.879,<,0.1,,90,,13.06,,1.75,,190,,19.2,,6.43548,,0.288,,0.214,,2247,,2.98,,2.57,,18,,7.15,,146,,170
1553580,A20,Aire at Allerton Bywater,28/06/1996 13:05,,,,,,,,10.1,n,0,,158,,,,10.1613,,,n,0,,,,2.428,,,,,,7.7,,,,
1553580,A20,Aire at Allerton Bywater,28/06/1996 15:05,,,,,,,,8.8,,,,168,,,,10.3871,,,,,,,,,,,,,,7.7,,,,
1553580,A20,Aire at Allerton Bywater,28/06/1996 17:05,,,,,,,,8.6,n,0,,174,,,,9.93548,,,n,0,,,,2.462,,,,,,8,,,,
1553580,A20,Aire at Allerton Bywater,28/06/1996 19:05,,,,,,,,8.9,,,,184,,,,10.1613,,,,,,,,,,,,,,8.1,,,,
1553580,A20,Aire at Allerton Bywater,28/06/1996 21:05,,,,,,,,8.8,n,0,,168,,,,8.35484,,,n,0,,,,2.382,,,,,,7.4,,,,
1553580,A20,Aire at Allerton Bywater,01/07/1996 15:55,,,,,,,,7.1,n,0,,168,,,,10.1613,,,n,0,,,,2.229,,,,,,7.3,,,,
1553580,A20,Aire at Allerton Bywater,01/07/1996 17:55,,,,,,,,7.7,,,,152,,,,8.58065,,,,,,,,,,,,,,7.4,,,,
1553580,A20,Aire at Allerton Bywater,01/07/1996 19:55,,,,,,,,8,n,0,,148,,,,7.90323,,,n,0,,,,2.189,,,,,,7.6,,,,
1553580,A20,Aire at Allerton Bywater,01/07/1996 21:55,,,,,,,,8.3,,,,138,,,,7.45161,,,,,,,,,,,,,,7.7,,,,
1553580,A20,Aire at Allerton Bywater,02/07/1996 03:55,,,,,,,,8,n,0,,140,,,,7.90323,,,n,0,,,,2.302,,,,,,7.7,,,,
1553580,A20,Aire at Allerton Bywater,02/07/1996 11:55,,,,0.5,,60,,12.025,,2.813,,120,,15,,5.08065,,0.28676,,0.279,,1584,,2.1,,1.81,,14.8,,4.91,,100,,120
1553580,A20,Aire at Allerton Bywater,03/07/1996 09:10,,,,,,,,9,,,,,,,,,,,,,,,,,,,,,,7.7,,,,
1553580,A20,Aire at Allerton Bywater,09/07/1996 12:10,,0.878,,0.45,,60,,10.526,,4.252,,110,,13.6,,6.09677,,0.2928,,0.434,,1527,,2.2,,1.76,,13.2,,7.28,,90,,110
1553580,A20,Aire at Allerton Bywater,11/07/1996 09:00,,,,,,,,8.7,,,,,,,,,,,,,,,,,,,,,,7.3,,,,
1553580,A20,Aire at Allerton Bywater,16/07/1996 09:20,,,,,,,,10.7,,,,,,,,,,,,,,,,,,,,,,8.7,,,,
1553580,A20,Aire at Allerton Bywater,16/07/1996 12:25,,1.865,,0.5,,65,,12.366,,2.492,,150,,18.6,,7.79032,,0.46275,,0.335,,2038,,2.51,,2.22,,17.2,,8.03,,122,,150
1553580,A20,Aire at Allerton Bywater,23/07/1996 11:30,,,,,,,,11.2,,,,,,,,,,,,,,,,,,,,,,8.9,,,,
1553580,A20,Aire at Allerton Bywater,23/07/1996 11:55,,1.855,,0.65,,75,,12.933,,3.199,,180,,19.4,,5.19355,,0.35395,,0.405,,2366,,2.96,,2.69,,18.2,,7.07,,144,,180
1553580,A20,Aire at Allerton Bywater,30/07/1996 12:07,,1.553,,0.55,,60,,11.413,,3.233,,140,,16.8,,1.80645,,0.25465,,0.392,,1681,,2.19,,1.91,,18.8,,7.8,,122,,140
1553580,A20,Aire at Allerton Bywater,31/07/1996 14:14,,,,,,,,9.5,,,,,,,,,,,,,,,,,,,,,,8,,,,
1553580,A20,Aire at Allerton Bywater,06/08/1996 09:00,,,,,,,,10.6,,,,,,,,,,,,,,,,,,,,,,8.6,,,,
1553580,A20,Aire at Allerton Bywater,06/08/1996 12:15,,1.622,,0.65,,70,,13.528,,0.954,,150,,15.6,,10.1613,,0.37366,,0.118,,2886,,3.27,,3.11,,16.4,,8.15,,128,,170
1553580,A20,Aire at Allerton Bywater,13/08/1996 11:30,,0.625,,0.25,,45,,9.181,,1.5,,72,,9.2,,6.20968,,0.25129,,0.155,,1425,,1.66,,1.61,,9.4,,6.46,,60,,82
1553580,A20,Aire at Allerton Bywater,16/08/1996 11:15,,,,,,,,8.4,,,,,,,,,,,,,,,,,,,,,,7.2,,,,
1553580,A20,Aire at Allerton Bywater,20/08/1996 11:57,,0.695,,0.9,,70,,10.898,,2.331,,100,,11.6,,6.43548,,0.557,,0.406,,1934,,2.42,,2.23,,12.4,,6.53,,88,,120
1553580,A20,Aire at Allerton Bywater,27/08/1996 11:00,,,,,,,,7.2,,,,,,,,,,,,,,,,,,,,,,5.8,,,,
1553580,A20,Aire at Allerton Bywater,27/08/1996 11:30,,1.697,,0.2,,55,,8.713,,4.672,,46,,5.8,,4.29032,,0.125,,0.482,,402,,0.73,,0.39,,6.4,,6.26,,36,,58
1553580,A20,Aire at Allerton Bywater,03/09/1996 12:35,,0,,0.25,,80,,11.546,,2.473,,130,,11.8,,6.8871,,0.254,,0.241,,1157,,1.44,,1.3,,11.4,,8.47,,108,,130
1553580,A20,Aire at Allerton Bywater,05/09/1996 09:45,,,,,,,,9.2,,,,,,,,,,,,,,,,,,,,,,7.9,,,,
1553580,A20,Aire at Allerton Bywater,11/09/1996 10:57,,1.218,,0.3,,80,,10.78,,3.267,,150,,13.4,,8.01613,,0.284,,0.381,,1437,,1.943,,1.59,,15.8,,8.97,,122,,140
1553580,A20,Aire at Allerton Bywater,17/09/1996 12:10,,1.075,,0.15,,75,,16.18,,2.639,,160,,15.8,,7.1129,,0.3,,0.327,,1777,,2.222,,1.976,,16.8,,8.97,,132,,150
1553580,A20,Aire at Allerton Bywater,18/09/1996 09:25,,,,,,,,11.3,,,,,,,,,,,,,,,,,,,,,,8.9,,,,
1553580,A20,Aire at Allerton Bywater,24/09/1996 11:32,,1.93,,0.4,,80,,11.98,,2.113,,180,,15.8,,8.58065,,0.418,,0.274,,1558,,1.916,,1.85,,18.2,,8.07,,154,,170
1553580,A20,Aire at Allerton Bywater,29/09/1996 13:55,,,,,,,,10,,,,166,,,,11.0645,,,,,,,,,,,,,,7.8,,,,
1553580,A20,Aire at Allerton Bywater,29/09/1996 15:55,,,,,,,,11.1,,,,176,,,,11.7419,,,,,,,,,,,,,,8.6,,,,
1553580,A20,Aire at Allerton Bywater,29/09/1996 21:55,,,,,,,,10.8,,,,158,,,,9.70968,,,,,,,,,,,,,,8,,,,
1553580,A20,Aire at Allerton Bywater,30/09/1996 02:55,,,,,,,,8.7,,,,130,,,,7,,,,,,,,,,,,,,7,,,,
1553580,A20,Aire at Allerton Bywater,30/09/1996 08:55,,,,,,,,8.2,,,,122,,,,7,,,,,,,,,,,,,,7.2,,,,
1553580,A20,Aire at Allerton Bywater,01/10/1996 08:00,,,,,,,,9.4,,,,,,,,,,,,,,,,,,,,,,7.3,,,,
1553580,A20,Aire at Allerton Bywater,01/10/1996 11:35,,0.477,<,0.1,,65,,8,,1.852,,85,,9.4,,5.98387,,0.229,,0.237,,1095,,1.317,,1.198,,10.6,,5.6,,64,,79
1553580,A20,Aire at Allerton Bywater,08/10/1996 11:35,,0.465,,0.25,,70,,12.19,,2.289,,100,,10.6,,7.45161,,0.248,,0.24,,1482,,1.796,,1.59,,11,,7.58,,80,,110
1553580,A20,Aire at Allerton Bywater,14/10/1996 13:06,,,,,,,,9.4,,,,,,,,,,,,,,,,,,,,,,8.8,,,,
1553580,A20,Aire at Allerton Bywater,15/10/1996 11:35,,0.803,,0.6,,90,,13,,1.747,,140,,13.8,,8.12903,,,,0.251,,1498,,2.176,,2.016,,14.8,,8.24,,110,,140
1553580,A20,Aire at Allerton Bywater,20/10/1996 10:42,,0.747,,0.25,,70,,12.2,,1.718,,130,,12.8,,6.66129,,,,0.21,,484,,1.73,,1.55,,14.2,,7.38,,108,,130
1553580,A20,Aire at Allerton Bywater,24/10/1996 10:45,,,,,,,,9.4,,,,,,,,,,,,,,,,,,,,,,7.1,,,,
1553580,A20,Aire at Allerton Bywater,28/10/1996 10:35,,,,,,,,6.9,,,,,,,,,,,,,,,,,,,,,,6.5,,,,
1553580,A20,Aire at Allerton Bywater,29/10/1996 12:25,,0.7,,0.25,,70,,8.526,,1.994,,65,,7.8,,6.09677,,0.136,,0.198,,750,,1.018,,0.825,,7,,6.13,,52,,72
1553580,A20,Aire at Allerton Bywater,05/11/1996 07:30,,,,,,,,8.2,,,,,,,,,,,,,,,,,,,,,,7.2,,,,
1553580,A20,Aire at Allerton Bywater,05/11/1996 13:05,,0.431,,0.25,,55,,8.351,,8.901,,52,,6.4,,5.19355,,0.091,,0.829,,245,,1.324,,0.526,,6.1,,6.76,,37,,52
1553580,A20,Aire at Allerton Bywater,09/11/1996 16:15,,,,,,,,7.6,,,,68,,,,5.87097,,,,,,,,,,,,,,6.9,,,,
1553580,A20,Aire at Allerton Bywater,12/11/1996 12:30,,0.494,,0.5,,63,,8.165,,2.585,,108,,8.4,,7,,0.142,,0.164,,389,,0.985,,0.798,,6.9,,7.37,,73,,75
1553580,A20,Aire at Allerton Bywater,19/11/1996 13:00,,0.707,,0.1,,60,,8.093,,2.044,,70,,8.3,,6.32258,,0.125,,0.192,,622,,0.905,,0.745,,7.4,,7.03,,55,,68
1553580,A20,Aire at Allerton Bywater,20/11/1996 00:30,,,,,,,,7.6,,,,102,,,,7.90323,,,,,,,,,,,,,,7.3,,,,
1553580,A20,Aire at Allerton Bywater,20/11/1996 02:30,,,,,,,,7.8,,,,150,,,,6.77419,,,,,,,,,,,,,,7.1,,,,
1553580,A20,Aire at Allerton Bywater,20/11/1996 04:30,,,,,,,,6.7,,,,159,,,,5.19355,,,,,,,,,,,,,,6.3,,,,
1553580,A20,Aire at Allerton Bywater,20/11/1996 06:30,,,,,,,,6.2,,,,135,,,,4.06452,,,,,,,,,,,,,,5.9,,,,
1553580,A20,Aire at Allerton Bywater,20/11/1996 08:30,,,,,,,,5.8,,,,120,,,,4.74194,,,,,,,,,,,,,,6,,,,
1553580,A20,Aire at Allerton Bywater,20/11/1996 10:30,,,,,,,,5.1,,,,116,,,,6.09677,,,,,,,,,,,,,,6.3,,,,
1553580,A20,Aire at Allerton Bywater,20/11/1996 16:30,,,,,,,,5.5,,,,186,,,,4.06452,,,,,,,,,,,,,,6.3,,,,
1553580,A20,Aire at Allerton Bywater,20/11/1996 22:30,,,,,,,,5,,,,180,,,,6.54839,,,,,,,,,,,,,,6.5,,,,
1553580,A20,Aire at Allerton Bywater,26/11/1996 08:10,,0.46,,0.1,,54,,8.176,,6.497,,102,,6.7,,4.06452,,0.069,,0.609,,276,,0.679,,0.373,,6,,5.97,,65,,32
1553580,A20,Aire at Allerton Bywater,03/12/1996 09:00,<,0.00004,,0.15,,61,,6,,,,92,,8,,0.316129,,,,,,,,,,,,5.9,,6.6,,58,,74
1553580,A20,Aire at Allerton Bywater,03/12/1996 12:55,,1.365,,0.1,,55,,8.328,,7.468,,114,,7.8,,5.41935,,0.098,,0.649,,1667,,2.861,,1.803,,6,,6.49,,75,,66
1553580,A20,Aire at Allerton Bywater,03/12/1996 15:00,<,0.00004,,0.1,,46,,5.3,,,,102,,6.4,<,0.112903,,,,,,,,,,,,5,,5.5,,63,,59
1553580,A20,Aire at Allerton Bywater,03/12/1996 21:00,<,0.00004,,0.1,,48,,5.2,,,,111,,7,,1.71613,,,,,,,,,,,,5.7,,5.9,,65,,59
1553580,A20,Aire at Allerton Bywater,04/12/1996 05:00,<,0.00004,,0.1,,51,,5.6,,,,88,,6.4,,2.30323,,,,,,,,,,,,5.2,,6.2,,52,,52
1553580,A20,Aire at Allerton Bywater,10/12/1996 13:15,,1.742,,0.15,,69,,7.716,,2,,90,,10.4,,6.54839,,0.166,,0.216,,597,,1.005,,0.798,,7.4,,8.1,,65,,88
1553580,A20,Aire at Allerton Bywater,16/12/1996 13:35,,1.183,,0.15,,70,,8.555,,0.678,,123,,11.5,,5.41935,,0.19,,0.073,,779,,1.038,,0.925,,9.8,,8.8,,85,,108
1553580,A20,Aire at Allerton Bywater,19/12/1996 02:45,,0.0005,,0.2,,69,,6.7,,,,144,,11.6,,6.54839,,,,,,,,,,,,9.8,,8.5,,101,,102
1553580,A20,Aire at Allerton Bywater,19/12/1996 05:45,,0.001,,0.15,,56,,5.5,,,,117,,9.1,,4.10968,,,,,,,,,,,,8.1,,6.4,,83,,81
1553580,A20,Aire at Allerton Bywater,19/12/1996 08:45,,0.0001,,0.1,,55,,5.4,,,,102,,9.2,,4.74194,,,,,,,,,,,,8,,6.6,,70,,72
1553580,A20,Aire at Allerton Bywater,19/12/1996 11:45,,0.00016,,0.1,,52,,5.1,,,,96,,8.6,,3.6129,,,,,,,,,,,,8,,6.6,,66,,68
1553580,A20,Aire at Allerton Bywater,19/12/1996 14:45,,0.00024,,0.1,,48,,5.1,,,,72,,7.2,,3.65806,,,,,,,,,,,,6.5,,6,,49,,54
1553580,A20,Aire at Allerton Bywater,19/12/1996 17:45,,0.00046,,0.05,,44.5,,5.3,,,,58,,6.2,,1.49032,,,,,,,,,,,,5.5,,5.6,,39,,49
1553580,A20,Aire at Allerton Bywater,20/12/1996 03:45,,0.00006,,0.05,,43,,5.8,,,,58,,6.3,,4.33548,,,,,,,,,,,,5.3,,5.6,,38,,48
1553580,A20,Aire at Allerton Bywater,20/12/1996 13:45,,0.00028,,0.05,,46.3,,5.7,,,,56,,6.6,,3.92903,,,,,,,,,,,,5.2,,5.8,,34,,50
1553580,A20,Aire at Allerton Bywater,21/12/1996 04:45,,0.00008,,0.1,,53,,6.3,,,,56,,7.8,,6.09677,,,,,,,,,,,,5.4,,6,,34,,56
1553580,A20,Aire at Allerton Bywater,21/12/1996 19:45,,0.0002,,0.1,,60,,6,,,,64,,9.2,,6.54839,,,,,,,,,,,,5.3,,6.4,,38,,66
1553580,A20,Aire at Allerton Bywater,22/12/1996 15:45,,0.0004,,0.1,,64,,5.8,,,,72,,10.5,,6.77419,,,,,,,,,,,,5.9,,6.9,,44,,76
1553580,A20,Aire at Allerton Bywater,04/02/1997 18:45,,,,,,65,,,,,,,,13.4,,,,,,,,,,,,,,26,,,,105,,
1553580,A20,Aire at Allerton Bywater,04/02/1997 21:45,<,0.00004,,0.25,,63,,26,,,,175,,12.4,<,0.112903,,,,,,,,,,,,15.3,,7.7,,119,,98
1553580,A20,Aire at Allerton Bywater,05/02/1997 00:45,<,0.00004,,0.2,,57,,78,,,,200,,12.2,<,0.112903,,,,,,,,,,,,12,,7.9,,118,,90
1553580,A20,Aire at Allerton Bywater,05/02/1997 03:45,<,0.00004,,0.15,,58,,27,,,,144,,9.3,<,0.112903,,,,,,,,,,,,8.9,,5.6,,95,,63
1553580,A20,Aire at Allerton Bywater,12/02/1997 15:30,<,0.00004,,0.15,,58,,5.3,,,,86,,7.7,,0.677419,,,,,,,,,,,,6.6,,5.9,,62,,54
1553580,A20,Aire at Allerton Bywater,12/02/1997 18:30,,0.00004,,0.2,,58,,5.8,,,,108,,8.2,,2.25806,,,,,,,,,,,,7.2,,6.2,,72,,66
1553580,A20,Aire at Allerton Bywater,12/02/1997 21:30,,0.00012,,0.15,,54,,5.4,,,,88,,6.8,,1.17419,,,,,,,,,,,,6.4,,6.1,,59,,54
1553580,A20,Aire at Allerton Bywater,13/02/1997 00:30,<,0.00004,,0.1,,51,,5.4,,,,72,,5.8,,1.21935,,,,,,,,,,,,5.5,,5.9,,48,,49
1553580,A20,Aire at Allerton Bywater,13/02/1997 06:30,<,0.00004,,0.1,,48,,5.9,,,,62,,5.5,,1.4,,,,,,,,,,,,5.1,,5.3,,38,,40
1553580,A20,Aire at Allerton Bywater,13/02/1997 16:30,<,0.00004,,0.1,,46,,6,,,,56,,5.2,,1.30968,,,,,,,,,,,,4.7,,5.1,,35,,39
1553580,A20,Aire at Allerton Bywater,14/02/1997 00:00,,,,,,,,5.4,,,,117,,,,7.45161,,,,,,,,,,,,,,6.6,,,,
1553580,A20,Aire at Allerton Bywater,14/02/1997 02:30,<,0.00004,,0.1,,53,,5.4,,,,64,,5.8,,2.39355,,,,,,,,,,,,4.9,,5.5,,39,,46
1553580,A20,Aire at Allerton Bywater,18/02/1997 00:00,,0.00006,,0.1,,59,,,,,,117,,9.2,,0.541936,,,,,,,,,,,,7.7,,,,75,,66
1553580,A20,Aire at Allerton Bywater,18/02/1997 03:00,<,0.00004,,0.15,,57,,5.3,,,,102,,8.1,,3.74839,,,,,,,,,,,,6.9,,6.5,,67,,63
1553580,A20,Aire at Allerton Bywater,18/02/1997 06:00,<,0.00004,,0.15,,55,,4.9,,,,88,,7.4,,0.767742,,,,,,,,,,,,6.6,,6.1,,58,,54
1553580,A20,Aire at Allerton Bywater,18/02/1997 12:00,<,0.00004,,0.1,,48,,5.3,,,,60,,5.5,,1.67097,,,,,,,,,,,,5.3,,5.5,,39,,42
1553580,A20,Aire at Allerton Bywater,18/02/1997 20:00,,0.00006,,0.1,,43,,5.8,,,,54,,5.2,<,0.112903,,,,,,,,,,,,4.4,,4.9,,34,,36
1553580,A20,Aire at Allerton Bywater,19/02/1997 06:00,,0.00012,,0.1,,48,,5.4,,,,54,,5.4,,1.67097,,,,,,,,,,,,4.4,,5.3,,35,,41
1553580,A20,Aire at Allerton Bywater,19/02/1997 11:00,,0.00006,,0.1,,53,,5.3,,,,62,,5.7,,0.270968,,,,,,,,,,,,4.6,,5.4,,39,,48
1553580,A20,Aire at Allerton Bywater,19/02/1997 16:00,<,0.00004,,0.1,,50,,5.2,,,,62,,5.5,,2.66452,,,,,,,,,,,,4.8,,5.4,,39,,44
